y_true,oof_catboost,oof_fttransformer
1,0.9044337899400098,0.9967041611671448
0,0.059283364500913635,0.002028882270678878
0,0.02469430188224824,0.00229373830370605
1,0.08599656593029306,0.15911328792572021
0,0.04644548741740241,0.027457304298877716
0,0.013605708499884635,0.0024426954332739115
0,0.038673809636601345,0.011448725126683712
0,0.00634164460510604,0.0022188585717231035
0,0.01024015322804729,0.0015342525439336896
0,0.15011698129955653,0.33561161160469055
1,0.8133056656750196,0.9879606366157532
0,0.382794868052839,0.9735158681869507
0,0.02385633463258964,0.014903584495186806
1,0.9505153168602699,0.9971103072166443
0,0.21808002709004565,0.40659189224243164
1,0.9185378477969707,0.9933571219444275
1,0.9864016280418803,0.995242714881897
0,0.03031957533959476,0.009767199866473675
0,0.05335202163518761,0.009957574307918549
0,0.024157135068539424,0.002790283178910613
0,0.13302747917829674,0.0025410675443708897
0,0.020465771069051886,0.006453157402575016
1,0.940488301212846,0.9962748289108276
0,0.06663151196665859,0.03675258159637451
0,0.1343803201057275,0.02547813206911087
1,0.9454044797434314,0.9936656355857849
1,0.8274221162663612,0.9966525435447693
0,0.05056052275471806,0.008077824488282204
0,0.05198954798922322,0.002101532183587551
0,0.05379315358009361,0.002186574973165989
0,0.21490459240247994,0.3740887939929962
0,0.16271404833324246,0.4951755106449127
0,0.015979420023021912,0.004016077611595392
0,0.00919529674607176,0.00530471233651042
0,0.00816312372884396,0.005073736421763897
0,0.01974106745389888,0.008322449401021004
0,0.12822213489267653,0.29230690002441406
0,0.16103536406598712,0.22636273503303528
0,0.01177771850362763,0.0017243613256141543
0,0.12520264205662532,0.11476840078830719
0,0.1156184253580048,0.3469635248184204
0,0.005174333558191143,0.00522252032533288
0,0.019105513623913568,0.017501020804047585
1,0.9231052587254309,0.9946402907371521
0,0.04581366952592623,0.012340580113232136
0,0.02094098501074276,0.004655768163502216
1,0.8997513809270268,0.9925060868263245
0,0.041070160078091736,0.0058226194232702255
0,0.8557524242523988,0.9948490262031555
0,0.03028992749120198,0.005298953503370285
1,0.9289711393065818,0.9957394599914551
1,0.9437816185722263,0.9973553419113159
1,0.7115965198950187,0.9805338382720947
1,0.9278676089808202,0.9964979887008667
0,0.29940859575153655,0.5444473028182983
0,0.030838664937874436,0.003675114829093218
1,0.959508875268028,0.9972773194313049
0,0.13654131506799677,0.6886177062988281
0,0.011769572035967775,0.004393147770315409
0,0.02253742021555457,0.01152312383055687
1,0.8417754541034352,0.9968515038490295
0,0.009551630739244818,0.005240243393927813
1,0.9825532052965448,0.9948440790176392
0,0.27240313158793733,0.013904391787946224
1,0.8474538980732131,0.9766384959220886
1,0.9637480161172401,0.9920252561569214
0,0.03929713951320524,0.011187253519892693
0,0.007625808413846418,0.001578481518663466
0,0.08232725235643902,0.7710157036781311
0,0.01941365698772531,0.03546495735645294
0,0.10121777515868108,0.4509231448173523
1,0.29703286964828995,0.11797326803207397
1,0.9017190722877549,0.995380163192749
0,0.055092849122509384,0.012624735943973064
0,0.0554374355542963,0.015456607565283775
1,0.8445106933599867,0.24840649962425232
0,0.46258400335258854,0.8392004370689392
0,0.09639545041372861,0.35008594393730164
0,0.06943166445113445,0.028959112241864204
1,0.7159212347845245,0.9951218962669373
1,0.9214594189535077,0.9919236302375793
0,0.009919688501631404,0.02083842270076275
0,0.04151929047568335,0.0023400934878736734
0,0.06847530521333897,0.01542833261191845
0,0.0360378757830168,0.0020752607379108667
0,0.04360599609127503,0.6123127937316895
0,0.40578379165510725,0.004952669609338045
1,0.9537884261432764,0.9971895813941956
0,0.031370726410482115,0.009968363679945469
0,0.05298456283182442,0.08372265845537186
0,0.3210131133596115,0.046089768409729004
1,0.968390988540412,0.9935030341148376
0,0.14780232530804985,0.01902095414698124
0,0.014262771703661394,0.005901029333472252
0,0.2429872561101969,0.05945287272334099
1,0.9785518794799307,0.9954785704612732
0,0.013421345016147203,0.004453915636986494
0,0.028407399822716197,0.007578298915177584
0,0.09219982715493284,0.0016943265218287706
0,0.01731106013362395,0.01646917313337326
0,0.07523914769672371,0.057394322007894516
1,0.6834806534164252,0.9678163528442383
0,0.059598865265710906,0.4578110873699188
0,0.400181509161538,0.026474792510271072
0,0.1744705411912503,0.8152556419372559
0,0.06306321384244343,0.003988694399595261
1,0.9879040180719149,0.9953582882881165
0,0.018275692464786438,0.007116740569472313
1,0.9389189193070213,0.7855029702186584
0,0.019806997866196274,0.005190165713429451
0,0.046170303209953606,0.003119272878393531
0,0.3423746410409484,0.9622020125389099
0,0.039259301928833736,0.007163798902183771
0,0.01772975603353885,0.01935385726392269
0,0.015999734331282153,0.0028729953337460756
0,0.03487288718580534,0.016394995152950287
0,0.02959009615347917,0.008328930474817753
0,0.04993363576271999,0.02189025469124317
0,0.015031480972366455,0.0019517543260008097
0,0.3788665945207526,0.975760817527771
0,0.22521341364522954,0.01398476306349039
0,0.015815570764896283,0.006341492757201195
0,0.027131966796422286,0.0021205765660852194
0,0.1284083405295853,0.4663855731487274
1,0.9531506181579119,0.8393332362174988
0,0.06333127000356954,0.009175781160593033
0,0.07749195398402738,0.004216948989778757
0,0.035408141819203105,0.022328313440084457
1,0.9498743636339206,0.9970002770423889
0,0.04248483719074346,0.0023548163007944822
1,0.9521718047166606,0.9964219331741333
1,0.9654164059879657,0.9974328875541687
0,0.01537590032547369,0.005058507435023785
1,0.8579425828044948,0.9876946210861206
0,0.012980942324935033,0.006396804936230183
1,0.8687650539295583,0.9867029190063477
0,0.060033718668521294,0.01598218083381653
0,0.31492085894502353,0.5621991753578186
1,0.8918525140986917,0.9914549589157104
0,0.01852795789126873,0.06207961589097977
0,0.039495583962604004,0.002016715006902814
0,0.031603389836119884,0.02331283688545227
0,0.11039609349432848,0.5129685997962952
1,0.9181413914295936,0.9923031330108643
1,0.9419818634314426,0.9965614676475525
0,0.0312622133845452,0.05113574117422104
0,0.008891548394113123,0.005284250248223543
1,0.9801502074582894,0.9942333102226257
0,0.052331577216753904,0.03470020368695259
0,0.04998546348542468,0.05233796313405037
0,0.0596106741130594,0.0034951581619679928
1,0.9669995642532014,0.9942904710769653
0,0.04052227667285776,0.08265047520399094
1,0.821562981154377,0.9972360730171204
0,0.006709192663386529,0.005330197047442198
0,0.15595132597134856,0.2390163540840149
0,0.06416041340071282,0.015326045453548431
0,0.03419283547888105,0.021915247663855553
0,0.030158440056871415,0.012471216730773449
0,0.4020519633898988,0.8978472352027893
1,0.9617975760362198,0.9667515754699707
1,0.9388433701774632,0.9911907911300659
0,0.006650327162654752,0.0062880488112568855
0,0.04050969007529021,0.4355623126029968
0,0.03066989834756919,0.005237223580479622
0,0.03934940242283701,0.022462287917733192
0,0.04338307138536493,0.020680779591202736
0,0.050179929660888696,0.0023386445827782154
0,0.024160831612473024,0.006703199353069067
0,0.02082156682094266,0.004488853272050619
0,0.2731609890478968,0.04019417613744736
0,0.045720913896418365,0.002068002475425601
0,0.04986597707281822,0.22659429907798767
1,0.4703081772586071,0.9175052046775818
0,0.24294218586252,0.0026804872322827578
0,0.09539950370331607,0.898831844329834
0,0.2643906195603781,0.30319666862487793
0,0.029967670196958396,0.01801646314561367
1,0.9174363378345581,0.9862814545631409
0,0.29711980206725963,0.06215345486998558
0,0.04123022302767759,0.007326359394937754
0,0.012856775341391326,0.004871174227446318
0,0.02756688163462436,0.09640190005302429
0,0.10181233132385492,0.09944312274456024
0,0.04159277357368909,0.005223776679486036
0,0.056411861592978584,0.002121889730915427
0,0.040845742279699664,0.0035507252905517817
1,0.9944295521006689,0.9977567791938782
0,0.09114030580015102,0.22984296083450317
0,0.0438180542428736,0.01990368589758873
0,0.07775352117090563,0.021463634446263313
0,0.02138191045182441,0.006006348412483931
0,0.08362488713123489,0.01942048780620098
0,0.04458969083892316,0.0024146055802702904
1,0.8647276270798087,0.994806706905365
0,0.027059331442890903,0.0049688322469592094
1,0.825441333333683,0.9960193037986755
0,0.014487671434256366,0.001783868414349854
1,0.8995315243123233,0.9871883988380432
0,0.17041091570518932,0.00959111750125885
0,0.04095240813152738,0.004946973640471697
1,0.7591966345881809,0.9926924705505371
0,0.015067222981522004,0.004898755345493555
0,0.03832727768367295,0.00723335612565279
0,0.2770474938282713,0.015048077329993248
0,0.022362775541452905,0.01156359352171421
1,0.9939553480161447,0.9973267316818237
0,0.016286110579789348,0.0017520914552733302
0,0.05566204245880407,0.002286131028085947
0,0.03252194322772942,0.0019328449852764606
0,0.05678386103767006,0.018388763070106506
1,0.834074692867239,0.9738407731056213
1,0.9559988336812638,0.9966598749160767
0,0.0170377893660324,0.0014779281336814165
0,0.01671392865105509,0.003643561154603958
1,0.9811012791606418,0.9939753413200378
1,0.9598334359230112,0.942848801612854
1,0.1461899531659813,0.11721902340650558
1,0.9928923479106542,0.993731677532196
0,0.032233327124761235,0.040705230087041855
0,0.05906349979847282,0.009470094926655293
1,0.9905128687129362,0.9950467348098755
0,0.258687298286766,0.6423990726470947
0,0.026704819925057542,0.011983366683125496
1,0.24077153707417562,0.04986361041665077
0,0.01153203459104321,0.005072510801255703
0,0.0819359259533367,0.006047496572136879
0,0.07174496962975342,0.0054590958170592785
0,0.29523296943480976,0.13237839937210083
0,0.01934985871634349,0.10801410675048828
1,0.9455419946199725,0.9937794804573059
0,0.008747899206674434,0.0015819135587662458
0,0.1545348231327585,0.018902253359556198
0,0.15432169740806745,0.030435722321271896
0,0.0496669117500451,0.0020341945346444845
1,0.7523322064174857,0.9941249489784241
0,0.006096817152004396,0.002208661986514926
1,0.8360732249768864,0.9945935606956482
0,0.018115333456623646,0.00905713438987732
0,0.02137833670761385,0.009976065717637539
1,0.646730041483456,0.696091890335083
1,0.9368305323950097,0.9891613125801086
0,0.025035270949287494,0.0051713064312934875
0,0.05117926452930623,0.0018601755145937204
0,0.11869343121350236,0.807826817035675
0,0.03226599124882002,0.0022550527937710285
0,0.30432998650116133,0.09234952181577682
0,0.021671219552468642,0.017154553905129433
0,0.08373281583909173,0.0020237176213413477
0,0.017705929565190775,0.005775860510766506
0,0.808828300901723,0.9795336723327637
0,0.04006247666475879,0.002300684805959463
0,0.10985376125520903,0.005370460916310549
0,0.11207302930951392,0.04451952129602432
0,0.020868908274629755,0.006364963948726654
0,0.0087482752124736,0.005140291526913643
0,0.21490459240247994,0.3665369749069214
1,0.9211999129526446,0.9925776124000549
0,0.4395439352171977,0.002407231368124485
0,0.17099224150052933,0.19569918513298035
0,0.015034116594136053,0.0060354070737957954
1,0.9700410599715845,0.9967538714408875
1,0.8731113720798631,0.9934390187263489
0,0.007992506927755638,0.0019674599170684814
0,0.007796063563954117,0.005419507157057524
0,0.04519697292068801,0.008871367201209068
0,0.016291617556649114,0.00996684841811657
1,0.8276283430582677,0.9957143664360046
0,0.0596639566018108,0.18490652740001678
1,0.935054033568468,0.9956209063529968
0,0.21784614640701574,0.015561177395284176
0,0.03083583944272469,0.005140708293765783
0,0.33870564978011775,0.029465215280652046
0,0.02891412956486353,0.007456488441675901
0,0.010716944524032957,0.0049425819888710976
1,0.8816161767841464,0.9954655766487122
0,0.18227882275740132,0.022639747709035873
1,0.9585704636331206,0.993527352809906
0,0.008358658075761144,0.005189919378608465
0,0.20791530859059715,0.05569181591272354
1,0.8053041435235456,0.9639236330986023
0,0.021532062125459533,0.00531782628968358
0,0.033897557459425826,0.02072802372276783
0,0.032870491166148555,0.01821495033800602
0,0.039452426361397334,0.010572169907391071
0,0.49338164099820364,0.0021365717984735966
0,0.023002655354962407,0.022311313077807426
0,0.0752724400274632,0.07861466705799103
0,0.047515483230334665,0.014858008362352848
0,0.031204652189809785,0.013649322092533112
0,0.019203868273883495,0.024122141301631927
1,0.7017464975133736,0.7612841725349426
0,0.18421706673764232,0.03716806694865227
0,0.056848715220343765,0.015129358507692814
1,0.7683860190619383,0.9876213669776917
0,0.0315429706208268,0.00990463700145483
0,0.04175163394884571,0.0034698117524385452
0,0.04172256133985755,0.0033373795449733734
0,0.012271555064179481,0.0052138944156467915
0,0.06889146193054983,0.0042754244059324265
1,0.9602072468301022,0.993224561214447
0,0.017817890580947696,0.006741323042660952
0,0.01289272074883349,0.008183585479855537
0,0.021845700143214405,0.002396289724856615
0,0.04032808944964298,0.02122829109430313
0,0.017454971620296963,0.0051568723283708096
0,0.03425383702366762,0.002276177052408457
0,0.021784527825474784,0.005961577408015728
1,0.8628433407505632,0.8500623106956482
0,0.051962148801753684,0.013964465819299221
0,0.021691110062438266,0.0031166523694992065
0,0.0376049013312191,0.0069023603573441505
1,0.8962408538342266,0.9949252605438232
0,0.018485287069142722,0.0044394624419510365
0,0.020196706612014902,0.020275026559829712
0,0.04445307766055793,0.002172173699364066
0,0.1990783468618316,0.673801064491272
0,0.2161523269550223,0.005706036929041147
0,0.07877680189309252,0.024549633264541626
0,0.034571205877667086,0.002210726961493492
0,0.015616206260380417,0.007340056821703911
1,0.9150382667391717,0.987594485282898
0,0.18730288785914548,0.614753782749176
1,0.959561751177251,0.9953680038452148
0,0.007775735214424982,0.0020309793762862682
1,0.9595408427872765,0.9941476583480835
0,0.22173999271841496,0.02045484073460102
0,0.09273421486459457,0.012903437949717045
0,0.01759153907840025,0.0014901664108037949
0,0.033925946042659846,0.0028771180659532547
1,0.9261141544708085,0.9944697618484497
0,0.01315872835775323,0.006480144336819649
0,0.08474223457143934,0.02499259263277054
0,0.010095152788829956,0.004442926030606031
0,0.01902337581368561,0.018867073580622673
0,0.11322364074624383,0.007288459688425064
0,0.06601894150382519,0.07928937673568726
0,0.31926886711639635,0.7574555277824402
1,0.9686356163538639,0.9896107912063599
0,0.03820407603024854,0.10782566666603088
1,0.850661498401669,0.9967825412750244
0,0.04357990076360942,0.006132372654974461
0,0.010016067602083976,0.0020255993586033583
1,0.9202021243161027,0.9789203405380249
1,0.22620972941037623,0.016468537971377373
0,0.038339024558402345,0.08073935657739639
0,0.061450846516572344,0.01674688421189785
0,0.0361306165981616,0.00218667252920568
1,0.9775578697480511,0.9958114624023438
0,0.028560115965386438,0.002049505477771163
0,0.009906470132429802,0.008102252148091793
0,0.027323796597062047,0.005407002288848162
1,0.9652313166983189,0.9963130354881287
0,0.13091630463626555,0.30797719955444336
1,0.2429872561101969,0.06075386703014374
0,0.011363722600648966,0.007590827997773886
0,0.061153173247589385,0.002466847887262702
0,0.05611682109832709,0.011497311294078827
0,0.0199947189391164,0.012871136888861656
0,0.019269628116993433,0.015300698578357697
0,0.15100681186662582,0.08132162690162659
0,0.07306099545600901,0.004142081364989281
0,0.022497931160546304,0.002784790238365531
0,0.6989682206273979,0.9890871047973633
1,0.9920734821236125,0.9976170659065247
0,0.014100284261159167,0.005365463439375162
0,0.4862007761050988,0.7669697999954224
0,0.13319731436264895,0.2025996893644333
0,0.013728426813471275,0.004250290337949991
1,0.8935633998912581,0.9928479194641113
0,0.02768060304434441,0.002076864242553711
0,0.5759513230190211,0.9746783375740051
0,0.036808677288249214,0.0020340685732662678
0,0.08111446914703213,0.024039441719651222
0,0.033539194655487846,0.004971422255039215
0,0.5190014826208046,0.8888444304466248
0,0.2991524948062667,0.4200969338417053
0,0.05693103176381003,0.03776999190449715
0,0.02577073414061037,0.010932525619864464
0,0.01052576121471827,0.002779456088319421
0,0.01894548244547004,0.0019001368200406432
0,0.03432366171916931,0.017089370638132095
0,0.06605593910773426,0.031229840591549873
0,0.28460058410029043,0.03822195157408714
0,0.04500879795264151,0.009488482028245926
0,0.006932335334435156,0.00304080150090158
0,0.0321317471078146,0.002135584829375148
0,0.050598037355061416,0.0033559720031917095
0,0.029682129629287103,0.020559286698698997
0,0.020301815174659257,0.004394624847918749
0,0.27510052941543073,0.5570498704910278
1,0.8513292849973646,0.9361838698387146
0,0.02560275399348881,0.02340812049806118
0,0.18994161942044774,0.07290645688772202
0,0.047463933695629956,0.004498067777603865
1,0.9935011917603739,0.9951991438865662
0,0.029983324678581794,0.0018070043297484517
0,0.05780427795230446,0.006943660322576761
0,0.032451798808764705,0.003673987463116646
1,0.28363230912681564,0.795976996421814
0,0.06073772785074763,0.041450295597314835
0,0.02664580516925554,0.009916646406054497
0,0.09611949518069315,0.02039359137415886
1,0.8822578625634196,0.9232158660888672
1,0.01127903336195351,0.005350422114133835
0,0.02704745978427223,0.033003803342580795
0,0.3977691268929751,0.6596473455429077
1,0.11297248265649876,0.12603552639484406
0,0.4859444556459964,0.9872350096702576
0,0.011635052222091598,0.005163484252989292
0,0.005320954111079647,0.002157436218112707
0,0.20935899403976982,0.004728494677692652
0,0.018353593381443597,0.006196524482220411
1,0.9121879542328544,0.9897626042366028
0,0.10182446973224582,0.1921236664056778
0,0.08577778265734991,0.0028839700389653444
1,0.9848412288497542,0.9934297204017639
0,0.039943127017847156,0.00981067307293415
0,0.014019851668121598,0.005314365029335022
0,0.2673859051608493,0.3131644129753113
0,0.0547466733917736,0.0034935439471155405
0,0.0381719742770603,0.0020373351871967316
0,0.048140238982330594,0.016664663329720497
0,0.012854679139833566,0.0052889492362737656
1,0.5911630803504418,0.5976436734199524
1,0.4088597895203413,0.0030456320382654667
0,0.017726931207455304,0.0020207383204251528
0,0.029721459251190428,0.006511163432151079
1,0.9605106106281951,0.9932894110679626
0,0.028151332176266777,0.004460267256945372
1,0.9415972251656329,0.9246245622634888
0,0.33161069455071396,0.03912032023072243
0,0.006023159175890294,0.005903771612793207
1,0.9674365819489189,0.996988832950592
0,0.038087397068379776,0.0023648433852940798
0,0.016701534931106113,0.003621659940108657
1,0.9431785169460308,0.9906176924705505
1,0.9656176518737677,0.9955589771270752
1,0.9218359388724128,0.9899028539657593
0,0.019085933506415253,0.0022356086410582066
1,0.7350230420848904,0.9936750531196594
0,0.022837592738985748,0.0020903542172163725
0,0.05238562817422001,0.03869909420609474
0,0.02789602043328636,0.0048596216365695
0,0.017692540433813502,0.006683803163468838
0,0.01667402802340954,0.007911968976259232
1,0.83596395634604,0.7485244274139404
1,0.9297922763775636,0.9922434687614441
1,0.9788373207751668,0.9935482144355774
1,0.7993313485443609,0.9919196367263794
0,0.011408571961541098,0.0024384278804063797
0,0.21511953311282414,0.05401115491986275
0,0.024117667702007586,0.01481380220502615
1,0.937310387182291,0.9966084957122803
0,0.0653929102424194,0.019003719091415405
1,0.8838196362708853,0.989437460899353
0,0.03952096994179048,0.12173950672149658
0,0.03690207750838644,0.007522027939558029
0,0.06261121818237898,0.08919396251440048
0,0.13123887561513828,0.0023027334827929735
0,0.031529671197386304,0.0024829511530697346
0,0.7187222518265283,0.6594164371490479
0,0.1280569917972882,0.03422702103853226
1,0.9947499377236776,0.9978394508361816
0,0.011033658454862821,0.002984536811709404
0,0.2902078329175911,0.8348782658576965
0,0.014124116033715103,0.010130736976861954
1,0.8423292640943953,0.9941326975822449
0,0.021072479444007572,0.5940150618553162
0,0.01842978596461991,0.006512338295578957
0,0.014100452479234088,0.0019154696492478251
0,0.03493425763201746,0.0024093585088849068
0,0.040778319081243075,0.016123248264193535
1,0.9593212605427809,0.9957596659660339
1,0.571442442553666,0.9562908411026001
1,0.9264845262800805,0.985262393951416
0,0.048008672661957824,0.2732771635055542
0,0.15210339701437267,0.0449039563536644
0,0.2104286729196985,0.47314590215682983
0,0.32363614967976917,0.41238951683044434
1,0.946181390831813,0.9917690753936768
0,0.012219066395687646,0.0027468944899737835
1,0.7236841722426887,0.9708106517791748
0,0.14396678105500332,0.021904323250055313
0,0.08918311210879064,0.03842988610267639
1,0.12874959436146238,0.12784595787525177
0,0.20146409701967272,0.7164742350578308
0,0.017744908831314247,0.005385724361985922
0,0.2795257783513597,0.15957804024219513
1,0.8959379309648311,0.9903727769851685
1,0.9555766518311154,0.997498095035553
0,0.0935974911565862,0.029020920395851135
0,0.03791871188048473,0.015902383252978325
0,0.10827215961515402,0.525395393371582
0,0.02536437562301103,0.0020914494525641203
0,0.009169399265247824,0.005217865575104952
1,0.3516356197278907,0.042397093027830124
1,0.9181031882882904,0.9929391145706177
1,0.8537026705233945,0.94584059715271
0,0.024018776060292554,0.01589980162680149
0,0.43999878214711385,0.1721392720937729
1,0.46289041629211447,0.011440223082900047
0,0.05958345312402295,0.003784087486565113
0,0.15535165504139237,0.00333675486035645
0,0.017545311227611396,0.0016174397896975279
0,0.11847224664122985,0.04884623736143112
0,0.04927272806825129,0.14239124953746796
0,0.030537751733281968,0.002055663848295808
0,0.31543270868490025,0.4906802177429199
0,0.06589742169294185,0.014894898980855942
1,0.6183720518884053,0.9937421679496765
0,0.004800358827029943,0.0052326698787510395
0,0.14706023358726128,0.01650935970246792
0,0.053601462051712616,0.017967961728572845
0,0.08944130912680426,0.007175617851316929
0,0.03583875839068628,0.0022413297556340694
1,0.2215729124187231,0.0656745433807373
0,0.02224129398984876,0.004421569872647524
0,0.05820962153718719,0.013045256957411766
1,0.9677230046635744,0.990059494972229
0,0.016990533113160455,0.006453108508139849
0,0.04951818081806122,0.002182840835303068
1,0.9188095098189452,0.9967605471611023
1,0.8675970639947512,0.9944369792938232
0,0.0171993473190875,0.0023160437121987343
0,0.040102372907948394,0.022155867889523506
0,0.025637783122312914,0.004551379941403866
0,0.2005405822391827,0.003548939013853669
1,0.9684124940317801,0.9978649020195007
0,0.016470332643319596,0.0027554742991924286
1,0.957904006123254,0.9966174960136414
0,0.33076722754518173,0.6163766980171204
1,0.9557269614413921,0.9940077066421509
0,0.23408083032882943,0.29844343662261963
0,0.10824541434863413,0.01521940715610981
0,0.01099949091291547,0.0025224725250154734
0,0.042722865198933306,0.6586687564849854
1,0.9657554513193083,0.9972442388534546
0,0.018850407806516298,0.014835021458566189
1,0.9818645372090792,0.9951401948928833
0,0.016751894598557224,0.007049992214888334
0,0.02577947730738487,0.01473219133913517
0,0.022841827221568592,0.004837050102651119
1,0.8243499387711287,0.996807873249054
0,0.02808579243335221,0.021051950752735138
1,0.7072356379700412,0.995181143283844
1,0.9476505839178628,0.9967483282089233
0,0.015441772242660693,0.0017609524074941874
0,0.023042079313352608,0.0053445128723979
0,0.031989669717158976,0.005566988606005907
0,0.04182218680123381,0.022646091878414154
0,0.06315886284175262,0.008145959116518497
0,0.015740593665334025,0.02909766510128975
1,0.9798166192626344,0.9951541423797607
0,0.08811009568406149,0.06562880426645279
0,0.05155972347994322,0.027248119935393333
1,0.982008179888431,0.9906958341598511
0,0.15721102668700196,0.01792401634156704
0,0.038035271018053714,0.0020109659526497126
0,0.015788059485787605,0.004413889721035957
1,0.9935711924114434,0.9978291392326355
1,0.9800822505159031,0.9978579878807068
0,0.05865781888916163,0.03593292087316513
0,0.09409647515917818,0.02940402552485466
0,0.033460402481145554,0.002284702379256487
1,0.8816980736470805,0.9948223829269409
0,0.12269682245456331,0.019756479188799858
1,0.990087897454277,0.9979033470153809
0,0.020208634881667343,0.005024665035307407
0,0.011860769520402232,0.0019021319458261132
0,0.05380265324693279,0.04304322600364685
0,0.20272638559639047,0.0537089928984642
1,0.9794662915973318,0.9967122077941895
0,0.07010487741380068,0.002421800745651126
1,0.6607268489877793,0.9915444850921631
0,0.058408393589778805,0.0032583570573478937
1,0.981675004686258,0.9823570251464844
1,0.9792608340257506,0.9973887801170349
0,0.12729072934045357,0.8034747242927551
0,0.08697125195424142,0.8735576272010803
1,0.9629859063144239,0.9946380257606506
0,0.038980852209284385,0.0023809061385691166
0,0.07030119250777415,0.012257689610123634
0,0.05992939899569927,0.054228611290454865
0,0.005979326736371407,0.005335597787052393
0,0.02754893051509808,0.0017473823390901089
0,0.5384298377660791,0.6386245489120483
1,0.03324099944592342,0.015896311029791832
0,0.0055479373130739905,0.002638848964124918
0,0.018515606369639514,0.10957062989473343
1,0.6204595094485106,0.40993940830230713
0,0.026320966902794046,0.007661857176572084
0,0.012485062985344247,0.006222536787390709
0,0.03509847505237949,0.00562140392139554
0,0.2372906101930058,0.01832829974591732
1,0.9653024506777799,0.9978317618370056
0,0.036611584083343106,0.014398757368326187
1,0.9703821898028417,0.9961600303649902
0,0.04965263856923758,0.018124805763363838
1,0.8785958759981901,0.9816682934761047
0,0.018899004633942326,0.004495284520089626
0,0.044079056080889446,0.04365510493516922
0,0.00962992242229252,0.004871988203376532
0,0.09277772350581362,0.009892360307276249
0,0.01726104085796343,0.005451807752251625
1,0.22783444932196803,0.015442152507603168
0,0.03388574880754077,0.007614123169332743
1,0.9783097224591181,0.997825026512146
0,0.008859635473404555,0.0063819801434874535
1,0.966470423812512,0.9974328875541687
0,0.32985282828964213,0.961920976638794
0,0.03604710700956929,0.0035428013652563095
0,0.03850349384327702,0.0020366429816931486
0,0.09767415906294707,0.2712440490722656
0,0.04344589203207926,0.0020564014557749033
0,0.009678318039243556,0.005051488056778908
0,0.03712165510672511,0.007352923043072224
0,0.2083433603232644,0.03764847293496132
0,0.5664989235153719,0.03228558972477913
1,0.9896607111407246,0.9975619316101074
0,0.014189946067281996,0.00477976119145751
0,0.08144737643214203,0.004098609089851379
0,0.01346502222497065,0.002204583026468754
0,0.045757976887143,0.05915428698062897
0,0.0407329486542913,0.009559011086821556
1,0.36782069531875383,0.0036566918715834618
1,0.6968393021635297,0.9543008804321289
0,0.05665994971660206,0.009629759006202221
0,0.018477397023571655,0.004394501447677612
0,0.022354651169189634,0.049681130796670914
0,0.04443343872036936,0.005387553945183754
0,0.06833932961453354,0.002181860851123929
0,0.015375309399539724,0.00211666920222342
0,0.019227962783615177,0.027630969882011414
0,0.126744216749142,0.01194411888718605
1,0.8843662700985971,0.995826005935669
0,0.011919964095545648,0.001923120697028935
1,0.9067319864903921,0.9849227666854858
0,0.017270426291365673,0.0045813689939677715
0,0.018868683747818544,0.004627426620572805
0,0.020967804506759467,0.004695975221693516
0,0.044592194199854676,0.0026323534548282623
1,0.9919923741456425,0.994512677192688
0,0.20909016563082977,0.03277641907334328
0,0.029895380187075545,0.05446825921535492
0,0.06068691392255663,0.009585936553776264
1,0.9621593138667276,0.9947525262832642
1,0.16516776372058836,0.4367510676383972
0,0.16591502952149975,0.04935281351208687
0,0.0360342864781856,0.0022951813880354166
1,0.8845122922896687,0.9887052178382874
0,0.02035190566105981,0.005867652129381895
1,0.9676803998595019,0.994327962398529
0,0.4219061420716965,0.1369708627462387
1,0.9380836145180874,0.9435073733329773
0,0.016115173602875014,0.004842892289161682
0,0.04721222971859369,0.016847455874085426
0,0.31460866690253503,0.4271891713142395
0,0.19592968687122986,0.07588734477758408
0,0.023444578612855843,0.021060682833194733
0,0.042469782833161614,0.00252209953032434
0,0.02703536468114309,0.005253505893051624
0,0.013612046406434531,0.012597339227795601
0,0.6585579873884839,0.7871608734130859
1,0.8969209005928711,0.9269762635231018
1,0.7897855884665425,0.9897986650466919
0,0.05687606600855951,0.0021424537990242243
0,0.12558408233921253,0.5097178220748901
0,0.19330841899414664,0.37643754482269287
1,0.9516109519403192,0.9944760203361511
0,0.015125515991844455,0.005356252193450928
1,0.9683081405377787,0.996938943862915
0,0.03563760584064167,0.0023589199408888817
0,0.4393700682800692,0.9947226047515869
0,0.29586579543563535,0.9508852362632751
1,0.9712547798502845,0.9928610920906067
0,0.06084476938192675,0.007322826888412237
0,0.019452035599867044,0.0063718524761497974
0,0.1441223384834845,0.005094665102660656
0,0.03855878241435291,0.017636720091104507
1,0.9426996981987634,0.9877291917800903
0,0.11723829249197669,0.024127211421728134
0,0.017683754716744646,0.0028899202588945627
0,0.08456430521152672,0.01455614622682333
0,0.022409604747367765,0.002624403452500701
0,0.06424004524205024,0.0037390829529613256
0,0.0312668207200352,0.009554280899465084
0,0.036545561227726085,0.015244281850755215
0,0.1823173477956973,0.013667159713804722
1,0.8772069722340141,0.9974830746650696
1,0.8520219240989498,0.992206871509552
0,0.08881966942808299,0.5869819521903992
0,0.30497206768357005,0.012804006226360798
0,0.019927903617206047,0.0015203222865238786
1,0.9506803971133244,0.9950088262557983
0,0.061202732534752814,0.01534377783536911
0,0.16061954629115313,0.03875114023685455
0,0.45913157293191437,0.1972222477197647
1,0.9611479549775059,0.9968745708465576
0,0.05526335432507578,0.0020620692521333694
0,0.11863370256583314,0.017314985394477844
0,0.010160973031505965,0.0023810837883502245
1,0.18331260255282977,0.04192231222987175
0,0.03602383988717869,0.002164344536140561
0,0.015412721664121384,0.00786908995360136
0,0.08748086065375416,0.003864795435220003
0,0.04476243665078096,0.0021300429943948984
1,0.9551581438880887,0.9936001300811768
0,0.026252453726024482,0.014945857226848602
0,0.023934585773688455,0.01010965183377266
0,0.06749502623288275,0.0027788218576461077
0,0.024485640516521297,0.04355676472187042
0,0.013976293575576169,0.004627841990441084
0,0.41377939749118464,0.9632643461227417
0,0.1208086559227476,0.05913008376955986
1,0.9558302802635134,0.9941328167915344
1,0.9361642549904743,0.9935572743415833
1,0.2215729124187231,0.05924606695771217
1,0.9535582426803636,0.9933577179908752
0,0.013569812550301678,0.004533711820840836
1,0.8883383770021623,0.990584671497345
1,0.994553726832754,0.9977893829345703
1,0.8023344395281171,0.9934131503105164
0,0.013659187348139297,0.005406804848462343
0,0.43806324666078467,0.8746458888053894
0,0.0699036800547896,0.002046559238806367
1,0.8852468455923115,0.9894126057624817
0,0.056858589548737924,0.003383554518222809
0,0.004281124768070402,0.002419654279947281
0,0.23928433180445605,0.014577138237655163
1,0.9659383834017669,0.9970694184303284
0,0.33538317481933455,0.5018286108970642
0,0.021164544754296907,0.295185923576355
0,0.40060405781136016,0.8018027544021606
0,0.03806939229254617,0.0026845603715628386
0,0.025096149428549527,0.00569725688546896
0,0.04893369992266606,0.0025867142248898745
0,0.04933717073991149,0.023429756984114647
1,0.9171143143108508,0.9947977066040039
0,0.06476439228428627,0.014067799784243107
0,0.046586023273947,0.07191850244998932
0,0.042353010086644646,0.002211292739957571
0,0.018962827298661774,0.020345179364085197
1,0.9416174431931479,0.9813398718833923
0,0.039434183858285246,0.0182977132499218
0,0.7569485857348194,0.012608802877366543
0,0.16044636348377894,0.014460377395153046
0,0.019512810572185454,0.021339217200875282
0,0.26677044627104235,0.3144998848438263
0,0.013397830017875935,0.0050500864163041115
0,0.04216335439666151,0.002906342502683401
0,0.09710329158158063,0.02207237482070923
0,0.01945586174041302,0.005501405335962772
0,0.016129279315918656,0.03153848275542259
0,0.026843027283279332,0.02175208181142807
0,0.00864039134317524,0.004390262067317963
1,0.8820830412154843,0.9925244450569153
0,0.09157900709776791,0.014812033623456955
0,0.016088212966066568,0.004861591383814812
0,0.02200323209589403,0.0025542257353663445
0,0.2615649249193562,0.05582870543003082
0,0.015484188193942336,0.002412972738966346
0,0.037540543169018274,0.002541361376643181
0,0.01927413809053083,0.011455732397735119
0,0.04664145394624362,0.0033830516040325165
0,0.15100823226955917,0.02280096709728241
1,0.9118087701762997,0.9958407282829285
0,0.04477936358917488,0.2686210572719574
0,0.023962879981262574,0.002023459644988179
0,0.03681233487551424,0.002009906806051731
0,0.020673432243708777,0.0018350989557802677
0,0.2588485168332858,0.022072138264775276
1,0.9782115204445938,0.9967511892318726
0,0.631090501987095,0.9121758341789246
1,0.9257178256175954,0.9966285824775696
0,0.09189450769424833,0.002080449601635337
1,0.9346028505316248,0.9965426325798035
1,0.9199112283254122,0.9911972284317017
0,0.5739748783717202,0.9479827880859375
0,0.30623510340594223,0.015717748552560806
0,0.09309422116481982,0.02442869171500206
0,0.014217698452154938,0.005516625475138426
0,0.9105488152274023,0.9914023280143738
0,0.028295868879360527,0.005193199962377548
0,0.10128229852654227,0.010198011063039303
0,0.017541098945954594,0.008353017270565033
0,0.14999791742525037,0.013293017633259296
0,0.26296354678849215,0.01580500602722168
0,0.016504181643073487,0.03889527916908264
0,0.015536190411432138,0.004836115520447493
0,0.024152099655258413,0.008132093586027622
0,0.005791151408009821,0.0022884183563292027
0,0.05300060930664815,0.011775773018598557
0,0.009410945852839376,0.0030069334898144007
0,0.24639973547236768,0.8276594877243042
0,0.3241352835910357,0.18641814589500427
0,0.021731494008551122,0.007686723954975605
0,0.05021978482155798,0.001757643069140613
0,0.019704161321240168,0.013659315183758736
0,0.03418697234342565,0.009074428118765354
0,0.04948691594937896,0.011835874058306217
0,0.039520125105750765,0.011992532759904861
1,0.9447356879601593,0.9930675029754639
0,0.1679048065890154,0.49697163701057434
0,0.07727875163196869,0.011179416440427303
0,0.008934607477615139,0.007484575733542442
0,0.03333165045870657,0.020558567717671394
0,0.9226611095198856,0.9963895678520203
0,0.2905556371193467,0.0027257443871349096
1,0.9593607554873453,0.9848419427871704
1,0.939409472469441,0.9928321838378906
1,0.8159805885187162,0.9941185712814331
1,0.9532494216367896,0.9796493649482727
1,0.9028969602307505,0.9745975732803345
1,0.9699092412461702,0.9936768412590027
0,0.024540899194586033,0.014541933313012123
0,0.03138551159510487,0.002354644937440753
0,0.09531063202570841,0.0028320245910435915
0,0.8417519163944472,0.10381554812192917
0,0.03255237483804453,0.008135202340781689
0,0.031274775694705166,0.019510064274072647
0,0.09132596905818874,0.030020074918866158
1,0.8500403100288442,0.951295018196106
0,0.3334044150254263,0.5579848289489746
1,0.873356190794046,0.9804055690765381
0,0.03460128135938499,0.0020337405148893595
1,0.9548250421752886,0.9790273904800415
0,0.4645626483834746,0.9114181399345398
0,0.007825330949590986,0.005103598814457655
0,0.02245263626755534,0.03217632323503494
0,0.03295505277504634,0.002045505912974477
0,0.20210933269327866,0.3717389404773712
0,0.10075885598278903,0.04798680543899536
1,0.9482641902739731,0.9970847964286804
0,0.0692468218652698,0.02066393941640854
0,0.02569747911806839,0.006221551913768053
0,0.027292719046124566,0.007187047507613897
0,0.23552555166280578,0.1322881132364273
1,0.613102292067131,0.9918128252029419
0,0.07847066692578346,0.002722389530390501
0,0.21224040200032895,0.020185861736536026
0,0.05413391868044113,0.025272242724895477
0,0.04541566589000726,0.012318044900894165
0,0.006080384467319377,0.001827096682973206
0,0.5419974420291421,0.011272821575403214
0,0.2501669173012298,0.003980685491114855
0,0.05628789164163601,0.0019713728688657284
0,0.03115454858806858,0.006385067943483591
0,0.030056035135953642,0.02599664218723774
1,0.9796401356094192,0.9844658374786377
0,0.028075635492983256,0.007794164586812258
0,0.028042645680114345,0.0038442546501755714
1,0.9615381806991624,0.9971393346786499
0,0.07300772167098134,0.3970050513744354
0,0.029799302417765707,0.006382587365806103
0,0.2651015814220822,0.17104312777519226
0,0.018925067506682058,0.0206302497535944
0,0.015966008905452248,0.0048506963066756725
0,0.023758256539931244,0.019840814173221588
0,0.7143074930864182,0.9586959481239319
0,0.0519031767205495,0.0029983986169099808
0,0.36212984194912334,0.031357552856206894
0,0.013540383770238675,0.0051411790773272514
1,0.9661116576684777,0.9974877834320068
0,0.037270891571462336,0.06948910653591156
1,0.04605487314702645,0.08731278032064438
1,0.9919155569760549,0.9976280331611633
0,0.07446674943977487,0.003762013278901577
0,0.014057759749495788,0.0029977643862366676
0,0.4066270062764169,0.7286578416824341
0,0.023125441417596062,0.03479577228426933
0,0.023798665273559845,0.01738433912396431
0,0.02754212742149762,0.0026003553066402674
1,0.5083939415741516,0.0025539607740938663
0,0.051195146017342805,0.00236839079298079
0,0.03209019496625331,0.00662182318046689
0,0.14965699824672657,0.5069674253463745
0,0.34140937170090807,0.4246179461479187
0,0.019226777988500726,0.005060158669948578
1,0.9606046686741732,0.9976006150245667
0,0.06816340819032876,0.0036083778832107782
1,0.933650908064896,0.995824933052063
0,0.030403530429886368,0.0017320176120847464
0,0.018402852563113095,0.001820835517719388
0,0.046852735750564034,0.016826586797833443
0,0.0665340489676365,0.29075440764427185
0,0.036676906430826405,0.004478977061808109
0,0.08233213597966065,0.019621161743998528
0,0.017789354477034537,0.0045813750475645065
1,0.9741085171766276,0.9969480633735657
0,0.04504143881669386,0.017441406846046448
1,0.38538049848156825,0.13102422654628754
0,0.03885042608779749,0.10747404396533966
1,0.21808002709004565,0.20074094831943512
1,0.31631876552756777,0.8309486508369446
0,0.057889748692801744,0.0022706803865730762
1,0.9358927845072869,0.9187267422676086
0,0.027881934928563456,0.0049878135323524475
0,0.027342155360103825,0.01785535179078579
1,0.9770965927505206,0.9947710633277893
0,0.03530209072533069,0.015176423825323582
0,0.2340706021846431,0.06436215341091156
1,0.26424275338292413,0.32091617584228516
0,0.011798691283050958,0.007063581608235836
0,0.047053953511627306,0.7379196882247925
1,0.9736553652410387,0.9961528182029724
0,0.02680987009238363,0.011117403395473957
0,0.010679953487782981,0.005212024785578251
0,0.22673899652362542,0.6744985580444336
0,0.026216913328262755,0.005028435494750738
0,0.0510591339375444,0.25398120284080505
0,0.04783294805075716,0.025136562064290047
1,0.9679699297826152,0.9963440299034119
0,0.03623289261545476,0.018540645018219948
0,0.0668739447185466,0.27756062150001526
0,0.03091221312202083,0.002900052350014448
0,0.0353578103518107,0.022618306800723076
0,0.4880550600057504,0.06909481436014175
0,0.1625550067159333,0.02195560559630394
0,0.21804955272315873,0.06634590774774551
0,0.015046274683684923,0.00774718914180994
1,0.9295847169955147,0.9951890707015991
1,0.8686753626369372,0.9937122464179993
1,0.2215729124187231,0.06023162603378296
0,0.028115404934924027,0.007086312863975763
1,0.9386520564151438,0.9927971959114075
0,0.01247863925463995,0.0016213468043133616
0,0.07154958148123892,0.003948186989873648
0,0.02920180013523717,0.0020988727919757366
0,0.06791651269729244,0.002078825840726495
1,0.9420396355406517,0.9974715709686279
0,0.05811532691415946,0.0069955261424183846
0,0.0653520794998036,0.0032557875383645296
0,0.19470015606995986,0.2503621280193329
0,0.08986339667883284,0.002183223143219948
1,0.9381770561795949,0.9845882058143616
0,0.008959545522396709,0.00400352431461215
0,0.21462887603466899,0.7643560767173767
1,0.09684149615613373,0.045519743114709854
1,0.8174946470283758,0.8963196277618408
1,0.9784681376579647,0.9956648945808411
0,0.12851219728063795,0.01820375770330429
0,0.5170612920662658,0.9548256397247314
1,0.9701686391984575,0.99383944272995
0,0.010298763015415047,0.005122039467096329
0,0.02920899933108089,0.009568487294018269
0,0.02870609223456987,0.0060529448091983795
0,0.027779690583080233,0.0044996291399002075
1,0.2430727995443297,0.8401636481285095
0,0.09582236372278742,0.04938473552465439
0,0.018139998305255877,0.004872880410403013
1,0.8840778492199195,0.9936012625694275
0,0.10682569860975438,0.010372795164585114
0,0.26424275338292413,0.3232957422733307
1,0.9731368510401898,0.9968871474266052
0,0.05941250436580157,0.002173936925828457
0,0.02759130318386231,0.02754671685397625
0,0.03294092652751617,0.006485245656222105
1,0.9283150903900373,0.9970524311065674
0,0.007785004923049523,0.002703440608456731
0,0.015507565038859195,0.005848870612680912
0,0.009456703238544832,0.005315329879522324
1,0.9261137212708882,0.990497887134552
1,0.9596737879199879,0.9926672577857971
1,0.9591436494956497,0.9955416321754456
0,0.07823339434201043,0.00247945636510849
0,0.04749970781573203,0.0042648594826459885
0,0.04221144864795338,0.002011495176702738
1,0.55522011310629,0.967657208442688
0,0.05261817737410641,0.022222241386771202
0,0.08584400730390367,0.010688694193959236
0,0.08923176762851594,0.6800446510314941
0,0.029257501251548766,0.002016091253608465
0,0.01071205302352406,0.005104426760226488
0,0.02410826411922743,0.009554777294397354
0,0.18147270452499917,0.043358441442251205
0,0.028150089006101033,0.006946209352463484
0,0.05048364047656615,0.01991848461329937
1,0.805957348555102,0.9936349391937256
0,0.2187750116057896,0.01493922434747219
0,0.08357638451211899,0.010177623480558395
0,0.07551202468337416,0.09160061180591583
0,0.018241571607029505,0.005583993624895811
0,0.040955456881203105,0.015155198983848095
0,0.06209053194162001,0.012974855490028858
0,0.12732493732207828,0.03552225977182388
0,0.038411875338625195,0.0021129981614649296
0,0.023947292803643314,0.03869372978806496
0,0.02732389268586642,0.002146725542843342
1,0.26267976033146234,0.299638569355011
0,0.20442401847937106,0.973188579082489
0,0.05731567271968855,0.00902027077972889
1,0.08906592875935655,0.0023694795090705156
1,0.9724176124906836,0.9972055554389954
0,0.004184098944547436,0.0037733837962150574
0,0.05011374502180368,0.1404688060283661
0,0.037326418590724046,0.002965083345770836
0,0.03703232356023386,0.0019980415236204863
0,0.01551242586039271,0.006830259691923857
0,0.14957499743693115,0.014389685355126858
1,0.7538808971190297,0.9810724258422852
0,0.06915170651967371,0.002780454233288765
0,0.010801991154336821,0.005183067638427019
0,0.09802407098478012,0.603665828704834
0,0.007329258578528201,0.005548116751015186
1,0.7853840456410126,0.9947348833084106
1,0.8782614082905108,0.9542914032936096
0,0.022853749588053335,0.002075407886877656
0,0.012954143429405249,0.004603345412760973
0,0.033713539561389075,0.08643542975187302
0,0.10405692356248467,0.05500825121998787
0,0.15044104073703773,0.4541216492652893
0,0.12690592305667384,0.008064736612141132
0,0.05356756053879421,0.04422002285718918
0,0.7436222338854612,0.947098970413208
0,0.03902122147458847,0.0021166722290217876
0,0.5834243176365296,0.8664069175720215
0,0.0322575286234316,0.019622469320893288
0,0.01481081255208591,0.004791857209056616
1,0.9498019137141729,0.9972196817398071
1,0.9341720589231541,0.9969013929367065
0,0.21313078642112224,0.9379623532295227
0,0.031176128977389046,0.00614100182428956
0,0.22597460017833584,0.8282605409622192
1,0.9313192252489004,0.9908265471458435
0,0.016302601759139928,0.0023609260097146034
0,0.02118603158386182,0.005032334942370653
0,0.006360750073339931,0.002390636596828699
0,0.05753960955599037,0.18457536399364471
0,0.004825553729333594,0.005299224518239498
0,0.037411592494862166,0.008433280512690544
0,0.023045348758531366,0.005084145348519087
1,0.975116468107529,0.9938674569129944
0,0.026916027844763855,0.008316898718476295
0,0.03927753596307911,0.01569533161818981
1,0.9262836765226713,0.996826708316803
0,0.0364522139674294,0.024431442841887474
0,0.05521714005262773,0.13836835324764252
0,0.044965485299875055,0.01184111274778843
1,0.9872397919230301,0.9954778552055359
1,0.8858456846515407,0.9963087439537048
1,0.7780389962841743,0.9915133118629456
0,0.03898980733430866,0.022437088191509247
0,0.0041004602016631,0.0021920225117355585
1,0.9360201411987921,0.9960882663726807
0,0.0393970572044566,0.007989030331373215
1,0.967870199411601,0.9970460534095764
1,0.9763806083329768,0.9951980710029602
0,0.043932265267973364,0.09910070896148682
0,0.21808002709004565,0.40220654010772705
0,0.05451867752274676,0.005266287364065647
0,0.043310176937585196,0.027419736608862877
1,0.9462774409422559,0.9933328032493591
0,0.004789983832766141,0.0017555358354002237
1,0.9834282357561652,0.9962852001190186
0,0.013211302728866413,0.002342068124562502
1,0.2623345780394852,0.6166582703590393
1,0.9529393017193236,0.9969024062156677
0,0.045711373509737085,0.026660943403840065
0,0.060978128839520085,0.007111179642379284
0,0.01041360075504855,0.005101209040731192
0,0.8856979600867331,0.9573586583137512
0,0.043440087578833914,0.0022005056962370872
1,0.9034153548333362,0.9963449835777283
1,0.8760038231543249,0.9826100468635559
0,0.023752004998291686,0.005924373399466276
0,0.04139637025469998,0.016382373869419098
0,0.016212767691078815,0.002238400047644973
0,0.026355315904832224,0.01948309689760208
1,0.7642282329695482,0.9751705527305603
1,0.975427369451154,0.9968553781509399
1,0.9837153475513158,0.9858888983726501
0,0.09695740433313829,0.38989442586898804
1,0.8932713338089159,0.9940604567527771
1,0.9560201135734417,0.9970217347145081
0,0.13551572233208165,0.045273203402757645
0,0.05184101538061202,0.0022844262421131134
0,0.3078477937160954,0.4158073961734772
0,0.021465757103494718,0.004850852768868208
0,0.0052337609090129175,0.005869538057595491
0,0.034614075946592916,0.001997321145609021
1,0.13979657345400304,0.9723533391952515
0,0.04912728198708751,0.05457746982574463
0,0.005784087342204176,0.002159637399017811
0,0.06916844532229852,0.017815066501498222
1,0.5606112166763392,0.9920920133590698
0,0.02157517404545102,0.0048797945491969585
0,0.07832947309467896,0.29524144530296326
1,0.9302052164782186,0.9955893754959106
0,0.01571694988026866,0.0022387655917555094
1,0.9503791826534002,0.9858769178390503
0,0.057706243033223206,0.03413301706314087
0,0.07419746308727798,0.47327110171318054
0,0.12346347136907596,0.03161809965968132
0,0.11225067394320168,0.1587810069322586
0,0.051952423485812006,0.007700156420469284
0,0.045511577403985544,0.00238973181694746
0,0.026460042484669908,0.020902320742607117
0,0.12277598504448899,0.6950772404670715
0,0.02858289601773968,0.02355821430683136
1,0.9164165318270227,0.9933983087539673
0,0.054458514093445556,0.009769763797521591
1,0.05673608857430203,0.0820869728922844
0,0.1725090484025806,0.8224515914916992
0,0.4931197940968683,0.012115979567170143
0,0.12143879931119826,0.002267679199576378
1,0.13719739261185776,0.43199676275253296
1,0.308984145303074,0.6520941257476807
0,0.03857861408995769,0.0020406583789736032
0,0.3774361468514095,0.007385130971670151
0,0.8942674791518466,0.9604625701904297
1,0.9575037804217136,0.991132915019989
1,0.9332680671935398,0.9734116196632385
0,0.02135417683881181,0.0169582050293684
0,0.025000966279726887,0.04171926528215408
0,0.01694387169058051,0.0054654525592923164
0,0.019783546012485005,0.004970303736627102
0,0.026566935019449848,0.017104996368288994
0,0.15311557400711698,0.11453118175268173
0,0.1408447374461313,0.22550708055496216
0,0.006057630707362567,0.005373781081289053
1,0.8853613927113955,0.9935226440429688
0,0.021418321997875165,0.004898072220385075
0,0.27698506581955934,0.24541090428829193
0,0.04668274724242679,0.019755462184548378
0,0.06313644161127288,0.03136661276221275
0,0.0273783766990796,0.017163198441267014
1,0.9649878017619895,0.9944220185279846
1,0.9191354219774748,0.9970012307167053
1,0.992471140583957,0.9958438277244568
0,0.020303500934279715,0.0020018559880554676
0,0.07807864342212598,0.7465711832046509
1,0.9173641124197784,0.967308759689331
0,0.09209306874857741,0.43038296699523926
0,0.03140506562746585,0.009085736237466335
1,0.9622229553047302,0.9969403743743896
1,0.09813003111099855,0.4723826050758362
1,0.9356740978671582,0.9828690886497498
0,0.022123090552688903,0.0052374969236552715
0,0.07082852846521329,0.009747080504894257
1,0.9596576340143047,0.9726813435554504
1,0.8422958481947933,0.9844163060188293
1,0.9865691777507987,0.9969995617866516
0,0.032121481891065125,0.002167257945984602
0,0.030677512553146425,0.0020182281732559204
1,0.9350397267017829,0.9970812201499939
1,0.9570945733719504,0.9953064322471619
0,0.02551493290079852,0.015984369441866875
0,0.0380518675678356,0.0020209813956171274
0,0.018846249124358092,0.006814570166170597
0,0.01851849015125506,0.005030850414186716
0,0.014775095340513853,0.0026310295797884464
0,0.00793000274700614,0.0036689059343189
0,0.024168281508018447,0.006563472095876932
0,0.024535247284167783,0.025538796558976173
0,0.046784703655833794,0.0022657576482743025
0,0.01708074700824799,0.003146012080833316
0,0.042426942601723056,0.010531559586524963
1,0.6362981177918238,0.8996347188949585
0,0.02568122217008173,0.02237175591289997
0,0.05780196627915261,0.14561228454113007
1,0.2784461347985112,0.20669247210025787
0,0.7801327112672622,0.9723073840141296
0,0.02789093906116239,0.2661937177181244
1,0.3960416151171962,0.6793238520622253
0,0.017061232745483008,0.004904158413410187
1,0.8432737316562585,0.9904542565345764
0,0.011886985733119432,0.005375382024794817
1,0.9528286893513213,0.9975500702857971
1,0.9291799337445176,0.9920889139175415
0,0.020188234082923327,0.005229870788753033
0,0.009956874458321082,0.00555547047406435
1,0.9132510852734097,0.9906063079833984
1,0.08999251383546747,0.017499471083283424
0,0.015489352582537847,0.005223819054663181
1,0.9588804951726222,0.9924561977386475
0,0.04476370039012247,0.018165327608585358
0,0.32737170576641056,0.03974062576889992
0,0.13940864523235658,0.02632724866271019
0,0.052931206431941304,0.0021696886979043484
0,0.011265671002469169,0.001959164859727025
0,0.32465258047979445,0.7289087176322937
0,0.021636898651606805,0.006364544853568077
0,0.032517786182932606,0.020216120406985283
0,0.011626086256107938,0.00469997338950634
0,0.03130920803156259,0.0019208082230761647
0,0.014549208413017841,0.005715266801416874
0,0.02172126084657476,0.004676284268498421
0,0.25488171626983613,0.5097566246986389
0,0.3014336772406304,0.4407010078430176
1,0.961082668079596,0.9968627691268921
0,0.012195342576359024,0.08645674586296082
1,0.9307022423879895,0.9660626649856567
0,0.5160297661194141,0.011675619520246983
0,0.021427426264223882,0.020711680874228477
0,0.05927726230611572,0.011886744759976864
1,0.9883376521831596,0.9942215085029602
0,0.024437591901415007,0.00510820560157299
1,0.8018767553110074,0.9905092716217041
1,0.6756450243161393,0.634695291519165
0,0.07004619167414165,0.03874928504228592
0,0.011783230306942338,0.005040545482188463
0,0.042156529652077564,0.0023459987714886665
0,0.047882342449589284,0.027993284165859222
0,0.673003720906917,0.961546778678894
0,0.012812950964488453,0.002630468923598528
0,0.16362196125178777,0.03966128081083298
0,0.01250917264819622,0.0023016263730823994
0,0.18401503936358587,0.0035473594907671213
1,0.9725173984562837,0.9955606460571289
0,0.20493702249764062,0.025423036888241768
0,0.029639600878588995,0.005054909270256758
1,0.9647575670109411,0.9953906536102295
0,0.03118072986836976,0.6366329789161682
1,0.9487801705610283,0.9963085055351257
1,0.9681931119886037,0.9549760222434998
1,0.8823864829726767,0.9941039681434631
0,0.02622539110461555,0.004509295802563429
0,0.03438810438557467,0.00976814515888691
0,0.03174873242351891,0.0034846377093344927
0,0.05165555402955266,0.017379630357027054
0,0.017749456838930765,0.00919866468757391
0,0.012141673879908586,0.005300838965922594
0,0.01678992826936423,0.005128911696374416
0,0.05918489326540475,0.014950630255043507
0,0.6279745585695422,0.03532344475388527
1,0.828194932018162,0.9932597279548645
0,0.03086467198984972,0.002660052152350545
0,0.022633016849739607,0.03446653485298157
1,0.8818607886605482,0.9915083646774292
0,0.0342662103354499,0.002117763040587306
0,0.08519168218078589,0.002251984318718314
0,0.03377939508792962,0.008220454677939415
1,0.8949874501603451,0.992271900177002
1,0.9229945513425332,0.9935740828514099
0,0.03496038456262704,0.004899738822132349
0,0.008353160531002702,0.0053372811526060104
0,0.1806920660831051,0.016158338636159897
0,0.09353621149579909,0.007823461666703224
0,0.026116151122030962,0.005280497018247843
0,0.017516191699354703,0.006741221062839031
1,0.49262864870830336,0.8320683836936951
1,0.5341389345283258,0.6759709715843201
0,0.05302338811813324,0.008972911164164543
1,0.9248820931326419,0.9965270161628723
0,0.4073670491938114,0.9577341675758362
0,0.016507496291491917,0.004729120992124081
0,0.6143374139630399,0.9480772018432617
1,0.987541213179257,0.9952175617218018
1,0.947708232585468,0.996996283531189
1,0.9720770835561883,0.9973664879798889
0,0.044794666013245873,0.23270486295223236
1,0.9598526796443153,0.9968199729919434
0,0.11523399632292465,0.20278792083263397
0,0.0334055646694133,0.002517998917028308
1,0.856268607642366,0.9395840167999268
0,0.04675018806195165,0.01524108275771141
0,0.008406150721724499,0.005239987280219793
0,0.026596156239623324,0.0020532773341983557
0,0.019343149409416574,0.018691521137952805
0,0.017954879440927243,0.015033215284347534
0,0.03970619325245858,0.0092226667329669
1,0.9380508684637835,0.9933235049247742
1,0.9385204344999412,0.997907280921936
0,0.05770415815689272,0.017467165365815163
0,0.10121107066604551,0.02220890298485756
0,0.03860144504938476,0.0021273912861943245
0,0.007762057301639397,0.0025002798065543175
0,0.5744736279855888,0.9914933443069458
1,0.9049551570372891,0.989795982837677
0,0.0873296198561387,0.28715047240257263
0,0.02601368584554368,0.002491473685950041
0,0.026821079253202405,0.00511186895892024
0,0.046940360538521415,0.002086099237203598
0,0.027741390602169836,0.08544401079416275
0,0.01416062476357867,0.005244758911430836
0,0.05307415332630707,0.7599373459815979
0,0.05843652444362825,0.09895317256450653
1,0.9918115757611088,0.9956579208374023
1,0.881032807920001,0.9950135350227356
1,0.8836144068903249,0.9962026476860046
0,0.04136606681877975,0.05190654098987579
0,0.008513563559861388,0.0025419583544135094
0,0.03780859135038028,0.0020321733318269253
0,0.09183235189047544,0.053092971444129944
0,0.07214077370381872,0.0020025193225592375
0,0.010025627479997152,0.005017806310206652
0,0.16325544268344075,0.4567022919654846
0,0.015630726973155325,0.001578155322931707
0,0.07291672455321094,0.2399996817111969
0,0.1609880632194635,0.026913590729236603
0,0.10858495258304698,0.022324848920106888
1,0.9767974506315482,0.9958211183547974
1,0.9846070873956128,0.9945778846740723
0,0.02324185940368194,0.0021469369530677795
0,0.030792324666586213,0.0022921229247003794
0,0.014347285463542199,0.0044242991134524345
0,0.04994887659156134,0.022186225280165672
0,0.012491196714535998,0.005850243382155895
1,0.5882688824413179,0.98661869764328
0,0.40996069476187924,0.9426940083503723
1,0.5746540863174847,0.9864567518234253
1,0.8792191433263121,0.9965311884880066
0,0.01794502196575246,0.01770178973674774
0,0.025979166623583825,0.007255960255861282
0,0.06422714772487159,0.0023097179364413023
0,0.04069304973293183,0.0023044925183057785
0,0.073609846192079,0.38167107105255127
0,0.06409980746051418,0.013280564919114113
0,0.03345083768179469,0.01638147421181202
0,0.11567942581193544,0.00221100146882236
0,0.029858059754587926,0.018795596435666084
0,0.013033485871436542,0.0030254593584686518
1,0.8363747026558721,0.99250727891922
1,0.8669676905592774,0.9944897890090942
1,0.8248654411935921,0.9938468337059021
0,0.20519232085277817,0.003003966063261032
0,0.5307378220956507,0.9872676730155945
0,0.04711488468993123,0.015860604122281075
0,0.07507530221837991,0.002252219943329692
0,0.5440706023180469,0.8434096574783325
0,0.07792654220912738,0.12413972616195679
0,0.06195478223840404,0.002077016280964017
0,0.00804208389911047,0.0020247569773346186
0,0.03529231848966204,0.002012636512517929
0,0.05921619251129136,0.007987216114997864
1,0.8556696628526202,0.9968563318252563
0,0.11877692022590096,0.036169253289699554
1,0.9111667038627278,0.9969266057014465
0,0.021371786859290667,0.006337335798889399
0,0.08284841991107646,0.014427273534238338
0,0.08781374457827602,0.02327348291873932
1,0.8999714442908847,0.9872073531150818
0,0.23469501997321535,0.046944472938776016
0,0.0629081210629466,0.005005019251257181
1,0.20748541425783618,0.9106162786483765
0,0.5216931718458788,0.021562866866588593
0,0.4335341258543941,0.002656263532117009
1,0.972525234451163,0.997478187084198
1,0.6671478760791859,0.9837132692337036
1,0.9718602604592018,0.9960988759994507
0,0.036448981786275265,0.014688229188323021
0,0.23525805862278562,0.09055621922016144
0,0.011388648988719385,0.0208028145134449
0,0.04229784447964488,0.0022771453950554132
0,0.07543069955207014,0.0025156873743981123
0,0.1982569702323685,0.00731072248890996
1,0.9588433814273478,0.9863646030426025
0,0.029408501289140198,0.00724633177742362
1,0.9469662174589729,0.9890037178993225
1,0.9712991322169752,0.9908463358879089
0,0.036115186857005085,0.027339855208992958
0,0.023869183366499142,0.020135682076215744
0,0.01669568257935758,0.009674395434558392
1,0.5374815854411493,0.8384459614753723
1,0.742801698072837,0.9558085799217224
0,0.03185258979476164,0.0028372963424772024
1,0.9588696468817449,0.9933224320411682
0,0.08878415114706124,0.18950088322162628
0,0.030954172907988686,0.0194192286580801
1,0.9629365381842382,0.9909022450447083
0,0.03937120713792109,0.0022368577774614096
0,0.016736310707653267,0.027461469173431396
0,0.024853281010447977,0.13163286447525024
0,0.03840609864702363,0.01738656871020794
0,0.04040194295069746,0.0024641857016831636
0,0.031063951375494586,0.0452749989926815
0,0.1028545963116331,0.013446023687720299
0,0.04156201112146505,0.005985167808830738
0,0.011365539694703638,0.006120608653873205
0,0.03197728926950042,0.004880561027675867
0,0.06894265426168533,0.010065773501992226
0,0.11479806726642855,0.0017108218744397163
0,0.04413345810369106,0.01272670365869999
1,0.9051574446343489,0.9967468976974487
0,0.009855306825136747,0.005177363753318787
0,0.3357760525656071,0.8652940392494202
0,0.025074147744183272,0.015158046036958694
1,0.32608274919608204,0.0506303645670414
0,0.8282028417013445,0.9930195212364197
0,0.05402055285083525,0.02318514510989189
1,0.9044785696467653,0.9909879565238953
1,0.916828239745951,0.9926168322563171
0,0.24664940400207827,0.049263112246990204
0,0.13001352772607608,0.01480795070528984
0,0.02099263621480569,0.00847681425511837
0,0.015591518418882115,0.004850953817367554
0,0.04315104481860103,0.025046786293387413
0,0.044915276588840786,0.20232389867305756
0,0.00730889288486443,0.0021589375101029873
0,0.019329369018354945,0.005066154524683952
0,0.28782800401218306,0.9754298329353333
0,0.029630620519014852,0.0055425213649868965
0,0.03951837379690009,0.0022818660363554955
0,0.025700879616135767,0.019707784056663513
0,0.050640611938991074,0.16221338510513306
0,0.06708408526467775,0.07310020178556442
0,0.22133260878824568,0.1547817885875702
0,0.06272632791119455,0.006454634480178356
0,0.08438907188654378,0.01113631296902895
0,0.007165308495493354,0.005310229957103729
0,0.012573056632710066,0.0018647221149876714
1,0.9676998425264894,0.9922351241111755
0,0.33036741129880304,0.018534187227487564
1,0.9165077089547321,0.9909321069717407
0,0.21044401436957444,0.03136735036969185
0,0.04444157010955736,0.008431841619312763
0,0.03919090200034693,0.009825090877711773
0,0.04585957359992496,0.002206766977906227
1,0.8706859980502595,0.9895785450935364
0,0.015958731973926908,0.0016028182581067085
0,0.0997149376710986,0.040365032851696014
1,0.9742439529267095,0.9977747797966003
1,0.9865106146456534,0.9969485402107239
0,0.006014948498601539,0.003970478195697069
0,0.1934595736472673,0.002443094039335847
0,0.06919976785384757,0.011322537437081337
0,0.7110426190689704,0.5069007277488708
1,0.6737088259662677,0.9822496175765991
1,0.8644836578944528,0.9962322115898132
0,0.04037503011108136,0.057194311171770096
1,0.9912756810638638,0.9976119995117188
0,0.05193336949721744,0.01838764362037182
0,0.01603034002422318,0.004775555804371834
0,0.013935888701070393,0.005499174818396568
1,0.9527611212128999,0.9943668246269226
0,0.1573077759954836,0.029039224609732628
0,0.14383981130389625,0.007180902641266584
1,0.9005846064091126,0.9941971302032471
0,0.04162649548044548,0.002570144133642316
0,0.008553616080919453,0.0016417235601693392
1,0.9836071211330577,0.9969413876533508
1,0.9585232077508413,0.9966435432434082
0,0.03241812823121806,0.0027607290539890528
0,0.013200384875888,0.0020553087815642357
1,0.2682201633510526,0.8613272905349731
0,0.36547628495768164,0.765099048614502
1,0.637645830235511,0.9902916550636292
1,0.5898641881191408,0.01600121706724167
0,0.07050186783473249,0.013997465372085571
0,0.6193614602214063,0.9243854284286499
0,0.01840656288100432,0.008909926749765873
0,0.2873730410728873,0.033978257328271866
0,0.027479563704248436,0.018559614196419716
0,0.09757017935885345,0.035628899931907654
1,0.8060595636238883,0.9850741624832153
0,0.02657137966646502,0.034998051822185516
1,0.1802529026549228,0.536496639251709
0,0.16690865098143998,0.15746627748012543
0,0.02049618850197342,0.013855833560228348
0,0.018051027701575528,0.005285383202135563
0,0.2872559626652452,0.1964840441942215
0,0.02212617659694566,0.018765674903988838
0,0.032491939610620725,0.004338845610618591
0,0.08196905743069469,0.03969087824225426
0,0.06087639719029933,0.9053142070770264
0,0.01961336911307801,0.004902759566903114
0,0.02887680663050432,0.020299578085541725
0,0.08840320760058135,0.13856257498264313
0,0.26618971494870625,0.3067935109138489
1,0.9560253835162987,0.5508772730827332
0,0.2215729124187231,0.06757139414548874
0,0.03208804814568653,0.004775766283273697
0,0.03937395599756242,0.005261997692286968
0,0.09678181111192442,0.012904202565550804
0,0.01387802187785476,0.007793955039232969
1,0.852874453456256,0.9911728501319885
0,0.011861644358588073,0.018551720306277275
0,0.023063084126845546,0.01460630539804697
0,0.009521397932168312,0.0019371591042727232
0,0.029088602829708474,0.024857891723513603
0,0.011132111629712754,0.0057774195447564125
0,0.0984367211909773,0.9665933847427368
1,0.12196816877444042,0.003070648293942213
0,0.011258410108640394,0.004682335536926985
0,0.07784837526218197,0.01614656113088131
0,0.03458875358482902,0.002171117812395096
0,0.6431949975356229,0.9791240096092224
1,0.6843597807444811,0.9861006140708923
1,0.9504495672602037,0.9965865612030029
0,0.015228165383736812,0.013508991338312626
0,0.02034021410501142,0.0064237164333462715
0,0.17419870290341408,0.004298198036849499
0,0.07084536718614619,0.004347151145339012
0,0.02551562209967201,0.005019868724048138
1,0.9669040805175853,0.9970844388008118
0,0.03664873979504389,0.047142498195171356
0,0.018486230217363456,0.027596022933721542
0,0.06866324960296831,0.7743343114852905
0,0.12080537362962517,0.1316252499818802
0,0.1596356768298743,0.020223407074809074
0,0.009370850047313476,0.002548536751419306
0,0.04023105282695306,0.0496300533413887
0,0.026011092701238473,0.01179584302008152
0,0.43463761574152243,0.04832116886973381
0,0.11838161990998326,0.08536779135465622
1,0.9232744482509071,0.9954121708869934
0,0.012593694555605975,0.0016720225103199482
1,0.8942136660680314,0.9967154264450073
0,0.008340224785402282,0.005323158577084541
0,0.035682165968579385,0.03298942372202873
1,0.9818378673896642,0.9482497572898865
1,0.8426625867740754,0.8208617568016052
1,0.09398022484970704,0.026216872036457062
0,0.05777278443302433,0.00393073121085763
0,0.027605639715683864,0.0020328890532255173
0,0.04325614464135934,0.02372334711253643
0,0.4703142992216062,0.9829034209251404
0,0.015180869015463352,0.005303471814841032
0,0.04604388547719923,0.005599974188953638
0,0.03793036084085969,0.08922196924686432
0,0.1139629914935851,0.28822818398475647
0,0.26227839359456145,0.3040888011455536
1,0.943572344345313,0.9959702491760254
0,0.10521450269211034,0.07084359973669052
1,0.8778079940306033,0.9288319945335388
1,0.25855891057953684,0.18980737030506134
0,0.0634467154000132,0.021690011024475098
0,0.5160569849566891,0.5522572994232178
0,0.1880180809054493,0.27153682708740234
0,0.11141341614798807,0.49123063683509827
1,0.9784188816646351,0.995802104473114
1,0.9265110776885017,0.9941950440406799
1,0.9499046747537648,0.9930318593978882
1,0.9424784432957987,0.9934737086296082
1,0.8710287694424828,0.9885247349739075
0,0.026297070955181374,0.0016657978994771838
0,0.0317457952045947,0.1598091572523117
0,0.014051935106242435,0.006320534273982048
0,0.01427811074551576,0.005385218653827906
0,0.04468011330682774,0.0023710657842457294
0,0.01809032046835814,0.005465476308017969
0,0.06967671775821939,0.00212607579305768
0,0.005840450196542979,0.005176350008696318
0,0.022925655842707674,0.2214200645685196
0,0.05068279300544331,0.0854245275259018
0,0.02472354992086878,0.0025424747727811337
0,0.08110621446716618,0.0031170230358839035
0,0.06537151756986578,0.17160171270370483
1,0.3221575074294577,0.7021211385726929
0,0.017132630786141145,0.002801085589453578
0,0.06654673762171145,0.02763017639517784
0,0.051624162381845765,0.01110845897346735
0,0.21722695976023695,0.011298967525362968
0,0.07271851818509713,0.043919991701841354
0,0.06440418071124604,0.0048606060445308685
0,0.08317623097039452,0.00757047813385725
0,0.030177241099562435,0.0020038310904055834
0,0.06558946951981655,0.0020451711025089025
0,0.5610802614903599,0.7178354263305664
0,0.03208397693835596,0.017670724540948868
0,0.3861088491642815,0.9725838899612427
0,0.21455024877947226,0.3880663216114044
0,0.03762303766369599,0.01770240254700184
0,0.026172315296792568,0.004786050412803888
1,0.9580050254411068,0.9938139915466309
0,0.10706232307669779,0.019095491617918015
0,0.04278910879955708,0.022121217101812363
0,0.01343630365081296,0.004839926492422819
1,0.2646460478129811,0.34402093291282654
1,0.9472365650181178,0.9719155430793762
0,0.3412780489730544,0.5702145099639893
1,0.9254236100188739,0.9267707467079163
1,0.8732711619062127,0.9924917817115784
0,0.09201460531703046,0.18899333477020264
0,0.011263218828329402,0.0019484078511595726
0,0.025105794336870844,0.010618933476507664
0,0.0193884828046704,0.0034874239936470985
1,0.952961229611928,0.9940168857574463
0,0.1703133043804433,0.15917199850082397
0,0.01082907585628105,0.004846729803830385
0,0.194512921814962,0.056196361780166626
0,0.10077377375324831,0.8206334710121155
0,0.02116424925846387,0.011549779213964939
0,0.025944512225722135,0.01348106749355793
1,0.9609098352478775,0.9794337153434753
0,0.03967553991590757,0.15774200856685638
0,0.017379044557831045,0.007555575110018253
0,0.05538696296325186,0.004774116445332766
0,0.00516725862151638,0.0015686204424127936
0,0.017673142182937807,0.0074655464850366116
0,0.03867266138173973,0.0020247367210686207
1,0.49681793001009705,0.43843144178390503
0,0.01147163143295302,0.0036281696520745754
0,0.02928850029209365,0.01721891760826111
0,0.02019107693630243,0.022007234394550323
0,0.08472367186310646,0.0069696176797151566
1,0.9565185822502147,0.9974269270896912
0,0.04638266596722657,0.0022041385527700186
0,0.474883856376265,0.014548951759934425
1,0.7386331584639068,0.9775412678718567
1,0.791262450303682,0.9575294256210327
0,0.021698697460311618,0.015960993245244026
1,0.9563675168740404,0.9768192172050476
0,0.0525700481384193,0.016416016966104507
0,0.5589147201483349,0.7130478024482727
1,0.27068736826504863,0.974271833896637
0,0.016629410384702347,0.002548342803493142
1,0.4271671573752469,0.0030373053159564734
0,0.03354262499093168,0.01138825248926878
1,0.9758769332187659,0.9955301880836487
0,0.014693813420332796,0.0017279578605666757
0,0.29940859575153655,0.5457012057304382
0,0.012694421234671724,0.005370802711695433
0,0.19622489234951357,0.25989681482315063
0,0.02160723460455461,0.012130450457334518
0,0.011457793861160333,0.0028406300116330385
1,0.3400863593523248,0.29735228419303894
1,0.919806627045093,0.9944933652877808
0,0.011189236771390304,0.0044911764562129974
0,0.019321751938879625,0.020629219710826874
1,0.9501133586507235,0.997062623500824
0,0.0549856005197007,0.004644909407943487
1,0.7939701426963083,0.9936781525611877
1,0.9453710247490492,0.9962206482887268
0,0.034058488643189395,0.006719996687024832
1,0.21455024877947226,0.3882359266281128
0,0.08385330908913113,0.006857241503894329
0,0.033241817848350876,0.006085927598178387
1,0.9510862418736858,0.9966611862182617
0,0.01827044313227621,0.0023323348723351955
0,0.010522750665192123,0.004775507841259241
0,0.01638624324595148,0.06026764214038849
1,0.9460557930971114,0.9903126955032349
0,0.09314745805122744,0.08492786437273026
0,0.014720354301269967,0.0052185505628585815
0,0.017945257819759208,0.006068490445613861
0,0.04028553749739994,0.01157365832477808
0,0.029858284701130174,0.22191733121871948
0,0.04627040577067427,0.04694555327296257
1,0.84575007845277,0.993179440498352
0,0.04989930119387867,0.0024119436275213957
0,0.563153384946813,0.5005316138267517
1,0.7454193655459813,0.9914659261703491
1,0.8592177114769094,0.9249805808067322
0,0.22353464808618922,0.020180009305477142
0,0.017570955159959947,0.008958658203482628
1,0.7260426995513248,0.9796690344810486
0,0.010114750993311748,0.0019948938861489296
0,0.025458364622144847,0.016754597425460815
0,0.036482727572531064,0.02137419767677784
0,0.017962500300222853,0.0028542736545205116
0,0.01711561763955054,0.00466653099283576
0,0.012541305434648486,0.008189784362912178
0,0.04255671742741978,0.04761233180761337
0,0.01571061856440982,0.012652731500566006
0,0.7869311983932985,0.9853057265281677
0,0.044740941164966304,0.001711097196675837
0,0.2215729124187231,0.060135044157505035
0,0.07701630777393857,0.11728017777204514
1,0.9763335522106641,0.9951103329658508
0,0.33417193263528394,0.9105955362319946
0,0.05030708491564016,0.12948870658874512
0,0.030036481286652268,0.005124453455209732
0,0.15260538990003344,0.21297256648540497
0,0.03702316609556638,0.015478324145078659
0,0.020432767285648478,0.004850300028920174
0,0.02241469050388498,0.03198866918683052
1,0.9814374328380743,0.9976528286933899
1,0.9874473483960123,0.9977518916130066
1,0.9336039233347972,0.9966256618499756
0,0.10964413728340879,0.32916033267974854
1,0.6808390153991671,0.9908243417739868
0,0.015871215139168032,0.0023228763602674007
0,0.0698864738421662,0.009969969280064106
0,0.03936527635339919,0.002582299057394266
0,0.034358079034360375,0.018412308767437935
0,0.023031178360531653,0.020186936482787132
1,0.9677823734647739,0.9920573830604553
0,0.007660139247014644,0.005385382100939751
0,0.016857713572749008,0.0021990383975207806
0,0.09274985623883597,0.31578272581100464
0,0.014270679604716055,0.004985301289707422
0,0.037909277394775925,0.002729278989136219
0,0.21808002709004565,0.4001857042312622
0,0.03152113971786114,0.0022994603496044874
0,0.3526175516819752,0.30083325505256653
0,0.3457593344292639,0.17502735555171967
1,0.9846893908981549,0.9973207116127014
1,0.9727067452750117,0.9967600703239441
0,0.042281547472530066,0.0026477177161723375
1,0.962962381340285,0.9967419505119324
0,0.02842722207371706,0.1583804339170456
0,0.0056309116097076695,0.002030757023021579
0,0.027559827462451964,0.004891552496701479
0,0.3054915567450099,0.7333182692527771
1,0.931254663725043,0.9968641400337219
0,0.031327924070032986,0.008456879295408726
0,0.125785104488715,0.005073271691799164
1,0.9352234673942444,0.9936636686325073
0,0.05799564282947425,0.005240240599960089
0,0.019323380255304733,0.007032135967165232
1,0.7308204426646091,0.5393611788749695
0,0.010011939408203654,0.0015721784438937902
0,0.16129758749811635,0.5775004625320435
0,0.016933154430818914,0.01597132533788681
1,0.9139301467731042,0.9968140721321106
1,0.9430480571824085,0.9801409840583801
1,0.9532742533918217,0.9938477873802185
0,0.01975592955175111,0.004892636556178331
1,0.93042844672307,0.9926109910011292
1,0.8755460099615155,0.9927724003791809
0,0.2642842868075491,0.04360164701938629
0,0.23545610247396745,0.04947444796562195
0,0.04031221213485375,0.03731648623943329
1,0.9807113096725996,0.9968022108078003
0,0.02710371645639934,0.04168806970119476
0,0.045640934166981194,0.002165122190490365
0,0.027184387141988234,0.01222026627510786
0,0.2825646771612457,0.017028164118528366
0,0.08625743876568571,0.0025177928619086742
0,0.2123137232797669,0.02623426727950573
0,0.023579179192630566,0.005663575138896704
1,0.8846024705928155,0.9432893395423889
0,0.04052649670398141,0.0023619607090950012
0,0.28824066563347517,0.9849581718444824
0,0.07298199397240211,0.030379438772797585
0,0.038773521256804125,0.009893873706459999
0,0.02736010370998693,0.005033206194639206
0,0.09013417888319619,0.029044421389698982
0,0.08323618145799791,0.003998458385467529
0,0.009665282219251841,0.0025212946347892284
1,0.9514235547245027,0.9921497106552124
0,0.09954728584409304,0.020526757463812828
0,0.006803948850614561,0.002297657076269388
0,0.10351998794857067,0.015181241557002068
0,0.020904668163592214,0.006329620722681284
0,0.12238423242669526,0.7082678079605103
0,0.07383049620482578,0.07642050087451935
1,0.9914595381203839,0.9974474906921387
0,0.014740245614508644,0.007948154583573341
1,0.9738387748835824,0.996626615524292
0,0.04090163746421178,0.007136298809200525
0,0.13350345280038248,0.045855529606342316
0,0.020860246764811144,0.006068803835660219
0,0.6922140732778427,0.0822431817650795
0,0.4495268799740106,0.5898783802986145
0,0.023099624285683934,0.01154629047960043
0,0.006726314389152712,0.003924025222659111
1,0.9577219421311953,0.9331755638122559
1,0.8965602564342262,0.9965954422950745
1,0.8318216737909133,0.9926995635032654
1,0.9843771166410974,0.9958198070526123
0,0.05078702059669634,0.004992646165192127
0,0.024791287580200792,0.0034022226464003325
0,0.0531061620090503,0.002450266620144248
0,0.015411029298211018,0.0015563322231173515
0,0.02141066693934428,0.01335987914353609
0,0.018422389844306924,0.020881129428744316
0,0.03188663676319924,0.002199962269514799
1,0.21808002709004565,0.4102461338043213
0,0.2847118405034224,0.7367784976959229
0,0.028501628925918347,0.02092566527426243
0,0.027416772669871355,0.0020114262588322163
1,0.9828242456168089,0.9977148771286011
0,0.008987551646515966,0.0035377214662730694
1,0.8574782176044758,0.9945053458213806
1,0.6420520730019621,0.8148027062416077
1,0.9417994679934937,0.996723473072052
1,0.9307278839574066,0.9944679737091064
0,0.02491954122790613,0.007177893538028002
1,0.9846952742402939,0.9980074763298035
0,0.07620088718088332,0.030781066045165062
0,0.20257387691389164,0.38411757349967957
0,0.017544229562778502,0.015135880559682846
0,0.01039741768803248,0.0021196582820266485
0,0.03795124251146959,0.0020581854041665792
0,0.022267751572236334,0.008489733561873436
0,0.019865444936767396,0.03306654840707779
0,0.06942115058955443,0.09484193474054337
0,0.045345432630727295,0.004045772831887007
0,0.02003106752684222,0.005223454441875219
0,0.03762787919440446,0.002776054898276925
0,0.35148899400675726,0.8899412155151367
0,0.6455083078533684,0.03276016563177109
0,0.050246474919090386,0.002447783015668392
0,0.040417016858090876,0.014009125530719757
0,0.045607569684679945,0.3998384475708008
1,0.9430551301001427,0.9973503351211548
0,0.007398476444614947,0.033889107406139374
0,0.02051526169827232,0.005012257490307093
0,0.07212127412649381,0.015173465013504028
1,0.9537222328782128,0.9961898326873779
0,0.016097951787252943,0.005584313999861479
1,0.9792339205985079,0.9951207041740417
0,0.071873935004872,0.010168582201004028
0,0.050479273887977544,0.014713854528963566
1,0.9293669922121961,0.9821600317955017
1,0.9505688532717467,0.996880054473877
0,0.0259642349828587,0.013430269435048103
0,0.1459314196022947,0.09822675585746765
0,0.018589245774242338,0.002524289535358548
0,0.035320965787131724,0.01870788261294365
1,0.2789973631816187,0.002951335860416293
0,0.010465809456732972,0.00901593267917633
1,0.9603188028157429,0.9928972721099854
0,0.051405282878110144,0.0029345748480409384
0,0.043861861239340265,0.03204380348324776
0,0.03415739723500575,0.02967705950140953
1,0.9674890286435022,0.9960822463035583
1,0.8614341696107569,0.9836951494216919
0,0.02365454039244801,0.01816742867231369
0,0.024878418559336528,0.017640497535467148
1,0.3151036822541718,0.44060757756233215
1,0.6701158277024861,0.9503581523895264
1,0.7864069355044183,0.9693114161491394
0,0.02832474074579332,0.007005427032709122
0,0.0307599250037901,0.0020118015818297863
0,0.36814044114180544,0.0037606910336762667
0,0.21361929451087786,0.02604738622903824
0,0.04755589259989901,0.013282790780067444
1,0.2778113616144303,0.636024534702301
0,0.05150388279118508,0.007913068868219852
0,0.017473180003685366,0.00472376449033618
0,0.2851973544893316,0.021270116791129112
0,0.03453536742451121,0.006790748331695795
0,0.06272148683123746,0.0368216335773468
0,0.008812067278767419,0.004475646652281284
1,0.8666435897106601,0.9908031225204468
1,0.10483412979880506,0.03485650196671486
0,0.02682810401807264,0.33520370721817017
1,0.973535779163766,0.9965831637382507
1,0.9533228904393689,0.9792035818099976
0,0.00844140077241819,0.005193234421312809
0,0.42672284461059573,0.13221855461597443
0,0.2397143789467153,0.5957281589508057
0,0.017011311082339227,0.0048630861565470695
0,0.010546837449603528,0.002474958775565028
1,0.22914306303597906,0.01128885056823492
0,0.01004468722877567,0.002224723342806101
0,0.019214163262573417,0.004779015202075243
0,0.06185820376953338,0.006814237684011459
1,0.9446663438762497,0.9946029782295227
0,0.045477985355477674,0.0026179933920502663
1,0.9447342274111231,0.9958534240722656
0,0.03284394591572065,0.0021479667630046606
0,0.9215629421834738,0.9792811870574951
1,0.9539581774349676,0.9928834438323975
0,0.04001818369089912,0.018063394352793694
0,0.3014336772406304,0.4219445288181305
1,0.4158287600770338,0.9761524200439453
0,0.009590662148609671,0.0058703115209937096
0,0.009203090116901569,0.0020304883364588022
0,0.10171808590339824,0.7544076442718506
0,0.024676673825639015,0.009037093259394169
0,0.02158132023699967,0.005077236797660589
0,0.20024696421406532,0.034947652369737625
1,0.3400581969690259,0.549114465713501
0,0.03464020987061446,0.011117939837276936
1,0.8771582864280197,0.9403954744338989
0,0.07397672006258799,0.0041199675761163235
0,0.11562338864856403,0.015837086364626884
0,0.03581295067000107,0.015966087579727173
1,0.8807551567477179,0.9675591588020325
1,0.9740102759762876,0.9972148537635803
1,0.9510343027446504,0.9973540306091309
0,0.2215729124187231,0.05771469697356224
0,0.03198700009916929,0.012959646992385387
1,0.8739102954973421,0.981812596321106
0,0.029781235278531517,0.00188915291801095
1,0.9572174901219103,0.9945664405822754
1,0.954195276590695,0.9967030882835388
0,0.044322806712634596,0.0023505957797169685
0,0.008206462346277721,0.00529055530205369
0,0.29824028564515037,0.0030255040619522333
0,0.01634571130618158,0.0052667646668851376
0,0.01772596814596503,0.00529472716152668
0,0.05998616410985622,0.0037655464839190245
1,0.8908609086917018,0.9970189332962036
0,0.031776412082602755,0.0024388732854276896
0,0.08765925054978994,0.005410842597484589
1,0.9290176655362471,0.7551811933517456
1,0.9758074385990207,0.9976596832275391
0,0.009507330068438503,0.001592446817085147
0,0.10456988293160635,0.06069231405854225
0,0.01245649019570924,0.003012588247656822
0,0.23036502501085268,0.05152033269405365
0,0.04845631154063864,0.0023646296467632055
0,0.014626617721212796,0.0023351237177848816
0,0.016096396771948046,0.007606679107993841
1,0.9240557798917379,0.9944067001342773
1,0.964014173688609,0.9967488050460815
0,0.05846328192821237,0.005082693416625261
0,0.017132147364812698,0.00768651207908988
0,0.3581303499249122,0.015034908428788185
1,0.932567039488987,0.9715386629104614
1,0.8708752591382778,0.9937981963157654
0,0.030316713672848123,0.005288540385663509
0,0.057705756238288684,0.0037327732425183058
0,0.047467125843176194,0.007490603253245354
0,0.1438207056822927,0.03613126650452614
1,0.024555212401170604,0.023145226761698723
0,0.05172322783521979,0.0022319729905575514
0,0.055054797911898656,0.005613514222204685
1,0.3495651262900473,0.3278755843639374
1,0.9789652990640941,0.9969915151596069
1,0.810097377952237,0.9666560292243958
0,0.01891873537858283,0.001871790154837072
1,0.3021744204898753,0.3144902288913727
0,0.07111879080046744,0.004344301763921976
0,0.052982590183747375,0.01782589964568615
0,0.02426240224128358,0.0020625225733965635
1,0.922487620390178,0.9953666925430298
0,0.011798846444782426,0.005249381065368652
0,0.04090137150822849,0.002237160922959447
0,0.014269695776573723,0.016337769106030464
0,0.03296284427300149,0.0020796966273337603
0,0.019848813893631474,0.003817403456196189
1,0.9314003607016133,0.9920060038566589
0,0.028426794450006034,0.0021092663519084454
0,0.3957971198005306,0.012117971666157246
1,0.9428563507693182,0.9744524359703064
1,0.9166090390312959,0.9932689070701599
1,0.6384156502229611,0.07263350486755371
0,0.17291453322522637,0.9270622730255127
0,0.06297882368326953,0.018884561955928802
0,0.012813375148812478,0.004357321187853813
0,0.029102707082198042,0.02078048326075077
1,0.2341026877494783,0.6488803625106812
1,0.5761795947916214,0.17216303944587708
1,0.8483643710074593,0.9965959191322327
1,0.8999484997373141,0.9934237003326416
1,0.15680361355926814,0.2629093825817108
0,0.029003071536414658,0.007432933896780014
0,0.01664924509620735,0.002386125037446618
1,0.9739525574480431,0.9971010088920593
0,0.03755691304503249,0.016839899122714996
0,0.16230258811204937,0.7215927243232727
0,0.01330393323317526,0.0022111653815954924
0,0.008737935057275551,0.00294413510710001
0,0.024119756081757662,0.0032559221144765615
0,0.011556496518447038,0.001977908657863736
1,0.9949139507965234,0.9952325224876404
0,0.29055973268016294,0.05116945877671242
0,0.1777723125507327,0.688014805316925
0,0.010218843137364465,0.0022105921525508165
1,0.9534229794136162,0.960188627243042
1,0.9151347341967209,0.9945439100265503
0,0.4582224253554268,0.8650819659233093
0,0.7411752393599538,0.664246141910553
1,0.8035056983870079,0.9841278195381165
0,0.0273783846320035,0.0020098956301808357
0,0.024020504490005604,0.00524084223434329
1,0.6120065242971758,0.9783212542533875
0,0.27319144886888413,0.7220650315284729
0,0.04274658583686304,0.021685853600502014
0,0.2147840979215901,0.03928855434060097
1,0.9664574174192847,0.9976499676704407
0,0.2215729124187231,0.06538938730955124
1,0.9148680727065092,0.7051459550857544
0,0.022790153617605145,0.00988183356821537
1,0.4061795334808564,0.6757394075393677
0,0.03852059220966585,0.007876263000071049
0,0.13095062815185987,0.017133325338363647
0,0.022419716195354253,0.9381791949272156
0,0.04167361118860988,0.019821396097540855
0,0.038340380136788824,0.0021332886535674334
0,0.3445931923961787,0.01798086240887642
0,0.06148429865677716,0.45795854926109314
0,0.0595795097473709,0.0034291280899196863
0,0.010082497666727048,0.0022707548923790455
1,0.24941537615395434,0.3318645656108856
0,0.025850757414779366,0.007512290962040424
1,0.8686522324308239,0.971158504486084
1,0.057324556697643456,0.008192898705601692
0,0.14192739772325305,0.6968066096305847
0,0.021993210769041274,0.002081221202388406
1,0.9606662012191893,0.9972618818283081
1,0.0524427732917455,0.003403744660317898
0,0.013402352922428994,0.004860299173742533
0,0.016008649154520507,0.005022083409130573
0,0.03653180163063538,0.02286878041923046
1,0.3258612526332113,0.8594682812690735
0,0.04429898891574932,0.5446689128875732
1,0.9879700934359994,0.9974188804626465
0,0.02101372946627608,0.02562735229730606
1,0.7049182411806568,0.9890121221542358
0,0.036111051937616656,0.0020807855762541294
0,0.02148687993748535,0.010741939768195152
0,0.018741845883014033,0.0045963977463543415
0,0.05461490115602373,0.002033105818554759
0,0.013734732587771267,0.0037316156085580587
0,0.01546223569321332,0.004856523126363754
0,0.03796575000562273,0.028321722522377968
1,0.9909740382038058,0.997894823551178
0,0.7034209121590819,0.9034700989723206
1,0.9750418756531527,0.9974234104156494
0,0.06855324628671759,0.0020981610286980867
0,0.02655490560957891,0.00677860900759697
0,0.03267691687276387,0.005156926345080137
0,0.05231450157115977,0.13126240670681
0,0.0537021864889118,0.6877344250679016
0,0.02036332614567436,0.005289431195706129
1,0.9368181140817338,0.9968674778938293
1,0.9379069617601022,0.9912436008453369
0,0.024362128328159358,0.016877062618732452
0,0.008069410339446852,0.005226530134677887
1,0.9892336053970185,0.9952732920646667
1,0.9522403251488202,0.9947476983070374
1,0.9901388014348502,0.9956992864608765
0,0.14213134594049054,0.05743160471320152
0,0.19298448147762348,0.13582204282283783
0,0.17520548493598992,0.4838815927505493
0,0.46771984967572416,0.018180303275585175
0,0.10669711017257849,0.0021629289258271456
1,0.9611792744748711,0.9948022365570068
0,0.00831097955347416,0.006906572263687849
0,0.04319588689189051,0.0022210292518138885
0,0.00728198323369907,0.0026040831580758095
0,0.24938602960052644,0.10158126801252365
0,0.03370678109767355,0.0051734559237957
0,0.050373624451885264,0.005620563868433237
0,0.07385306700150265,0.014821437187492847
1,0.9171885851492418,0.9651448726654053
0,0.07885998254485364,0.011043303646147251
0,0.019107376898394757,0.0057657379657030106
1,0.8869121324472788,0.9925214648246765
0,0.22062430000348382,0.2591346502304077
0,0.28565361509028103,0.1666153073310852
1,0.9526526546514863,0.9548717141151428
1,0.9795272575945441,0.9969454407691956
0,0.025029320085324686,0.010160781443119049
1,0.9497661373647481,0.9905010461807251
0,0.013827060941855793,0.0018913948442786932
0,0.02759735583338869,0.020992711186408997
1,0.8787453159492881,0.9970184564590454
1,0.9341077585169208,0.9960598349571228
0,0.18012319007023636,0.6923733949661255
0,0.05535157168861575,0.026911530643701553
0,0.07686261099064166,0.00527542270720005
1,0.9381863441884689,0.9947059750556946
0,0.06388591310199673,0.007748388219624758
0,0.03383983711238713,0.02678912878036499
0,0.013280401069390192,0.004955172538757324
1,0.12401318091373828,0.16881680488586426
0,0.02710456466837173,0.015556743368506432
0,0.26227839359456145,0.33127015829086304
1,0.26636508713180146,0.3162158727645874
0,0.021247801915421822,0.005370338913053274
0,0.04516545359423484,0.002051977440714836
0,0.1050784822920699,0.059144917875528336
1,0.9943954361978937,0.9948831796646118
1,0.2963031471002565,0.543684720993042
1,0.8021409064348538,0.04690458998084068
0,0.027675930241649226,0.01114982645958662
0,0.051774397064194635,0.12535013258457184
0,0.008825327423110957,0.0024817525409162045
0,0.018757882814522016,0.020754022523760796
0,0.05433784934998427,0.012220939621329308
0,0.029619994285926383,0.02154776081442833
0,0.13531334734857653,0.11186836659908295
0,0.009028534351475201,0.002151115797460079
0,0.12076585036132928,0.08568919450044632
0,0.014971000638134606,0.02045183628797531
0,0.01449100230115204,0.004442190285772085
0,0.014273437751443824,0.005972341634333134
0,0.0738336990747934,0.04861445352435112
1,0.9850632205944233,0.9976798892021179
0,0.09905517587729686,0.06532923132181168
1,0.9545953212905578,0.9946910738945007
0,0.5196122531943679,0.892942488193512
0,0.025209085890545165,0.008830102160573006
0,0.06129281664495579,0.021343877539038658
0,0.03498133486077134,0.33079710602760315
0,0.03313272331124592,0.014669808559119701
1,0.6083707525739894,0.8783926963806152
1,0.9900719468835593,0.9948712587356567
0,0.06176945549405899,0.021023649722337723
0,0.004479368460167132,0.002172214211896062
1,0.9563312814111453,0.9969141483306885
1,0.9223140214954657,0.9931765198707581
0,0.04343214513097262,0.0056755561381578445
1,0.710355448555797,0.5531172156333923
0,0.04419160214509934,0.0021347408182919025
0,0.20408058099668108,0.21222706139087677
0,0.01666282067108641,0.018966995179653168
1,0.8421975442574644,0.9866325259208679
0,0.014094711216732165,0.003123804461210966
0,0.019748119514767827,0.019505390897393227
0,0.011776753156339444,0.0022068386897444725
1,0.8985031276533583,0.9959838390350342
0,0.03933111683619516,0.009980493225157261
1,0.9930594556764097,0.9932176470756531
0,0.13589898883109,0.002613262739032507
0,0.06794162500413674,0.0095633240416646
0,0.021612427260519727,0.03167600557208061
1,0.9676220620037589,0.9945690631866455
1,0.9087534916141019,0.9673070907592773
0,0.2215729124187231,0.0560278557240963
0,0.028242172147999046,0.005222022999078035
0,0.027909819842737296,0.0020345652010291815
0,0.11941905409441197,0.03743306174874306
0,0.05550776320122522,0.007611366920173168
0,0.18121576820793273,0.03620151802897453
0,0.03422027283691729,0.02056165039539337
1,0.9528841000702971,0.977523684501648
1,0.47174138136613886,0.9569472074508667
1,0.925748692858399,0.9954351782798767
1,0.8326574286040451,0.9921018481254578
1,0.8965883567648466,0.9840738773345947
0,0.020649511677241977,0.034014586359262466
0,0.026626783384761665,0.020513728260993958
1,0.04365644231485385,0.005056434776633978
0,0.021590840093961932,0.004802274517714977
0,0.11340603803956649,0.1672929972410202
0,0.14011656378877474,0.02499108389019966
1,0.98624325829271,0.9908857345581055
0,0.12039724618750482,0.07018160074949265
1,0.38619219066619975,0.06175483763217926
0,0.20787661179103487,0.6296242475509644
0,0.09756926694841261,0.019106240943074226
0,0.15078372888468355,0.8132109642028809
1,0.9480178830231099,0.9936184883117676
0,0.0587348403791389,0.0034828318748623133
0,0.01853944868517321,0.0019362687598913908
1,0.2595937955310913,0.9891722202301025
0,0.046189107662579894,0.017889870330691338
0,0.019008640524621225,0.015103006735444069
1,0.9763662931450116,0.9976016879081726
0,0.3384140169649656,0.5563472509384155
1,0.9876899513257192,0.9892714023590088
0,0.059916305514908626,0.01802683249115944
1,0.944148722776472,0.986491858959198
0,0.13088494753177582,0.02422729693353176
0,0.025823307455625586,0.0051263305358588696
0,0.007544985602953279,0.004406064283102751
0,0.02069712510738822,0.005029423162341118
0,0.0577149625922833,0.0021368523593991995
0,0.03130922682143252,0.01704893819987774
0,0.009805317454739188,0.0028634092304855585
0,0.02019156117442831,0.007456174585968256
1,0.9258222630719324,0.9969490170478821
1,0.35041963544925175,0.6950781941413879
0,0.06549566855810712,0.01396436057984829
0,0.0737676680380886,0.3311522901058197
1,0.9767405637475691,0.996934175491333
1,0.9726735028798617,0.9959481358528137
1,0.6451411487266983,0.5424885749816895
1,0.532703580495349,0.3285307288169861
0,0.019031673590743682,0.004566744435578585
0,0.04037053682618629,0.0759417712688446
0,0.0728326808423348,0.703458845615387
0,0.04259554597154834,0.02710944227874279
0,0.10825945719299909,0.48886871337890625
0,0.12017247744447164,0.1557701826095581
0,0.06559872756669666,0.08615417033433914
0,0.0938033950324105,0.01580040715634823
1,0.975384216837906,0.997434675693512
0,0.13227874516061275,0.0038363158237189054
0,0.03486568499714044,0.002343101194128394
0,0.29438340277051817,0.22518041729927063
1,0.9568459140990749,0.996745228767395
0,0.09378571997795221,0.10285749286413193
0,0.055676883362773176,0.002824450610205531
0,0.027866790974055346,0.01604064367711544
1,0.836198504948308,0.9876046180725098
0,0.01678990498331605,0.014247122220695019
0,0.03819475442131804,0.002099928678944707
0,0.010121317275490826,0.006900706794112921
0,0.22242640752821757,0.013712500222027302
0,0.0252682290929711,0.005613545887172222
0,0.045408282978628665,0.020079493522644043
0,0.034809738378979146,0.18762759864330292
1,0.9749289842891576,0.9918791651725769
0,0.05769054917787418,0.003401361173018813
0,0.035238928408889036,0.005935856141149998
1,0.9288389781913496,0.9966247081756592
0,0.016677505216218663,0.004821491427719593
0,0.2695242361260745,0.31040334701538086
1,0.9484232485790571,0.9966210126876831
0,0.031813177523262876,0.00860960315912962
0,0.04715321952127778,0.01992986351251602
0,0.031000051084042426,0.005082995165139437
0,0.03246771382015912,0.008352878503501415
1,0.9884383332327079,0.9943029880523682
1,0.9660863024409607,0.995578944683075
1,0.9381801480580798,0.9964074492454529
1,0.8924135628527002,0.9959927797317505
0,0.027116650784138677,0.0015734455082565546
0,0.007009449570484098,0.0018018990522250533
0,0.3603032777639156,0.8828292489051819
1,0.9083654269319268,0.9907642602920532
0,0.24990742117851872,0.07391778379678726
0,0.018703331742841094,0.08737459778785706
0,0.24554040464095514,0.9132269620895386
1,0.983799502585562,0.996059775352478
1,0.9008502162900359,0.9964028596878052
0,0.08025150149946558,0.6319328546524048
1,0.9755899327439561,0.9951776266098022
1,0.9940819212081359,0.9961232542991638
1,0.8797584255452642,0.9932188391685486
0,0.901161723065635,0.8688380718231201
1,0.9576547929727673,0.9960188269615173
0,0.11998748754267166,0.8942110538482666
0,0.1068208484513839,0.19718004763126373
0,0.024972433988646663,0.007386504672467709
1,0.9914470663045752,0.9962515234947205
0,0.05315919456628287,0.007031943183392286
1,0.7498200776515442,0.11076956242322922
0,0.017016752637709538,0.005330184940248728
0,0.17532510697868664,0.04662285000085831
1,0.7719265055179123,0.978910505771637
0,0.008304671063331562,0.0024604718200862408
1,0.4925910406419167,0.9886918067932129
0,0.026179517853699586,0.005105070769786835
1,0.9412405166515337,0.9947441816329956
0,0.25566081727762296,0.08854009211063385
1,0.864700692570218,0.9960576295852661
1,0.9772745975179131,0.9958627223968506
0,0.04314983780110395,0.010175703093409538
0,0.030725667572505357,0.02176700346171856
0,0.12219887125136591,0.04933157563209534
0,0.05238784048438207,0.01170192938297987
1,0.8253004944828158,0.996648371219635
0,0.007965701859504442,0.002186904428526759
0,0.04507464359157657,0.01651170663535595
1,0.9969514336282082,0.9970909357070923
1,0.9672938511076794,0.9945464134216309
1,0.9603419066928857,0.9943021535873413
0,0.05111882949538728,0.01731821522116661
0,0.029382673672476267,0.07066146284341812
0,0.009357752133947959,0.0021493767853826284
0,0.14073772798952475,0.9220860600471497
1,0.9529996384814662,0.9928457140922546
1,0.9247096285606257,0.9970887303352356
0,0.397326825969141,0.5796113610267639
1,0.9458319421045018,0.9962443113327026
0,0.11570299638367892,0.011422322131693363
0,0.02717020738121806,0.009046530351042747
1,0.5298661375137032,0.9713395833969116
0,0.04691478321560911,0.013352238573133945
1,0.9801972759720884,0.9956890940666199
0,0.01814756507132008,0.005258142948150635
1,0.039323788236009204,0.002830718643963337
0,0.18090720884497224,0.09704047441482544
0,0.03758911335019678,0.0067573413252830505
1,0.8670472788931163,0.9966661334037781
0,0.033764024000995145,0.0072293817065656185
0,0.875847121514917,0.9846870303153992
1,0.9499057140508005,0.8709849119186401
1,0.7706052683459093,0.824610710144043
1,0.7884765831141204,0.8510462641716003
0,0.01537943769072302,0.008447028696537018
1,0.9916141645738262,0.9954694509506226
1,0.988449251363654,0.994577169418335
1,0.9674402516333874,0.9950454235076904
0,0.010190346981428719,0.0017582630971446633
0,0.047521737316793884,0.00488858250901103
1,0.730115368592875,0.9781584739685059
0,0.011300374379201457,0.004988859407603741
0,0.02375076268641176,0.0074018328450620174
0,0.039727320922070035,0.037068769335746765
0,0.5952162351305167,0.04540182277560234
0,0.024284751089066726,0.002412747824564576
0,0.7812987038435935,0.7759222984313965
0,0.016547251020937386,0.006516905967146158
0,0.023091059994170923,0.0091285090893507
0,0.013515859891125926,0.0021033198572695255
0,0.03484467831235874,0.00871637649834156
0,0.031660146253712655,0.031955331563949585
1,0.9290721195185253,0.9969292283058167
0,0.0900548992479162,0.0035215658135712147
0,0.1815538816944012,0.11204713582992554
0,0.07840180604747003,0.0038121864199638367
1,0.6200302368317345,0.9468555450439453
0,0.040389704466115714,0.0025386393535882235
0,0.27825742985550206,0.04081553593277931
0,0.04463019877017922,0.10750432312488556
0,0.012843811905564884,0.005272398237138987
0,0.015296356964564444,0.008779199793934822
0,0.04377528347221069,0.03416237607598305
0,0.064741393275154,0.020999865606427193
1,0.927682926720494,0.994186282157898
1,0.884166929899066,0.9961189031600952
0,0.9061012257048134,0.8138824105262756
0,0.004306563841568244,0.002293343422934413
0,0.07748383110283177,0.015724699944257736
0,0.19846389078931273,0.12917165458202362
1,0.9410226835749493,0.9920022487640381
0,0.19179179551572148,0.2564634382724762
0,0.01612181865515614,0.005123247858136892
0,0.007410190233422106,0.0053357393480837345
0,0.07142103805390039,0.011898456141352654
1,0.9335386728564682,0.9607797265052795
0,0.05507976468189839,0.11016874760389328
1,0.6539029162063484,0.9935917258262634
1,0.7982147852655395,0.9745092988014221
0,0.04593115803216693,0.016442831605672836
1,0.9261004494694179,0.9961601495742798
0,0.02793241524121589,0.00588359497487545
1,0.870055894674007,0.9727282524108887
1,0.8582737342577118,0.995705783367157
0,0.02136465067369198,0.00200101500377059
0,0.04206357061740427,0.006197282113134861
0,0.0461784463210792,0.026966340839862823
0,0.03413200934166405,0.003837819676846266
0,0.19113489124472596,0.002198166912421584
1,0.9795365764929712,0.9965944886207581
0,0.05687826933058148,0.025995273143053055
0,0.22806694395672705,0.07087525725364685
0,0.03925453552863829,0.025913594290614128
0,0.0490053996270927,0.017130130901932716
1,0.861953060790006,0.9957917928695679
0,0.21490459240247994,0.278584748506546
0,0.070910001271841,0.017183374613523483
0,0.03642899439263596,0.022029178217053413
1,0.8680987671084741,0.9314447045326233
0,0.023552129504226166,0.0020581118296831846
0,0.10874474811816293,0.03116845153272152
0,0.02652313912750857,0.01687195897102356
0,0.010416848493987772,0.0019758702255785465
1,0.9507443307230222,0.9958332777023315
0,0.04052653063883811,0.020862337201833725
1,0.9850807972994792,0.9941619038581848
0,0.01994707007219647,0.00492459861561656
0,0.7539146374129816,0.6360500454902649
0,0.04659326295590197,0.002299158601090312
1,0.7640218275437309,0.9971109628677368
0,0.29880451696427024,0.5031251907348633
0,0.03560595633251756,0.015408079139888287
1,0.2546963140542168,0.7798007130622864
0,0.03429694844270613,0.0039787027053534985
0,0.1098597394698122,0.012650766409933567
0,0.01637545696875977,0.006517162546515465
0,0.05454834361806338,0.013135666027665138
1,0.9579496923201113,0.996964156627655
0,0.02332753580528338,0.004870730452239513
0,0.053878011076602915,0.009060511365532875
0,0.029626169295975443,0.0020099144894629717
0,0.13548365993113584,0.007887247949838638
0,0.02530610338136064,0.004974345210939646
1,0.8614175653027041,0.9958832263946533
0,0.08775034465545087,0.13314858078956604
0,0.1293954606082118,0.006469074636697769
0,0.025536016473038256,0.1691095530986786
0,0.009942835458431427,0.004969431087374687
0,0.20016766715606935,0.03063875250518322
1,0.9773710671715299,0.9912529587745667
0,0.10400695595318007,0.002211734652519226
0,0.08282890996317725,0.12434157729148865
0,0.03781548251967913,0.01923299953341484
0,0.07697699789000334,0.24504537880420685
1,0.41772233681950055,0.9844299554824829
0,0.08789988373731776,0.019005460664629936
0,0.055526771446569353,0.008043197914958
1,0.6650845227933883,0.9890456199645996
0,0.090049425077223,0.537321925163269
1,0.6751242894731141,0.9785957336425781
1,0.9009797793712321,0.9624560475349426
0,0.01576776136151519,0.0019986415281891823
0,0.032942446289242706,0.02133544720709324
0,0.06000707213932915,0.008981455117464066
0,0.03310627693310334,0.012788002379238605
0,0.055145333953089036,0.1252935230731964
0,0.04563518293431968,0.1597212553024292
0,0.03040988920456977,0.003655903274193406
0,0.019985562456372986,0.15265406668186188
0,0.529488121576664,0.021334894001483917
0,0.011187668282821856,0.0021496335975825787
1,0.9616775174206137,0.9951604008674622
0,0.08552197175066609,0.39485278725624084
1,0.9285768916450603,0.9749189019203186
0,0.2374197907118585,0.006373078562319279
1,0.9814024446193378,0.9896458983421326
0,0.026160907498622765,0.014844830147922039
0,0.022027568500410304,0.014517325907945633
0,0.03418418324496318,0.02635583095252514
1,0.9770101481966017,0.9979435801506042
0,0.024690986007065614,0.017072534188628197
0,0.03146779959471582,0.007808145601302385
1,0.9815205584031838,0.9951456189155579
0,0.0645654656763567,0.034061599522829056
0,0.045738690977462915,0.06493385136127472
0,0.12291506774203889,0.0307052880525589
0,0.45095715270467485,0.9820085763931274
0,0.1998126733506729,0.03923298418521881
0,0.21425481106208247,0.42990842461586
0,0.03834022869203868,0.31290581822395325
0,0.008398397460833491,0.0016201609978452325
1,0.8628870752531324,0.9672333598136902
0,0.037572489865861786,0.02403254061937332
0,0.04287811374993469,0.11642536520957947
0,0.07390704779157857,0.005110397003591061
1,0.9750898615684531,0.9941748976707458
0,0.036270930855412706,0.0028418840374797583
0,0.030003584805504913,0.012676737271249294
1,0.9070211315926985,0.993584930896759
0,0.02734085643266622,0.015641482546925545
0,0.2567752940898885,0.6657297611236572
1,0.9613801053457726,0.9358502626419067
0,0.11228753340063787,0.8322362899780273
1,0.9608497414279399,0.996292233467102
1,0.8795981547834085,0.9949089884757996
0,0.10157644260739102,0.004670113790780306
0,0.3078477937160954,0.4361353814601898
0,0.041814574852615014,0.0026509545277804136
0,0.06157081547433725,0.13218192756175995
0,0.045287607311167884,0.003358390647917986
1,0.8486624786998684,0.9935027956962585
0,0.09847054633943193,0.6093238592147827
0,0.022905563112591728,0.020178135484457016
0,0.05417662144021997,0.014996408484876156
0,0.0171669175391532,0.0021032337099313736
0,0.035332329245398184,0.1348462551832199
0,0.01926813647430229,0.0061687082052230835
1,0.9677410234780182,0.9950329065322876
0,0.21490459240247994,0.3719731569290161
0,0.6728811144865668,0.913780689239502
0,0.022896721745466656,0.002088383538648486
0,0.03615897511729909,0.019516095519065857
0,0.45098127004543287,0.7208160161972046
0,0.03509333431103697,0.0021245647221803665
1,0.9533617082068219,0.9942725896835327
0,0.03377705928071413,0.002041206229478121
1,0.8411078325625165,0.9823691248893738
0,0.32406499678332285,0.00899041909724474
0,0.02352052635649387,0.00943798292428255
0,0.025915349029023364,0.002642847830429673
1,0.9078795427473462,0.9868413209915161
0,0.6606597907144909,0.10835828632116318
0,0.018104257274779417,0.005226597189903259
0,0.02030828009174884,0.019118571653962135
0,0.1277508333052954,0.6088513731956482
1,0.9489638945804744,0.99628746509552
0,0.028520303345254815,0.00663677928969264
0,0.018628690202163643,0.002409074455499649
0,0.7258491925879192,0.9724354147911072
0,0.030205693357178827,0.0020463373512029648
0,0.005094371222023157,0.0015608156099915504
0,0.11554641967729704,0.0022242057602852583
0,0.08780709739694395,0.006689529400318861
0,0.015633348076222194,0.007191336248070002
0,0.1117220736072285,0.004504074342548847
0,0.020714815520363743,0.004902583081275225
1,0.7900741684927274,0.9725931286811829
0,0.0688306913530894,0.004797230940312147
0,0.009477388901976368,0.005184737499803305
0,0.035126690587600866,0.020816393196582794
0,0.3403591992752083,0.0391426682472229
1,0.3078477937160954,0.4157863259315491
0,0.019511012406448227,0.05486522614955902
0,0.00999478688592497,0.005351587664335966
1,0.9587602941475514,0.9944887161254883
1,0.975819188344644,0.9961800575256348
1,0.9231203755840366,0.9896805882453918
0,0.08244045022181151,0.6381276249885559
1,0.37797793196973345,0.9846704006195068
0,0.021709157914051383,0.01767156831920147
0,0.28460539322773915,0.22486020624637604
0,0.11750560346237679,0.2400311380624771
1,0.9259302702958399,0.9937196969985962
0,0.06686126704653025,0.02043469436466694
0,0.05724659371640557,0.01105925627052784
0,0.015322629476724354,0.00600550277158618
0,0.07570911818825318,0.00214850134216249
0,0.2215729124187231,0.05578604340553284
0,0.05523632340758139,0.019990144297480583
0,0.029103077516234564,0.024263529106974602
0,0.02356066740335461,0.005340253934264183
0,0.04952368555164682,0.012645436450839043
1,0.9588136116611032,0.9975281357765198
1,0.9864237717440244,0.9949070811271667
1,0.979378030728003,0.9966463446617126
0,0.8432988714279865,0.9883225560188293
0,0.014709338770948429,0.0020458262879401445
1,0.4772513327602983,0.9312845468521118
0,0.04319785341329895,0.005219966638833284
1,0.9398014420019134,0.9968494772911072
0,0.008999430315835362,0.005458024330437183
1,0.9347147134490477,0.0025658353697508574
0,0.018119045641230284,0.013246254064142704
0,0.018885027731937384,0.01686091348528862
0,0.3104819558532599,0.4306906461715698
0,0.06302322761323133,0.002183550503104925
0,0.006566250734435608,0.0024964832700788975
0,0.034454439353118,0.00630627665668726
0,0.0486891606441157,0.00966616626828909
0,0.021490212001511372,0.004443533252924681
0,0.015093135312370658,0.008159875869750977
0,0.45616291832100325,0.31979846954345703
0,0.030201016767754635,0.016738250851631165
0,0.5948881561342636,0.036051224917173386
0,0.039138144067642364,0.0020674397237598896
0,0.36424564581822794,0.045256108045578
1,0.9043332225228012,0.9953263998031616
1,0.966655698448133,0.9955615997314453
1,0.8258751626178731,0.9073621034622192
0,0.08126668346300703,0.0026001897640526295
0,0.5694588487365093,0.9083072543144226
0,0.015032001119777125,0.005557316821068525
0,0.008566474907702612,0.0055636451579630375
1,0.555333305547246,0.944370687007904
1,0.9522405195225006,0.9855449795722961
0,0.007897626518824537,0.005170754157006741
0,0.03697710998151714,0.002101074205711484
1,0.7970565413042713,0.9790775179862976
1,0.27032585479299626,0.9127196073532104
0,0.16673725886856983,0.017539596185088158
0,0.007933043586042835,0.004788061138242483
0,0.037367898750291104,0.00562985660508275
1,0.862189784787782,0.9881044030189514
0,0.12176711414063898,0.09008337557315826
0,0.0840974857381929,0.01713772676885128
0,0.02241622124418577,0.006196031346917152
0,0.2646460478129811,0.3164236545562744
0,0.02049997769179516,0.004819570109248161
0,0.03340508874118472,0.008585858158767223
0,0.04967835874092288,0.002175417495891452
0,0.0156669409710321,0.002348818350583315
0,0.022952034260133876,0.012702115811407566
1,0.2324827721387839,0.048793334513902664
0,0.014498192611937159,0.0022645150311291218
0,0.027744567061135775,0.001994057558476925
1,0.9381310053800839,0.9964179992675781
0,0.023650309547228434,0.0051401229575276375
0,0.016164427696007393,0.019116122275590897
0,0.19478260226822194,0.004631161689758301
1,0.6316412999966856,0.9046699404716492
0,0.022525388670641383,0.014778949320316315
0,0.043965735414538076,0.020982608199119568
1,0.9602273368300079,0.984592854976654
0,0.048425738222206964,0.005846722517162561
0,0.5145102019343685,0.9847660064697266
0,0.07734358478908909,0.02675354853272438
0,0.028494220819189505,0.004340102430433035
1,0.11808255863757074,0.03300260752439499
0,0.24075140064683903,0.764563262462616
0,0.04854278858425439,0.004349760711193085
0,0.20068790770503253,0.0021067645866423845
0,0.03713282268729571,0.0021393490023911
