catboost_tuned,xgboost,lightgbm
0.9755570223074378,0.9972742199897766,0.9999784663876112
0.007905076973413286,7.311080116778612e-05,1.3428726156149118e-05
0.00848912362707572,0.00046571576967835426,6.0577162063964644e-05
0.02772709439196937,0.0055120415054261684,0.00016651827041695344
0.007305341244667819,0.004202309995889664,0.0003176221930718722
0.00424276920301938,0.0001709102507447824,1.7852894879151444e-05
0.009900906958028992,0.0008573661907576025,0.00011907808426823435
0.0006007377083876663,0.00016716093523427844,1.1556104948516012e-06
0.0017677489891587336,0.00014352511789184064,9.700123395600141e-07
0.20532125226462047,0.006579671986401081,0.0007825678580610625
0.7614455369884249,0.786944568157196,0.9468086563904807
0.44112261379736634,0.883619487285614,0.3634876330123196
0.0016017525798442385,5.320597847457975e-05,1.5809951096018976e-07
0.9977193780516469,0.9985246062278748,0.9995988036631405
0.36712748004052886,0.25646379590034485,0.054231565043646145
0.9860019635026418,0.9989302754402161,0.9959069468979641
0.9984304906509618,0.9997884631156921,0.9999993917089215
0.014703605151726456,0.002266540192067623,0.00032604296006696226
0.007938557693195049,0.00284887314774096,0.0002698838536114448
0.006121872725499941,0.002422286896035075,0.00031313873560883515
0.017255373968874825,0.001254479167982936,0.0003021332360359714
0.0013090901315189192,0.0007844218635000288,2.245088711185161e-05
0.988372371120584,0.9986438155174255,0.9999992528082348
0.01080397626599025,0.001836246345192194,0.0001545271690128413
0.03002030096557527,0.04498739540576935,0.0019295110665501825
0.9741580436154962,0.9983891248703003,0.9999269901980229
0.9852819124613347,0.9971987009048462,0.9996263533856699
0.019847859812629265,0.0012925988994538784,0.0004514595774337965
0.007407785799749688,0.00023348645481746644,2.1769021566258888e-05
0.011006934873701963,0.016962530091404915,0.0013789536898714913
0.38439905961303644,0.11580412089824677,0.10805850162604183
0.07887544634438458,0.0196108128875494,0.004907955646013489
0.004026504748439494,0.0016026198863983154,5.3227884899819265e-06
0.0010319168289773804,5.614094334305264e-05,1.8593364200288762e-07
0.0010504338832112708,4.096202610526234e-05,2.9162673301040866e-06
0.00893641344862436,0.00015368104504887015,7.65469557692513e-06
0.03123508639200392,0.009949392639100552,0.006135686879471118
0.10833532645123303,0.012928862124681473,0.0021175117349885703
0.0028564986110558655,7.895336602814496e-05,5.6225433100690224e-05
0.14087675375040867,0.1031685471534729,0.010427910354106142
0.027104656872409125,0.03282594680786133,0.012477891849420816
0.0006733267770732706,1.4220395314623602e-05,5.170026398686614e-07
0.003753209195781268,0.00046868427307344973,8.869715206344827e-05
0.9660521986431381,0.9991087317466736,0.9996392167139062
0.00638711198239043,0.0014005749253556132,0.0011136185394565378
0.002976606668179359,9.193223377224058e-05,3.215914216152703e-06
0.9918784735892047,0.9795107245445251,0.9967548877235394
0.018722621838211443,0.00038793907151557505,7.79016080190033e-06
0.9619572159996209,0.9952318072319031,0.9983353195525831
0.003132454219056162,0.0005669597303494811,0.0001305642939970223
0.989021957863128,0.9999253749847412,0.9999999201116295
0.9810458471199662,0.994009256362915,0.9998113360489618
0.6496836688629476,0.9028480052947998,0.991072748328939
0.9490373879552089,0.946803629398346,0.7960545814627297
0.34374120183822304,0.39368999004364014,0.1168316944346621
0.006641363250370662,0.0004870553966611624,0.00011918395751808571
0.9995870552183073,0.9999839067459106,0.9999999984279815
0.0693855135792715,0.03975409269332886,0.0016340351724968686
0.0023858585223560207,0.00020866231352556497,1.4746658434632657e-05
0.002521154051760966,0.001082920003682375,0.0002061012685859014
0.9316458919111503,0.9969577789306641,0.9557814654247843
0.0009103813343084843,3.4893135307356715e-05,4.789138673380248e-06
0.9986188017106203,0.9999687671661377,0.9999999609578727
0.028218914955535187,0.006843255832791328,0.0001599644008509901
0.638003743312011,0.5835259556770325,0.38545208481286725
0.9919862831166356,0.9982736110687256,0.9999381474188922
0.0031077071133885662,0.00021254416787996888,4.2477617051361606e-05
0.0013579583616750222,9.675103501649573e-05,1.9036980143558456e-06
0.015594930295224265,0.011115925386548042,0.002863134877612368
0.0035957282919993885,2.1240579371806234e-05,4.8921366574125055e-06
0.0573793820092718,0.008785227313637733,0.0014972943560121494
0.15500346370977758,0.05922030285000801,0.015165287945793554
0.9640455332570262,0.9489801526069641,0.9832944137236161
0.01269536742625308,0.0015597963938489556,0.00012661045144252617
0.009155555736538519,0.0001817919546738267,6.856268292348591e-05
0.9073121384907066,0.9978395700454712,0.999819379352555
0.17528799128363004,0.0574754923582077,0.0961380291056442
0.03645165475747698,0.023098483681678772,0.00021651791783768167
0.010778639035198479,0.001248108921572566,8.9178822364669e-05
0.8848199840727613,0.5897927284240723,0.9874068609282247
0.9807303252924797,0.9949636459350586,0.9998290318636329
0.0014382006177057788,0.00034401717130094767,2.896573008786233e-06
0.0020989402886798215,5.8841105783358216e-05,3.3287075714433803e-06
0.011808122918972593,0.001379872323013842,0.0002856004537794613
0.004426192678526181,0.00023296209110412747,1.1610681055176946e-05
0.023642085440477537,0.0037420839071273804,0.0003940109986427151
0.11645976097401484,0.03715743124485016,0.034894018635758944
0.9966392379567703,0.9991546869277954,0.9999966722642168
0.004069233356248066,0.0011084143770858645,0.0006223750393184478
0.008405734051875273,0.001321875723078847,4.241823558463806e-05
0.3857740745364692,0.6654163002967834,0.21203075795717652
0.9864408674953471,0.9992114305496216,0.9999878566337428
0.12639587504686395,0.03708244860172272,0.029125680295425626
0.0009475533459238842,5.496967787621543e-05,1.0440771886146502e-06
0.34245333161731484,0.13210409879684448,0.23758517779806368
0.9988179025759639,0.9999233484268188,0.9999953342886966
0.0022499993717374966,0.0016504554077982903,0.00020574580333379634
0.004480083401703367,4.0394810639554635e-05,8.398438404963299e-06
0.01185469132722763,0.0011852752650156617,9.658321833203495e-05
0.011166424053758,0.0008347640978172421,0.00011397363578856194
0.030380095571886243,0.017449457198381424,0.0004885932426232933
0.7369510783107555,0.9800658226013184,0.9579284306907263
0.010081800172323314,0.002378839999437332,1.8502581245048576e-05
0.08911818539422803,0.014757059514522552,0.005605063447718528
0.0819894505201847,0.023800376802682877,0.026671624524629872
0.003538434620704007,0.000843681104015559,4.343913357961562e-06
0.9937852698162467,0.9994696974754333,0.9999901425697967
0.0014070721152643227,9.757676161825657e-05,7.723726373218561e-06
0.9867463357215913,0.9950565099716187,0.9983716870013168
0.0038834929938240457,0.00021637295139953494,1.5810402226105273e-05
0.0011259659821975935,8.047576557146385e-05,1.777539928340629e-05
0.19721767142383165,0.7794856429100037,0.7612011812623393
0.004652990005487011,0.00016058210167102516,2.437550800277583e-05
0.0015699964507965094,0.0008657145081087947,8.974546899768153e-05
0.006784024692092797,0.0011722467606887221,8.04456739913175e-05
0.0016442213543669576,3.2858257327461615e-05,2.00107805336535e-06
0.002981745858004118,0.0009716136264614761,0.0004905000069773971
0.004938585469680505,0.0013640475226566195,3.894004344940684e-06
0.003567734077854604,0.0005115859676152468,1.7948426870195375e-05
0.4834362103684315,0.09066183120012283,0.05088072122474634
0.054816520405398333,0.012024389579892159,0.0008062209427307845
0.006467100034092077,0.00044189777690917253,2.8329393223464047e-05
0.0014852613584506172,4.9068083171732724e-05,1.6288466179114358e-06
0.025851413363878348,0.006907003931701183,0.005387050961144794
0.9651207925228258,0.9256930351257324,0.9940917368033445
0.0057455103468162716,0.00460895337164402,0.0008064188634705433
0.006497038816495769,0.00019961358339060098,7.114906607844867e-06
0.005418580743834333,0.0009295346681028605,2.445997262463006e-06
0.9986206798547602,0.9997159838676453,0.9999996731992065
0.0007077327309442852,0.00011828666902147233,4.870321766018026e-06
0.9919755739878647,0.9981375932693481,0.999987259895622
0.9989281833448468,0.999889612197876,0.9999998604958794
0.0028627310758881945,0.014986937865614891,0.0014324854327638268
0.9512070715169971,0.994121253490448,0.9995668425045738
0.002298854192310883,0.00014585437020286918,6.97219565715358e-06
0.9506835017353682,0.9878135919570923,0.9990199463807786
0.0158986802531307,0.014637964777648449,0.0019847230529144457
0.3739885084560298,0.528179943561554,0.3464034501031461
0.9775828458307902,0.9954002499580383,0.9994282686199119
0.0034852389329756827,0.0003371739003341645,5.2796340771646016e-05
0.003091099153460655,0.001601932686753571,0.00042556630634354455
0.005708555018796618,0.0002358997444389388,1.2482713190603747e-05
0.07559317500432795,0.045477282255887985,0.015164858842276462
0.9813583873570014,0.9947227239608765,0.9997094506325077
0.9992252939975074,0.9998822212219238,0.999999796003696
0.002754696956216741,0.0003966685908380896,9.371253151589627e-06
0.0009696533419824719,4.6436874981736764e-05,5.869301973670965e-07
0.9966658784089146,0.9997885823249817,0.9999980039644996
0.03785184408912596,0.006315821781754494,0.013612247219075436
0.004467640607428942,0.003762247273698449,0.00015289357420742177
0.00886788769503893,0.003586050122976303,9.871259338566778e-05
0.9977304293191618,0.9997240900993347,0.9999806954163142
0.01153485202328945,0.0021917913109064102,0.0027202582146232286
0.9911105431028261,0.9995527863502502,0.999999767689786
0.0013408814344516168,0.00011882127728313208,8.676749317841971e-07
0.025611163854114057,0.00041443973896093667,3.081786428958682e-05
0.035156073579858726,0.0029458459466695786,0.0003381143650968101
0.009547965867629002,0.0002887963782995939,5.0546868196695756e-05
0.004733636220900745,5.15274477947969e-05,1.560142904755646e-06
0.5893921527882466,0.7981648445129395,0.872139647172488
0.9914361587734783,0.9945660829544067,0.9975842968350848
0.8662338074975449,0.6183614134788513,0.3346929047779031
0.0012805154788635418,6.183495133882388e-05,6.804332690843122e-07
0.0063273638361495575,0.0005439682281576097,2.7732464048041128e-05
0.004382960947970664,0.016708549112081528,0.0002335746986650766
0.0023326551052001393,8.089871698757634e-05,4.68280055691332e-05
0.010436593700547525,0.00029104467830620706,0.0003903064901518233
0.006031906512871908,0.0001907336845761165,1.4623490392362033e-05
0.01208825604064703,0.002943573985248804,0.00032237273521281296
0.0012657951926923325,0.00010274261876475066,2.5923018509297796e-05
0.5835719065701827,0.7451873421669006,0.2297096952525453
0.0037323127348873495,0.0005278830649331212,1.4873337640472121e-05
0.019670365553078318,0.0011589680798351765,2.8221430179595897e-05
0.5558816865208764,0.8181579113006592,0.07503069300634087
0.10291201318431768,0.016162976622581482,0.0014755921241285037
0.03324690431384151,0.029291173443198204,0.028926481044021023
0.38097778188117815,0.17552946507930756,0.06495488464939171
0.012641033398740887,0.000367590255336836,0.0003517047236897364
0.9825475396662416,0.9983398914337158,0.9998628019375776
0.07318355855216499,0.06002001091837883,0.17315287431999726
0.01341528520907541,0.0014166792389005423,0.0012840992618977684
0.00179651547800398,8.837493805913255e-05,7.22765280145083e-06
0.0016313555084668451,0.00016815369599498808,2.3707009659449393e-05
0.045014312237761596,0.005255218595266342,0.0009257113822470715
0.0018053046461637117,0.0008279659086838365,2.035063880420609e-05
0.003127725466562009,0.0015362962149083614,4.755281379188297e-05
0.0032293246183028746,0.003979286644607782,0.00042678870297591597
0.9978541567067976,0.9998513460159302,0.9999999162011163
0.0309679133978658,0.003702044952660799,0.00042731977131782835
0.024072533043418987,0.0091026546433568,0.0005687381573717874
0.009355809021905004,0.0008712054113857448,7.788333719670128e-05
0.005347789102535196,0.00010928628034889698,2.0712515202918326e-05
0.0164814364257064,0.008155708201229572,0.0025833409078858923
0.004089572483592717,0.0027489629574120045,0.0007912120583586884
0.894625842492481,0.9899919629096985,0.9536689552966754
0.003607023578180882,0.001889099832624197,0.00010005448161667495
0.8965099226094323,0.9144152998924255,0.9189637563879365
0.004668988563663368,0.00025554234161973,1.7991597327894346e-05
0.9761376470703952,0.9991453886032104,0.9999462936142216
0.027927882758479433,0.01246588584035635,0.00020515457500449796
0.007986608041086798,0.0004617763916030526,3.5118832913864945e-05
0.9701614948957736,0.9964503049850464,0.9879292629078787
0.002609870538578311,3.0804254492977634e-05,2.6681559470614612e-06
0.003533743865487428,0.004731929861009121,0.0008847756374840838
0.09812894247658756,0.2275467962026596,0.016340360993984643
0.0037602688220875957,0.0009042330784723163,2.336883189345655e-05
0.9995633483629716,0.9999836683273315,0.99999992230422
0.0011272701791196613,1.1777228792198002e-05,4.476648120856627e-07
0.0073537860213826155,0.0005126764881424606,1.4343924261665219e-05
0.010342974612510606,0.000392924586776644,0.00010518455051024578
0.00495494381478197,0.0002775939356070012,4.355682697153624e-05
0.9542520876781793,0.9663516879081726,0.9992739128492316
0.9938980288229592,0.998389720916748,0.9999521922344056
0.0037021273522256626,3.5950772144133225e-05,5.105036274504398e-06
0.006007136985612687,0.0004362751205917448,0.00011873808298524163
0.9969043077320557,0.9998736381530762,0.9999999479433754
0.9950231724278688,0.9992402791976929,0.9994656471014411
0.014577021712583075,0.0019839657470583916,0.0014068083637017751
0.9982789405923564,0.9999179840087891,0.9999996650473492
0.004299813584469306,6.239988579181954e-05,7.815847338063917e-07
0.007479970239417846,0.0011691348627209663,0.00014593753818744888
0.9992965312858827,0.9988247752189636,0.999999351357953
0.07509918737251668,0.11501859873533249,0.02071645411582091
0.008381835714714278,0.00046118960017338395,2.4111040395954658e-05
0.1573297638353733,0.08700854331254959,0.017836525421132256
0.001350693935565253,0.000103067621239461,4.189874621428285e-06
0.014645174689730358,0.007603210397064686,0.003032521391552822
0.0051915903177976895,0.0008292259881272912,5.505073148538837e-05
0.20762411379968804,0.010568658821284771,0.002809087616105449
0.001249887601632005,0.0001356580905849114,1.640037919680766e-05
0.9804751785776913,0.9970462918281555,0.9998285281266507
0.0012104963193253636,1.850300031946972e-05,9.435812024905375e-07
0.05794736886192471,0.027040965855121613,0.0025226672528526305
0.16998079478353417,0.2606588900089264,0.7583446304609214
0.0037828271697057515,9.705022966954857e-05,3.687596098867108e-06
0.8340935337187595,0.38694241642951965,0.482354595051439
0.0015978462036096495,5.882590266992338e-05,5.741100752913458e-06
0.8785100686284518,0.9843190312385559,0.9661469247543725
0.00491928648216821,0.03182929381728172,0.01183565748675772
0.007193196128471491,0.0012124653439968824,0.00028937848990038406
0.19388238385082446,0.6066766977310181,0.30559319516271166
0.9827952489743157,0.9955741167068481,0.9997430070850917
0.005520150920417993,0.0005347812548279762,2.8644736741368283e-05
0.021749301974938923,0.0021844899747520685,0.0008727910952487938
0.10168651087572388,0.010901489295065403,0.011078114725604734
0.0007266170352834008,0.00015406194142997265,6.473065852224738e-06
0.1590526479445247,0.09385582059621811,0.03963413915312816
0.001037202539681341,5.808595597045496e-05,1.0231677278868834e-06
0.0019836604736702054,5.098290057503618e-05,8.845106523096576e-07
0.001988194460646392,0.00036561230081133544,5.557700271233657e-06
0.9917911508940351,0.9955483675003052,0.999597064983974
0.0034628767953631657,0.00036204865318723023,8.884028744589164e-06
0.022733149814073487,0.012224750593304634,0.00012962518153381927
0.060784290305204824,0.02706977166235447,0.03855182816493239
0.009372382342493064,0.0022405567578971386,0.00027021918178050095
0.0006232629694123333,2.4360708266613074e-05,5.555418986426225e-07
0.25001012045386906,0.3110295236110687,0.3983140684405418
0.9691952894387459,0.9943051934242249,0.9996181864892151
0.08361567542326731,0.051456816494464874,0.0014626360413118682
0.17218865246662943,0.23644545674324036,0.1313515498974848
0.002199165102999286,6.914114783285186e-05,1.620397021411543e-05
0.9991146495604938,0.9998774528503418,0.9999999827036105
0.987064495483632,0.9987659454345703,0.9997334792501318
0.0008326112785151667,0.00025862286565825343,4.007775852250887e-06
0.001975946820812707,0.0002660831087268889,1.2282899140972487e-06
0.010041934247599709,0.0017625801265239716,0.00022291990453551685
0.00148182903588271,0.0002906129520852119,2.871028241394311e-06
0.8848252308505039,0.8981080651283264,0.745611329651041
0.0040083398408253396,0.0003197039768565446,2.215038283557792e-05
0.9910324427767536,0.999948263168335,0.999999993051365
0.16688964966342654,0.18287868797779083,0.24779424451138085
0.014405307603436349,0.0022368193604052067,0.00017403667575881254
0.09554284345250451,0.043533310294151306,0.020727931004319668
0.013940141001908135,0.003327550832182169,0.00022848500803819184
0.001274943198747024,0.0002217210130766034,2.300992678436466e-06
0.9604219051700453,0.9880247712135315,0.990624091043117
0.06019901280864729,0.0015041850274428725,0.0009733953392547079
0.9871146039436518,0.9993345141410828,0.9999020773589153
0.0010613001091903925,0.00023220080765895545,5.103745550851999e-06
0.0776085304084049,0.009533780626952648,0.0025677004375047243
0.9429438550416664,0.9195436835289001,0.9745197727216578
0.006345961604699815,0.0014365208335220814,0.00017538526058045006
0.0015432468667286702,2.3043596229399554e-05,1.6375871628847768e-05
0.008505985765518429,0.0002781754592433572,9.707308423913858e-05
0.006763214920243347,0.002005866030231118,0.00015334107868902186
0.2117594343859874,0.116458460688591,0.0012327908694186472
0.0019066157849861067,0.00018493561947252601,5.7634277366116556e-05
0.03295495098637437,0.0314226932823658,0.004942915461783926
0.005076578752993753,0.003554818918928504,0.00017020191459290895
0.005229945969971955,0.0023262780159711838,0.0002387764832094543
0.003097428018903525,0.0007883883663453162,0.00018696886986731422
0.6385058685339504,0.24533401429653168,0.43894708411178324
0.19814396646583243,0.03527871519327164,0.023589494878630365
0.005143216725308984,0.0007299233693629503,0.00013204012929178031
0.93907370056908,0.9771390557289124,0.9858264650521315
0.005419936640576187,0.003058994421735406,0.0003736854069274534
0.0019134928502550685,0.00019893221906386316,3.3039242283607844e-06
0.007554512908811461,0.0076344208791852,0.05182638635760716
0.001756672577479228,5.4733562137698755e-05,1.1702300070010974e-05
0.005753853629878127,0.0025314835365861654,0.00015672234003153131
0.9859156003558119,0.9968243837356567,0.9958632916783213
0.004256366976977568,0.0003142446803394705,2.4945333446328237e-05
0.0010361516883752617,0.0003374700609128922,6.260180336543175e-06
0.006764199948811676,0.0012437256518751383,2.7894882154698645e-05
0.012216122149571566,0.0011552689829841256,9.00938033074351e-05
0.0014245793095357178,4.678754703490995e-05,7.852955319412734e-06
0.0053847449529416365,0.0010970461880788207,4.142813809935832e-05
0.0019320860180146175,0.0006484062760137022,7.392089919175192e-06
0.9531250167011351,0.961385190486908,0.7890173764078766
0.006571948667092345,0.00188032619189471,4.50048500601952e-05
0.0028553182601006094,0.00034373439848423004,2.1591479772430786e-06
0.0058139145540849,0.0004203248827252537,0.0001646633708384626
0.8406339498530543,0.9583763480186462,0.9997265709901821
0.0034947008376267487,0.00039296693284995854,4.443673037743496e-05
0.0013142492628731622,0.0002406518324278295,6.19884958449308e-05
0.0011511351982012267,7.062195800244808e-05,2.637739797179647e-06
0.06494864746728637,0.017589066177606583,0.0031207365183574254
0.11082381589786533,0.08145317435264587,0.041337338810106136
0.02341933826386654,0.01750102825462818,0.00023485289161221924
0.002006059607098049,0.0003082437324337661,2.386452811086114e-06
0.0015597433219315005,7.087273115757853e-05,9.536672840940859e-06
0.9888247844860113,0.9973674416542053,0.9994617571221762
0.03633855971814942,0.030419832095503807,0.003278007589761007
0.9883021600650073,0.999139666557312,0.9998669464682677
0.0008085859711422399,1.2705143490165938e-05,3.320115884978249e-07
0.9952149286169514,0.9996271133422852,0.9999998131567216
0.038091527062763524,0.011720273643732071,0.0016257493818144127
0.027400766445396404,0.0018439885461702943,3.711411067588719e-05
0.010120626290487982,0.00021617417223751545,5.790761190776196e-05
0.00185336994451261,2.8368049242999405e-05,2.7644516387868254e-07
0.935462844764864,0.9959547519683838,0.9974254140211117
0.002355611490082221,6.431831570807844e-05,1.137214260604242e-05
0.08893265294128797,0.059267807751894,0.04604540104615409
0.001150259116549237,0.0004895588499493897,3.182089493756159e-05
0.0014254068966780074,0.00011155081301694736,3.185323373269621e-06
0.042623763612819006,0.005040619522333145,0.0018862815371662846
0.014966688997325204,0.0017977099632844329,5.1931186079638265e-05
0.16490925525604364,0.03985587880015373,0.24971813917165558
0.9891365653149117,0.9976475834846497,0.9995957090134409
0.018903278377500023,0.020136035978794098,0.0004205496521162336
0.8533616338153825,0.9519726634025574,0.9963436902431164
0.016587352329579926,0.0028076781891286373,0.008934857380834655
0.0017094111731391984,9.053946268977597e-05,3.568503449000923e-06
0.9825423441203545,0.9963706731796265,0.9998139986218068
0.047483134530077326,0.03241117671132088,0.006778726445966611
0.0052065887200962455,0.008708177134394646,0.0018206227080992895
0.011646190064710904,0.0035928788129240274,0.002310900760767543
0.009006003504167118,0.0007335721747949719,5.354470513544056e-05
0.9967562555033809,0.9999651908874512,0.9999999918688579
0.0011729570897835338,5.978476474410854e-05,3.0451218099716714e-07
0.0016879675476291665,0.000458697322756052,1.4094197946063873e-06
0.004123657898351488,0.0024390763137489557,4.5184075557836985e-05
0.9979452709895659,0.9997759461402893,0.9999998703744545
0.045744730596916666,0.026301225647330284,0.0017337087753128394
0.38687920382594604,0.47632092237472534,0.8224174595352932
0.0010337784821716602,8.3563527368824e-06,8.450588288903044e-08
0.011810994773907289,0.0022956968750804663,0.0003873078934660073
0.014201695529201514,0.0003545424551703036,7.365489672493467e-05
0.003302695787421571,0.0007757495041005313,0.0006918915513268442
0.0034489467134372806,0.00027129039517603815,1.0762859828705107e-05
0.060168654393590704,0.005540650337934494,0.0007001892551778807
0.026655668395276395,0.008164940401911736,0.0008582237942368816
0.012499912434992001,0.001895798253826797,0.0002304982428479104
0.742156252512696,0.8774951696395874,0.6587285354644218
0.9987331671064551,0.9999727010726929,0.9999982689364492
0.0031194527970487534,0.00033055018866434693,5.619539021401316e-05
0.7528426283724923,0.6058408617973328,0.8112918905131071
0.07174680192880732,0.004113664384931326,0.004871062388872689
0.0013488903110166343,4.289378193789162e-05,1.0151925802720469e-06
0.9567745037971932,0.9892037510871887,0.9997429664568641
0.0003757904093007876,6.507431680802256e-05,1.7223875608900133e-06
0.6360114794130634,0.7944447994232178,0.6607330394161176
0.0015160364634814534,0.0001184995926450938,8.18878921291659e-07
0.042117703440850036,0.004449875093996525,0.00032676407491302923
0.002032686411349763,0.001222764840349555,3.5960418157706535e-05
0.8697725793688262,0.9275791049003601,0.9321516384867824
0.26570766219626285,0.057679396122694016,0.010460937606108034
0.013758062423230091,0.00032302879844792187,3.842335564424338e-05
0.006976550482993217,0.0009433859959244728,3.399043330407582e-05
0.0016550889925492308,0.0005011833854950964,0.0001733695228078705
0.004972894334009465,0.0008893382037058473,0.00016016782857706578
0.0026873407303321197,0.0005819433135911822,0.0001901858162294243
0.01371999822075426,0.001815185067243874,4.30953351404374e-05
0.13737138063407112,0.01756473444402218,0.008464585223191247
0.007787252415268035,0.0040739355608820915,0.00043801341057862666
0.0020807032573419903,0.00023863861861173064,3.4799749284113423e-06
0.0019216283369773192,0.00025776642723940313,9.116564781561917e-06
0.005232431156027039,0.0003448462812229991,0.0003272336828794711
0.0020046080267855163,0.0002511343627702445,4.069488725730386e-05
0.002155092480302038,0.00016767783381510526,2.894992802009115e-05
0.1680401536538135,0.06526653468608856,0.04254370735986532
0.7842739317573172,0.3252390921115875,0.2380082919678659
0.002450642022354642,0.0002736363385338336,8.105313225815725e-06
0.04557322849558105,0.030930832028388977,0.013487336205521137
0.0029495975005400803,0.00010130511509487405,1.3267927746055615e-05
0.9995394543936472,0.9999759197235107,0.9999999568994921
0.01133243707221953,0.011710948310792446,0.0002999396620382213
0.015274347097536237,0.0019153065513819456,6.617471224783307e-05
0.01495343678750669,0.0006826089229434729,0.000124484324948147
0.17566485063184098,0.17360468208789825,0.009792730053546809
0.02018944902126835,0.0019994492176920176,0.0004419684369563709
0.007983286789245723,0.0005749837146140635,8.808071266942976e-06
0.02239165931861289,0.006361011415719986,0.001257095981556196
0.850930810332624,0.44089269638061523,0.3599618950246824
0.0024109217399116136,8.472471381537616e-05,7.5784297004894545e-06
0.0016429089475495592,2.1039702915004455e-05,3.1911490526676465e-06
0.1458585081986612,0.020342793315649033,0.05954694535856463
0.09860004039628663,0.027200566604733467,0.1126045358869876
0.3683095845484622,0.83966064453125,0.38506234980450194
0.0020834613297019407,0.0001136855426011607,1.684070833352214e-05
0.002412088843534862,4.9471447709947824e-05,3.1324454653273964e-06
0.2055610838573818,0.792137622833252,0.37646644746038
0.004100917712720824,0.00012670042633544654,5.246012559837268e-06
0.9878382004530462,0.9970974922180176,0.9997698545058381
0.09413879904464313,0.16954953968524933,0.14119712294181427
0.009262213780266718,0.0003787557943724096,1.945412957750836e-05
0.9987164431286045,0.9986072182655334,0.9999392496805178
0.00631132595937701,0.0003738469386007637,3.968704697160131e-05
0.002609380682292798,9.230803698301315e-05,3.853100420719043e-06
0.23114532789521766,0.22478848695755005,0.32492079948354186
0.0023327766796884014,0.0011866427958011627,2.7581853431162046e-05
0.002856080381520919,7.630638720002025e-05,4.718551963782635e-07
0.03120287478444736,0.0005297372117638588,5.3638795919716335e-05
0.0018765475342325771,0.0003143207577522844,1.9009182993020914e-06
0.739312640695542,0.9168346524238586,0.9005080518026897
0.27383716172187966,0.15844696760177612,0.03891640379832631
0.0014818442233343106,0.0002405499544693157,3.0490135454145395e-06
0.008431538254424222,0.0005553174414671957,5.930981639882675e-05
0.9547370626744139,0.9944760203361511,0.997567876511652
0.010796278343854045,0.0014945490984246135,0.00022672513683407808
0.9825845250064545,0.9957678318023682,0.9996669641220118
0.1981414679795316,0.33594971895217896,0.2271758551273489
0.0005507765797450447,2.7371459509595297e-05,2.4440654518183787e-07
0.9988638680191315,0.9998527765274048,0.9999999605059038
0.008415767322054037,0.00044365235953591764,0.00012985835205563045
0.004372911646090309,0.00027066515758633614,0.0001738997003131012
0.9921187886706926,0.9833819270133972,0.9998897713640076
0.9972095078260056,0.999778687953949,0.9999905725468704
0.9891347260150495,0.9975312948226929,0.999369315094163
0.004012903457987344,0.0005246836226433516,3.729085587174539e-05
0.6870564782046711,0.22664229571819305,0.850045622182868
0.0006932141509584439,3.0981667805463076e-05,3.8359938829635006e-07
0.005582784703712994,0.0020572335924953222,0.011906509516154622
0.003706010945891867,0.00017514383944217116,9.591335303491375e-06
0.001467446568434609,0.00040117534808814526,2.1191771021462395e-05
0.0038143242616731606,0.00023011649318505079,7.886847991682941e-06
0.8461552515666648,0.6530013680458069,0.49619988048806896
0.9890905306695476,0.9979070425033569,0.9999499877647137
0.9971566224796637,0.9998900890350342,0.9999998820475139
0.9550840719209917,0.9900584816932678,0.9950925794094436
0.0018149285956274156,7.621192344231531e-05,2.8115268031466278e-06
0.0405927539286398,0.005308462306857109,0.0003975472962763284
0.001063295813294246,0.00039683765498921275,7.090309812715226e-05
0.9985607044362771,0.9997933506965637,0.9999999394553009
0.01862865011703054,0.0016855507856234908,0.0006541194185357568
0.898090114216976,0.94994056224823,0.6386245627861588
0.00850811224388015,0.0021387769374996424,0.00038970827693131805
0.011792071537589889,0.0024059684947133064,0.002552036528756802
0.016102670877256045,0.11152800172567368,0.0014397001849265627
0.029722999401644978,0.007554988842457533,0.0024891375198595835
0.0006298512052821694,2.6971669285558164e-05,3.255004671572777e-07
0.7215578838808645,0.9525473117828369,0.9927651583379933
0.017762483762195483,0.0009144211653620005,2.6043721819086603e-05
0.9996454464875209,0.9999358654022217,0.9999999604389791
0.0019331938454331937,9.211213182425126e-05,4.48710982019161e-06
0.21962243906453907,0.2353903353214264,0.021970894987381237
0.002467267887132508,0.0005994024104438722,2.1861602677497568e-05
0.918245840086143,0.9506580829620361,0.9909095055332836
0.010841719084522725,0.00733334431424737,0.023838865675063714
0.0076716971173296745,0.0017124693840742111,0.00021492170811850873
0.0017761758090250172,4.1190982301486656e-05,1.6172689189378271e-06
0.0017161715415095846,0.00011794742749771103,8.115417017836778e-06
0.028526107867703623,0.004182263743132353,0.008272306276444066
0.9974994138017494,0.9999369382858276,0.9999999927005312
0.6980689000735326,0.9722511172294617,0.9797746792208183
0.9803546587018708,0.9828163981437683,0.9997026532541159
0.008302730879753828,0.0007621737313456833,0.0006587824808826224
0.011853611826776949,0.001966710202395916,0.0001301221785364524
0.36721430028521757,0.01867697387933731,0.04243408975340537
0.382734804063474,0.4052760601043701,0.03991874622537055
0.7058868120811581,0.601817786693573,0.9764141422294343
0.0022328550545512764,0.00014502146223094314,1.2411815810294699e-05
0.8493131021493768,0.9375066757202148,0.7754782544550196
0.016691119653230203,0.006795091554522514,0.0007871394702745834
0.018972475564515513,0.013014382682740688,0.004296639522985709
0.025854541080160245,0.023946482688188553,0.00023822775996252534
0.05184528637270555,0.01855037547647953,0.00013265581039507648
0.0030197103545678743,0.0005475752986967564,4.594225844240553e-05
0.13150557572477362,0.36067014932632446,0.05680274332304243
0.9849527184352184,0.9984523057937622,0.9998971845491671
0.9869464612225742,0.9964390397071838,0.9997395317110828
0.024522803884819075,0.07880236208438873,0.13087846915891418
0.0021786622909663747,0.00014426537381950766,1.1099710903754441e-05
0.07207782653474763,0.045578621327877045,0.026670494837460222
0.00660852393053134,0.0012706550769507885,0.00011129409092304596
0.002165228243824333,0.00035704602487385273,7.892464406078172e-06
0.5209867379214698,0.8482658863067627,0.6073020449078785
0.98087430133834,0.9968507885932922,0.9992406037335024
0.3024293810561865,0.06844793260097504,0.052744747898887175
0.0018208026837238634,0.00013118995411787182,2.8652793609840637e-05
0.8244873993585341,0.8794655203819275,0.9450356896096846
0.061080874333560985,0.5189348459243774,0.0020783455065478003
0.011146672438499114,0.005000709090381861,0.0005804371221582795
0.04410748583102237,0.00493695680052042,0.0018850145037241802
0.0021592514214311214,0.0003609374107327312,0.00013712668139162314
0.025233556002452095,0.019312091171741486,0.002801780081187931
0.021812890781897208,0.0040022507309913635,0.00011985674775393348
0.00602669979139286,0.0015781050315126777,5.259161769848758e-05
0.3206939070087913,0.10018666088581085,0.004421334322393307
0.018613375094911264,0.001350246137008071,0.0001808071477417949
0.5960532088406321,0.2952418029308319,0.6420147831277324
0.0004596582061029466,2.7205220249015838e-05,1.0210814931852806e-07
0.029571958016963426,0.005687190219759941,0.00044865509802132376
0.015911597228704204,0.007637748494744301,0.00017934913792563828
0.005622998796550192,0.0015280573861673474,0.00030161230541587704
0.0026859666776098802,0.00017753966676536947,1.446074796509863e-05
0.2308183278400055,0.07937046885490417,0.0260029361164543
0.005059317943182467,0.00015149022510740906,1.792042631435985e-05
0.01442069084530102,0.003856235183775425,0.00020753862917013345
0.9907077105764202,0.9992407560348511,0.9998767275007677
0.0036309387375717617,0.00019883229106198996,6.963965652569288e-07
0.0049103687728678765,0.000924889522138983,1.3315656309606112e-05
0.9717768087916363,0.997179388999939,0.9995770184677264
0.9627702897204453,0.9831421375274658,0.9999771690986385
0.005394394870787095,0.005332991946488619,0.009596735469789792
0.004649134990757887,0.000406813487643376,0.00019118009192664812
0.0027870354853261206,0.00013669011241290718,0.00014068465161373505
0.021752327340046985,0.007226103916764259,0.0012874078719942188
0.9966695182213405,0.9997966885566711,0.9999954026180944
0.008410080048404059,0.00038018490886315703,1.914819871887163e-05
0.9975636012907232,0.9997841715812683,0.9999990533038642
0.13007200418045659,0.03518574312329292,0.002059542247201407
0.9796619937062906,0.9983598589897156,0.9999367420825445
0.1227656063367803,0.32763925194740295,0.009171354468939297
0.07535086884132414,0.018760183826088905,0.002650397889863147
0.0015759496471375019,0.0019459797767922282,4.7968073159958234e-05
0.017871384989276408,0.0033890921622514725,0.0015972936105987361
0.9788833599309261,0.9954541921615601,0.9982463971482608
0.0007117990011617677,5.726650488213636e-05,1.156389118289282e-06
0.9932111863226749,0.9998352527618408,0.9999999976456935
0.0023638341206932744,0.00026703154435381293,1.9997468736345933e-05
0.0024361769062139567,8.971987699624151e-05,1.523304096821412e-05
0.0022232308971185852,0.00040979846380650997,1.9989032317171803e-06
0.8895465566364175,0.9936732053756714,0.9986373588153238
0.002606804151486174,4.31722255598288e-05,3.983637667740535e-05
0.9365813565635421,0.9444775581359863,0.9661806867831031
0.9803191011071007,0.988174557685852,0.9985261970939836
0.001817247126953463,4.450744017958641e-05,2.140028722566093e-06
0.005702913036307863,0.001246437313966453,5.4886470492161686e-05
0.010424292000507313,0.0020745224319398403,0.00012496988818357695
0.003601000153587452,0.00017596071120351553,3.3973221862490356e-05
0.028949260282892457,0.005756765604019165,0.0019015737346212698
0.0014192256817543451,0.00040930439718067646,2.1576057298601326e-06
0.9983825524718674,0.9995549321174622,0.9999941295365838
0.013901787196439041,0.00300002982839942,0.00019219222908395828
0.041495062965355385,0.010730074718594551,0.003676006870164442
0.9985007744126818,0.9997661709785461,0.9999619465335343
0.06284753865352367,0.6790426969528198,0.11872947973583978
0.002877606391348131,0.0009446500916965306,2.3071782277842523e-05
0.003081077881169351,0.00015053281094878912,9.241492905101441e-06
0.9986623116832763,0.9998619556427002,0.9999992876922696
0.9960744627195713,0.9999198913574219,0.9999989775580655
0.008427726875720203,0.0006349128088913858,3.8238494990053864e-05
0.03189283899502858,0.013502251356840134,0.002881928626379377
0.0015414361508858823,3.99075033783447e-05,7.046493464442431e-06
0.9817910251708749,0.9958427548408508,0.9976163234171651
0.04698542376505866,0.0170515738427639,0.0020695164701949424
0.9994216622721472,0.999922513961792,0.99999999896878
0.0019171233509115335,0.0007858939934521914,3.852536094242509e-05
0.0016254101854529695,8.180831355275586e-05,9.496443643559115e-06
0.007486634396250995,0.0009587155655026436,6.264227122045542e-05
0.036716200007366556,0.07558006048202515,0.04062087413193477
0.9997051148887363,0.9999713897705078,0.9999999903215914
0.06487184062128347,0.004894533660262823,0.0003549318903009948
0.8513818256948552,0.9815982580184937,0.9976659594822754
0.004531102222193792,3.665582698886283e-05,8.044109744029022e-07
0.9956006587111426,0.9998263716697693,0.9999987270727161
0.9963040191509471,0.9986057877540588,0.9999233477887786
0.04194137753640299,0.009891561232507229,0.00010106448614858236
0.03593929269655979,0.007995366118848324,0.001041945809012264
0.9934050056917367,0.9997754693031311,0.9999973418828821
0.0034577875878898244,6.960124301258475e-05,2.5824590778357284e-06
0.007148170458612602,0.0064410497434437275,0.00123039513573945
0.014645957368104616,0.0389513224363327,0.013605345590887602
0.0003877246015946118,3.501484025036916e-05,2.0911511398547184e-06
0.019164177312486663,0.01531048770993948,0.0010654935028967982
0.7494481431859296,0.921461820602417,0.9629148751699022
0.005828544946264572,0.0021732335444539785,0.0007559221087051606
0.001145201435963984,8.775392780080438e-05,1.0328523551988437e-06
0.007401806764893996,0.00645800493657589,0.001865609741380567
0.8982991555374454,0.9455323815345764,0.9947041534263116
0.012154944807236565,0.00022915970475878567,7.806892945157988e-05
0.002801876208796363,7.226288289530203e-05,5.314334112690783e-07
0.009903401275275909,0.00047098330105654895,8.664854801896188e-06
0.11778089952715247,0.1536782681941986,0.06314513769045328
0.9973010628707478,0.9998832941055298,0.9999994496229634
0.001999231797336754,4.995486597181298e-05,1.4453666511474454e-06
0.996102459937662,0.9999600648880005,0.9999983557965106
0.01141283396882601,0.0005487704765982926,3.746939121135053e-05
0.9581442551110867,0.9638201594352722,0.9846228456277344
0.0012659994476459612,0.00012215199240017682,7.686832017350675e-06
0.009411978893439326,0.004912808537483215,0.0018297048855899002
0.000944303001981068,7.767561328364536e-05,1.6238249049670924e-05
0.022777999795558505,0.00750016001984477,0.00042658263348780757
0.0023449838261405645,0.00026264216285198927,1.6311212247381468e-05
0.15057647753971706,0.014089389704167843,0.010639308364393543
0.010897636202958505,0.00043330792686901987,6.630761897880905e-05
0.9960834572712431,0.9998363256454468,0.9999964993527718
0.0010083246139029718,0.00023344835790339857,2.527144656248446e-06
0.9965496142675557,0.999642014503479,0.999997024525982
0.4736742747673955,0.9456342458724976,0.28769440143445163
0.0014495428422933896,0.0015878629637882113,0.00043578638826002614
0.007941654679704124,0.0005816044867970049,9.055826417107717e-05
0.016086992300383223,0.009986411780118942,0.000784711614109269
0.005130486022239645,0.0003060498565901071,1.4385934218444881e-05
0.0011279235250198731,4.7948211431503296e-05,1.296901242375722e-05
0.0030767950344232605,8.01818459876813e-05,3.2385784839043468e-06
0.17211136922924208,0.10577016323804855,0.03465792311753646
0.303992448368543,0.45136532187461853,0.6100469665083011
0.9990518737744336,0.9999396800994873,0.9999999910023806
0.0017075012952071185,3.971824116888456e-05,1.734832652248228e-05
0.004289569189647298,0.0003460471925791353,1.9221655409833577e-05
0.002954119611405709,0.0002367106353631243,7.506636026414288e-06
0.005181149742166274,0.004672641400247812,0.0009996043672538496
0.0029091328081725185,0.0038314659614115953,0.0013250379084603623
0.5512248257323905,0.24304968118667603,0.3124788484366139
0.8607405209389912,0.7487667798995972,0.3837654579808138
0.008921505043300504,0.00033993556280620396,3.793146539040297e-05
0.002841721934104023,0.00015893175441306084,3.2678545820792814e-05
0.0037570181772022333,0.002194527303799987,3.765051057459399e-05
0.0037231477332808263,0.0013943000230938196,0.00018269437051272855
0.007569847504940043,0.0006270416197367013,6.467432104233221e-06
0.0037659893066371796,0.00025689374888315797,0.00011539405986552238
0.0008930394011904362,0.00011261618055868894,3.3894176761414585e-05
0.07050275208084346,0.002168252132833004,0.0004348592160418004
0.9628742213033675,0.9930912256240845,0.9993563032699191
0.0017473336121799935,0.00014418120554182678,6.2430303797938846e-06
0.9838379782759323,0.9748093485832214,0.9988985022859838
0.00315045876351528,9.925101039698347e-05,1.0246792140571206e-05
0.002567789030948501,4.2907980969175696e-05,6.362141003712498e-07
0.0036498237098861663,0.00010552501771599054,4.27253625068901e-06
0.00527301229433033,0.0006907563656568527,0.0005764256668035128
0.9994343383552209,0.9999493360519409,0.9999997893826356
0.09922608452824154,0.025900747627019882,0.0029160653378198635
0.0020707429965443292,0.00011172977247042581,3.2055567267145805e-06
0.010536255962298794,0.004745832644402981,0.0007039628327754608
0.9920788367764866,0.9996829032897949,0.9999849773510944
0.3136271907661591,0.4033890664577484,0.22054805947870068
0.23090008616694968,0.39250826835632324,0.20393398761142384
0.001819749605677513,0.00021428822947200388,6.7527034521020336e-06
0.9620771047792961,0.9489827752113342,0.8895611554533227
0.002833308693619498,0.00043728211312554777,3.45121912624193e-05
0.9889927839526708,0.9980570673942566,0.9993703042246961
0.3165801461149404,0.21429936587810516,0.13698131998703073
0.9796949716790209,0.9970260262489319,0.9983442598902271
0.0020385995515188734,0.00017739651957526803,1.3020392495252476e-05
0.010543149808145108,0.014108419418334961,0.0010060558151061224
0.31447891390762045,0.12024686485528946,0.021876230870283293
0.1060962659893473,0.02149728126823902,0.0009881931271240325
0.0015630034669842897,3.736159487743862e-05,1.4030270641771397e-06
0.002023390286984228,0.0005913652712479234,4.063290685447725e-06
0.01195292783498429,0.00029785707010887563,8.682176080955984e-05
0.0010926105432911876,0.00023336202139034867,2.269312858466482e-06
0.7900944617330435,0.3793732225894928,0.9567125675924627
0.9644289156774168,0.9070947170257568,0.988257438028549
0.6311090678242723,0.42545872926712036,0.29017425162395816
0.006473001227367084,9.021395089803264e-05,1.3894938986630701e-07
0.05253175481078037,0.00727970851585269,0.0011199654349235554
0.04603000571858946,0.017851848155260086,0.0072352501330602715
0.9764522630746184,0.9715152978897095,0.9869650251018222
0.0020974617923905604,0.0002570750657469034,4.588896251996819e-06
0.9976218269322213,0.9994906187057495,0.9999977301117965
0.0011338062184716405,0.0004004236252512783,1.3286689790178557e-05
0.3825889451868322,0.3627189099788666,0.1035054580726856
0.7873802937125163,0.374514639377594,0.07627880367581553
0.9923081847501578,0.9996116757392883,0.9999965959365812
0.010049671544661022,0.0027610561810433865,0.0009805545808853407
0.002792301960779194,0.002288196235895157,0.00015583332670653446
0.018549772710698798,0.0033616803120821714,0.0002618045427917943
0.0029227693651508583,0.0005320025375112891,5.7301246704869694e-05
0.9831148453838726,0.9987986087799072,0.9998399545811923
0.03891772156250781,0.07704965025186539,0.0034685668019237867
0.007664817489009307,0.00024472438963130116,0.00019315897404249255
0.023406274349022243,0.007622169330716133,0.00190090167156713
0.00671201603391719,0.0007747820345684886,2.290980846591387e-05
0.00858928157275689,0.0010486006503924727,0.0003750386146475672
0.009226792696651056,0.004381242208182812,0.000436268917773348
0.00984437672732438,0.0064723608084023,0.0031595695977749824
0.03760511431308926,0.008941646665334702,0.001670919085875242
0.9747728676300141,0.9878722429275513,0.9999706804775522
0.8430961061998522,0.9746299982070923,0.9909746424146898
0.03729765663584093,0.005389107391238213,0.0001023437263748232
0.03882602899487762,0.0035977556835860014,0.0008498761230201131
0.0027148537516333625,0.0005302734207361937,6.88072776207292e-06
0.9944938531111938,0.9972540736198425,0.9998770006901275
0.02019671868999149,0.0003590649284888059,2.9925161057124474e-05
0.01601072086382256,0.005862436257302761,0.00022635145980234219
0.2562104000552175,0.06208435818552971,0.06618275832557378
0.9884664798846319,0.998437225818634,0.9999684452567257
0.0067193040081236,0.0005391110316850245,2.1475625927211714e-05
0.011267649126908669,0.0022009580861777067,0.0007480376564382537
0.0011571748015631498,0.00013884410145692527,7.841477218047768e-06
0.04912085305555598,0.00899895466864109,0.0006596009758778008
0.002510601375979031,0.0001484215317759663,2.5721020278647645e-06
0.006663451444970234,0.00014874612679705024,9.616472144234004e-06
0.008789398710506333,0.005114270374178886,0.0032675006327698296
0.0023796625711687727,0.00029015366453677416,0.0008870176764092021
0.9847457431826317,0.9925721287727356,0.9990715177956018
0.0037791530521770547,0.00021524904877878726,9.486899838326515e-05
0.002447710404179781,0.0005332016735337675,9.791699593514623e-05
0.028578797977297607,0.0031457399018108845,0.0004049889830257341
0.0021209619678541005,0.0018358922097831964,7.112831804511852e-05
0.0005078459283511571,8.40611828607507e-05,5.935987439543723e-06
0.4929235487802643,0.47901037335395813,0.30475046821187207
0.04103941658786109,0.049555446952581406,0.0009721976827410468
0.9923652133982921,0.9985889792442322,0.9999881363120575
0.9875468751063843,0.9981491565704346,0.9997126931805681
0.3778325233901498,0.7085835933685303,0.9109034155162802
0.9675959875615058,0.9930538535118103,0.9980903610062798
0.002819122275375555,0.000245807837927714,2.5899264391303715e-05
0.9706511548527541,0.986236035823822,0.9925619583582329
0.9990060126648213,0.9998026490211487,0.9999992855790795
0.9244119341073282,0.9977983236312866,0.9996381318488201
0.0015229376990538927,6.30420763627626e-05,1.02362625032347e-06
0.5219764080767845,0.7644835114479065,0.7234254429074896
0.011516082387263177,0.000399796204874292,1.897989421487394e-05
0.8891666136609069,0.9964344501495361,0.9999374088175441
0.017996569530428188,0.0003022553282789886,1.6355510355003516e-05
0.0007547105026301571,8.792690641712397e-05,5.126874482777956e-06
0.041852481056417895,0.0053320941515266895,0.00023973462251566122
0.9977673529758553,0.9998069405555725,0.9999976019067333
0.2352001028355097,0.33690664172172546,0.005357959989767754
0.006669195911266227,0.00023566954769194126,1.3101201142452517e-05
0.2168607190907652,0.4107080399990082,0.2665282466340752
0.0024933174102648413,8.010954479686916e-05,1.3811583756648447e-05
0.006125258847768776,0.0002617327554617077,4.594693823862208e-05
0.0030530954221566803,0.00016748752386774868,1.0241304367728455e-05
0.00728481545676464,0.0003350720799062401,0.0002747823119159879
0.9673972172859935,0.9959154725074768,0.998782432576983
0.01852439822084946,0.043517328798770905,0.01128264608245089
0.0019689751605001696,0.0009152591810561717,2.974590204403932e-05
0.0018977852900751969,0.00039048786857165396,4.7849384927952665e-06
0.007998351460815754,0.001261828700080514,0.00014756878422142892
0.9171555171133622,0.7671165466308594,0.9995442513760778
0.0034161983368043293,7.746870687697083e-05,2.3400604363962182e-05
0.5352477822677094,0.10200020670890808,0.052821218425118964
0.02392078554943624,0.031887996941804886,0.04590165303255315
0.0008106933628928767,2.968287662952207e-05,1.4579060363609952e-06
0.5204265998715834,0.8892175555229187,0.7898254085201214
0.002219210509637605,0.0008781386422924697,0.00033182220716853776
0.001362190650681597,0.00036885010194964707,4.087908678193852e-05
0.043388635319080056,0.001988534117117524,0.00018049194530508737
0.0031753877993082745,0.00018095354607794434,1.2416162625422186e-06
0.0023952063922295826,5.136599065735936e-05,2.133831574824282e-05
0.004426043790284582,2.437525472487323e-05,1.6377360466781072e-06
0.0016296587010744964,2.1173880668357015e-05,8.224078704140289e-07
0.9565254952644257,0.9712122678756714,0.9839557901199453
0.018697483599935966,0.0025298018008470535,0.00030653310849373396
0.002699924412379397,0.00012760577374137938,4.44264378346922e-06
0.008048731528603,0.00019883019558619708,6.42976874332553e-05
0.18203863403722917,0.17858758568763733,0.26202050644249414
0.0026986651151685755,7.439700129907578e-05,4.276799253257881e-06
0.0012993458100607,1.3238860447017942e-05,3.1517840791485566e-08
0.0016116344087631293,2.8654108973569237e-05,3.6130262685792863e-07
0.02957310598828363,0.0007548371213488281,2.1243813585074083e-05
0.04781018907061034,0.006908475421369076,0.00012381248024596143
0.9898551980176392,0.9990070462226868,0.9997619861084652
0.003940796227146742,0.00022884330246597528,1.9830931093290188e-05
0.0009105410156303299,0.00015927567437756807,7.939162525344325e-07
0.001762439511821312,7.117534551071003e-05,5.763158626397527e-06
0.01789315677643903,0.008658654987812042,0.00029561729217995484
0.1206210131297415,0.15354208648204803,0.12210119511094486
0.9985444148343856,0.9998995065689087,0.999997681448128
0.5755623852972616,0.8926758766174316,0.8517836787458241
0.9930016006939478,0.9991945624351501,0.9999978928109297
0.04584602465950004,0.004673382267355919,0.0022328216229619917
0.9936102744525992,0.9929167032241821,0.998713986282147
0.9508436559074299,0.98878014087677,0.9994275882958373
0.7731848218311186,0.7056480646133423,0.32390356225309525
0.03766517520909845,0.06268126517534256,0.007124438817689314
0.029482258139209044,0.015071460045874119,0.0024052135741095848
0.0011670807570716482,0.00023794430308043957,5.121593796955319e-06
0.956313801441186,0.9962385892868042,0.9977193823440275
0.002796693013143324,0.0008860762463882565,8.674232056954533e-06
0.013403034924707954,0.0026352396234869957,0.00015043774551410586
0.0008854450051729556,0.00048040164983831346,0.00026830916541100097
0.0377419746808202,0.011997822672128677,0.0005548142515959578
0.19263870427706303,0.10448961704969406,0.019283999898533372
0.002287982039263546,0.00037803055602125823,3.325601875058761e-06
0.0019397254682463638,7.531619485234842e-05,3.437309309951274e-06
0.00674208994444962,0.00022218615049496293,0.0011045939948764695
0.0017270609668095763,0.00022007817460689694,1.8508215110300103e-05
0.009262390789967195,0.005253152456134558,8.162953332385781e-05
0.0013112047518656009,0.00040414635441266,1.998705942276873e-05
0.13713326394436898,0.04552966356277466,0.029075147263716804
0.04375675607319345,0.012398594059050083,0.000679630583159179
0.0038667454549870107,0.00012443105515558273,5.983057584860975e-06
0.0240350717014181,0.004849352408200502,0.00022240860494151314
0.001074119659252129,0.00027859880356118083,5.562940018722438e-06
0.012591477992327378,0.007335715461522341,0.00040847287029993813
0.013857203401091379,0.0026936489157378674,6.585370644568866e-05
0.003971119866831181,0.0012056637788191438,3.332553583987724e-05
0.9944050207170161,0.9988981485366821,0.9999396598472733
0.20708622839895893,0.3125589191913605,0.4956254389694068
0.023001591740244933,0.00650078896433115,0.0008907724273185839
0.0011500890502919483,0.00010374355042586103,2.083302226607881e-06
0.002125352906888933,0.00017886415298562497,5.3030955372623784e-05
0.9877488559529874,0.9963366985321045,0.9992711932437445
0.09586950951703223,0.005588451400399208,0.013133087663350699
0.9959474752226429,0.9990671277046204,0.9995336765314119
0.9885638333951879,0.9977282881736755,0.999981582549296
0.9538935029284361,0.9977777600288391,0.9953188746906388
0.9606650755915621,0.9887005686759949,0.9944199677851996
0.9777093650773536,0.9939917922019958,0.9956229232263073
0.9960442803437022,0.9989376664161682,0.9998276610653938
0.002763102834538555,0.0001084097457351163,1.0476829786382607e-05
0.001145623642558506,7.740992441540584e-05,4.322148070037881e-07
0.009030973445991824,0.003994463011622429,0.0001657072936660174
0.8077017017693843,0.9443029761314392,0.9962480233694142
0.002863133639342296,0.00028520316118374467,4.8444697015200886e-05
0.0038845199579833527,0.0004480588249862194,5.388875929942643e-05
0.029047965357604524,0.0019899671897292137,0.0013531103847229736
0.8311310559207884,0.9881286025047302,0.9912868813556637
0.48265361867894413,0.8970586657524109,0.9190210873217856
0.9812568141779373,0.9846388697624207,0.9990653045002619
0.0022726616314630754,0.00044830876868218184,9.899344321121491e-05
0.9713201505251817,0.9902132153511047,0.9996423666947777
0.31967053626547076,0.03209923207759857,0.004457878399028298
0.001079772785407298,3.186478716088459e-05,2.1305760583001198e-07
0.004023994858572076,0.0002714658039622009,6.45037455787282e-06
0.0005924477942686477,4.644524597097188e-05,5.781010042959436e-06
0.19437949868223858,0.18065285682678223,0.1476515092914168
0.027560459045473384,0.008916817605495453,0.0006636458199444512
0.9988850557240118,0.999891996383667,0.9999947730883826
0.0187073241698382,0.006307119503617287,0.0003447273200010023
0.0033810857594104614,0.00033500598510727286,1.4435573343831206e-05
0.004924693231476164,0.00041005483944900334,4.106943080656196e-05
0.08028522319215688,0.1666002869606018,0.026353636659984025
0.5275952100091418,0.526258647441864,0.8636176087358343
0.020044476553360585,0.1165621429681778,0.11039411243847422
0.07044877749548312,0.035381048917770386,0.0028492975877566374
0.010714426737030993,0.0005701589398086071,0.00010982317751208168
0.009836815146575842,0.0008784398669376969,0.00015873583280515163
0.0009699303813378611,7.097668276401237e-05,7.573242776585157e-07
0.5244568687487221,0.6614047288894653,0.05837922805383317
0.09198904156340705,0.07089446485042572,0.0287087681486744
0.013225200887335442,0.0068286326713860035,0.0015650843824780434
0.009979310132892499,0.0008304196526296437,2.4826434459931043e-05
0.02017532567980725,0.004481586627662182,0.0029656318901422553
0.9953854852049673,0.9994558691978455,0.9999845707046519
0.01059626879384678,0.0022830432280898094,2.184251658063808e-05
0.0018218214106194236,0.00034628924913704395,5.951456524915341e-06
0.9914914176390729,0.9998219609260559,0.999989018824271
0.044456216344933276,0.013348489999771118,0.1540753010962232
0.008814585622411285,0.008506890386343002,0.0005563614129734066
0.07174751255930804,0.047924455255270004,0.010002393122670537
0.005654662399093707,0.0019214848289266229,0.0001761467308682108
0.0017188189211650897,5.1584869652288035e-05,3.9107349997720466e-05
0.0018720427528657144,6.705080159008503e-05,0.00013025483942547336
0.8110731366340832,0.9957940578460693,0.9987097251764167
0.0015977072751516422,3.9084890886442736e-05,1.0203264800310744e-06
0.281000347008678,0.543377697467804,0.4101289106973662
0.0028145575664875935,0.0006387645262293518,1.6732843942170713e-05
0.9952841800768824,0.9987516403198242,0.999859477433643
0.00994148417508084,0.00035179275437258184,1.616051779167457e-05
0.00908594639358602,0.0029365262016654015,0.001069375019524938
0.9988492596997393,0.9998815059661865,0.9999999891202406
0.005552695723546105,0.0016104992246255279,1.0140668077925249e-05
0.010974222259192435,0.0006942111649550498,0.0010238481876872387
0.34220044481437883,0.2926509380340576,0.743584181046447
0.0025420629254007177,0.00029734917916357517,1.1828454010821623e-05
0.0009854795842662875,2.071440758300014e-05,1.269090596925211e-06
0.027339301962032707,0.05195458605885506,0.0038778159378640878
0.6810589305442707,0.21819227933883667,0.04800946801221798
0.003331766085145139,0.00013877857418265194,1.4131714723655186e-06
0.005443565460648148,0.0005356015753932297,7.099573352047428e-05
0.13375418439568612,0.12843449413776398,0.014788184786786547
0.26718818791634663,0.14560003578662872,0.04834656568838611
0.0020058316890571824,0.0003695327031891793,5.300288870586554e-05
0.9865669665375941,0.9992865920066833,0.9999108815297085
0.005994411015720683,0.003356536850333214,0.0009956330846068717
0.8995667034485726,0.9888865351676941,0.9926375479776499
0.009144065005450472,0.0013538290513679385,4.103057941308712e-05
0.0038430788216259858,0.0006659320206381381,5.349808822061859e-06
0.03510862228219145,0.00433734618127346,0.0002598670851272263
0.012828861282501158,0.006557358894497156,0.00024112060835142937
0.0020236475726667785,0.002933800918981433,0.00019237693120882526
0.025286616337604432,0.26270437240600586,0.042291912676685986
0.0033280545378240015,8.825105760479346e-05,9.25175288153041e-06
0.9995067093076534,0.9997413754463196,0.9999996138544104
0.01656552432569176,0.0016372473910450935,0.0005182899055015769
0.2787940469222259,0.28810209035873413,0.09720419491214573
0.006172988641218286,0.0017615552060306072,0.0005205960683785047
0.12588391911459745,0.051826588809490204,0.0036777708443443365
0.2253336982352979,0.23524822294712067,0.039174923749996704
0.004669050051913408,0.0002732687280513346,1.8631810479405324e-05
0.9913427149482812,0.9995765089988708,0.9999373997336383
0.011255543427670966,0.0003262926475144923,1.8575799081397003e-05
0.0019175943370610027,6.78630531183444e-05,1.0790762937796674e-06
0.9836445921074789,0.9992710947990417,0.9999772548288814
0.010329240839548226,0.0006058516446501017,0.00010790047586586838
0.19933042447179,0.7095312476158142,0.763140651554272
0.240444994739621,0.02879411354660988,0.015454534989206386
0.005100001398152017,0.00020872880122624338,7.493182675553668e-05
0.015366017594898756,0.0037093511782586575,0.00031994111229669665
0.9981921417111902,0.9993873834609985,0.9999981217979972
0.00416354269567905,9.211151336785406e-05,3.4864145188164188e-06
0.001662475568784432,3.2489740988239646e-05,1.0222522007102786e-06
0.11398390293695718,0.25663700699806213,0.06698050804290187
0.003970162820263027,8.992742368718609e-05,1.4002322812655199e-05
0.010242545430784374,0.0038311623502522707,0.009742606281301582
0.010653209571541308,0.0013850274262949824,0.00021262281358692291
0.9946618499088613,0.9979645013809204,0.9999383574118963
0.0031959483112690627,0.00015155307482928038,1.2369831391117454e-05
0.01609595549911289,0.002874693600460887,4.335965704427545e-05
0.013377525636335787,0.011124399490654469,0.0018906839942407654
0.023156016504774887,0.010832874104380608,0.0010036644452630704
0.1647938019037598,0.29567766189575195,0.4256831371528533
0.022405039080648944,0.013438436202704906,0.005317225046063794
0.05198141415448014,0.006934286095201969,0.0006181640580111531
0.003636705771920979,0.001076463726349175,2.1088843881484655e-05
0.9498776251287403,0.9990262985229492,0.999981176361126
0.9644657685921745,0.976949155330658,0.9941026125816776
0.22506192840272207,0.04040437191724777,0.010197680960222864
0.009881756113498489,0.00020406593102961779,5.229404324895176e-05
0.9836953103968493,0.9573909640312195,0.9918815195675242
0.001183191645145497,1.1167894626851194e-05,6.560201980490344e-07
0.019873513555065378,0.0017641959711909294,0.0007450453118196442
0.00277835463133358,0.0005699003231711686,2.8880086908429212e-05
0.00590101010978632,0.005103763192892075,6.875459907669109e-05
0.9986912226384355,0.9999046325683594,0.999999948915677
0.011354058338237084,0.0006454616086557508,0.00031587553222552675
0.030660454941508174,0.0002762216317933053,0.0002763962980407334
0.06695111688733979,0.06302402913570404,0.0009738098416140079
0.014987925867472407,0.0019402815960347652,0.0015473069797867277
0.9887373282310123,0.983163058757782,0.9934030941533739
0.0027261154261428943,9.072847751667723e-05,7.449402414797694e-07
0.11163169926438717,0.15131719410419464,0.19209075667464956
0.034818775521548585,0.004481867421418428,0.0007567098387213151
0.984444438799813,0.986014723777771,0.9933149736555816
0.9978782866350947,0.9999463558197021,0.999999983518449
0.41699165106256325,0.5525832772254944,0.08714284386207391
0.2493449383740317,0.5390309691429138,0.7961991851832418
0.9952876534025359,0.9993313550949097,0.9995252534338969
0.0012888595993800188,8.561361755710095e-05,7.720369336069913e-07
0.008170098390593739,0.0005019578384235501,5.202519109770731e-05
0.0028708251279168503,0.0007125627598725259,1.0382337431875439e-05
0.00493403126677035,0.000643417879473418,0.00037498726920258543
0.02313614459127757,0.010087382048368454,0.04609276325533586
0.047976031578847965,0.023399464786052704,0.0045476593299188465
0.002305567569673981,0.00013570350711233914,4.702396637780243e-06
0.9306215950928866,0.9762358069419861,0.9973235717859399
0.038080835282714505,0.014512789435684681,0.004294499957946398
0.2592219561334052,0.06392090767621994,0.015255808871510923
0.9978961917963478,0.9998210072517395,0.9999994605975681
0.01099914915962194,0.001365011790767312,8.621063846673632e-05
0.002457637559252111,0.0018576839938759804,0.0009708240455950943
0.021737604570141986,0.0017272061668336391,0.0001856955285988103
0.9957379352992424,0.99978107213974,0.9999956338971192
0.0021067240537657804,4.98094450449571e-05,4.791020770963087e-07
0.002010381316150785,1.5324500054703094e-05,1.249575476724279e-06
0.001645946410841704,0.00030011896160431206,8.373674275779292e-05
0.944265589968228,0.9949778914451599,0.9994947255388269
0.9948419517560066,0.9984258413314819,0.999975126122039
0.9949981309668474,0.9998613595962524,0.9999984006799824
0.007003047420133115,0.0013802573084831238,7.391402903847823e-05
0.018470177018979333,0.0008610491640865803,0.00017578388751800984
0.004386332068325411,0.0005146038020029664,1.7178452069665814e-05
0.6731681864222272,0.7283851504325867,0.8186646719307117
0.005970864032420271,0.0012432951480150223,0.0015432659874496843
0.010987154203425725,0.003067564219236374,0.0006370508701442211
0.029229651760966487,0.010789554566144943,0.0005126812682193416
0.0013932793510649567,0.00016928302648011595,6.207704474818862e-06
0.0012334014971749827,3.2249732612399384e-05,1.5966487906337662e-07
0.00887810372346488,0.00015833141515031457,4.844224068997631e-07
0.047834001937732316,0.03670988604426384,0.008055046348780773
0.012175480969908958,0.005901345517486334,0.010752005482644048
0.011634392733902385,0.0022608558647334576,0.0008271185091513664
0.8915416058015263,0.9907956719398499,0.900061028011904
0.06588216838534139,0.007712992373853922,0.0015075931203005072
0.03955084886896607,0.011736064217984676,0.0019881208505083624
0.008603839672305791,0.0006591345299966633,2.841591696728425e-05
0.0035302711906917846,0.0002633394906297326,6.606289961888671e-05
0.002442404308830545,0.0007451720885001123,0.0002160386363899379
0.02493457512622249,0.0017323533538728952,0.00019080701299990143
0.10086497663689396,0.06499534100294113,0.020165016595192053
0.0028820230977340796,0.0002029070456046611,1.4219127818541345e-06
0.005044381676200674,0.0005727348616346717,4.152490900681751e-06
0.002420830696555708,3.425604154472239e-05,3.2505164379465486e-06
0.15784638086593392,0.056847117841243744,0.037249163991178696
0.09096602693395157,0.04478803277015686,0.08326556943442602
0.03632320449836904,0.0005563435843214393,8.197341978023039e-05
0.03598615526796958,0.019817573949694633,0.004472216365359217
0.9975496335038043,0.9998698234558105,0.9999975856959331
0.0010529575617728038,8.600729051977396e-05,1.4047098416990318e-06
0.00803438321033239,0.004211616702377796,0.0003945077933422927
0.0034722321192980424,0.0002293957950314507,2.7970319843560258e-06
0.004159458221065682,0.00037042947951704264,5.975700251049622e-06
0.0023081975085002295,5.982040238450281e-05,5.107849538294071e-05
0.022717841000752456,0.0015437022084370255,1.9598395599209435e-05
0.8072068102289008,0.5692806839942932,0.8828678620922189
0.007278619179861308,0.006360243074595928,0.0045676260382271116
0.004185481067462307,0.00016776021220721304,2.5310094075404967e-06
0.0358839179607592,0.043770164251327515,0.0016579662279202973
0.0009269189987639754,4.7979359806049615e-05,6.614094663790287e-07
0.8461588669099364,0.9951624274253845,0.9993908507706257
0.9909001577158237,0.9949758052825928,0.9979004039707583
0.0002641866630020917,7.216035010060295e-05,2.3917001001210804e-07
0.003138992905377834,0.00010414239659439772,2.8503543770431096e-06
0.003804425357563941,0.0011110176565125585,3.562887827305702e-05
0.05221498319563544,0.01221558079123497,0.004008073169399993
0.03919841636180976,0.0038500786758959293,3.9582657244857335e-05
0.014053069612877445,0.01873074099421501,0.00293699240588859
0.02872642798556773,0.009795376099646091,0.007432766219250589
0.9140601448668942,0.8896592855453491,0.720135874795174
0.0036180064067139854,0.0009126006625592709,4.5850169706745133e-05
0.45019272913962627,0.7812219858169556,0.7609791172118536
0.005963534697504516,0.00022244053252507,6.214800148609991e-05
0.003101864429707775,5.362642332329415e-05,1.7723559609493269e-06
0.9949321784073425,0.9998782873153687,0.9999997691502904
0.9400717848143619,0.5918052196502686,0.6312663561623949
0.14826146422610034,0.720479428768158,0.07279851924603632
0.008126175870675037,0.0006807596073485911,5.1901828465013805e-05
0.08910623550800295,0.16717743873596191,0.12694113215537994
0.9871477286570179,0.9986298084259033,0.9997664049400016
0.0019037284630513142,0.00018051685765385628,1.4203509541807095e-05
0.0034615814704182886,0.00039474491495639086,0.00017417751883281172
0.002098921975504635,0.00028270063921809196,3.4588884198812464e-06
0.02535385349508021,0.006098365411162376,0.002077754190135303
0.00043751658590472447,0.00022566580446437,5.717344868678729e-06
0.0299732111907825,0.008805779740214348,0.00013574414765303287
0.0028023894284787457,0.0003960066242143512,3.3130991087397416e-06
0.9849752017089294,0.9997125267982483,0.9999953905548337
0.008014995479471543,0.0009011496440507472,0.00014859849901960914
0.0024214144970710417,0.00011218198778806254,2.938710258545423e-05
0.9945982572955597,0.9995450377464294,0.999997965827193
0.011347680270191873,0.0008734730072319508,3.307921010910945e-05
0.02765227867983323,0.0020241173915565014,0.0003931122250082279
0.007304234097360736,0.0007613584748469293,5.6349546076619184e-05
0.9989731646040284,0.9998636245727539,0.9999997080624674
0.9571040432474979,0.9973795413970947,0.9954968076634134
0.5362277443784532,0.03613659739494324,0.2805859014796666
0.0037863204795416513,0.0012190209235996008,3.126441670512523e-05
0.0005269454748151465,4.551427537080599e-06,1.1943758936349453e-07
0.9974920000004908,0.9993448853492737,0.9999922680230067
0.013232519427507484,0.003412718651816249,0.0031183105826219724
0.9988556956828324,0.9999210834503174,0.9999992401347514
0.9947160340140125,0.9993938207626343,0.9999884953183975
0.007829988075404705,0.0010516403708606958,0.00021632162164225628
0.5073644808589745,0.5940231084823608,0.581112617822167
0.006980209761615219,0.0009838223922997713,7.476002990357237e-05
0.005680375475511709,0.004637228325009346,0.00022143416716475145
0.9624238647803465,0.994640052318573,0.9960158168647344
0.0009588973143663523,8.81977248354815e-05,1.6851287311563721e-06
0.999249608289121,0.9998024106025696,0.9999997640213356
0.0020604960659408125,7.194446516223252e-05,3.5969965940342923e-06
0.265194069538428,0.2841499447822571,0.05149752309579329
0.9907671870830078,0.9951632022857666,0.9999019469401307
0.009524839000982343,0.012683924287557602,0.0001539065695507154
0.007048353470251464,0.002671256195753813,0.00012676132583280217
0.001005066937888248,2.7679017875925638e-05,6.089075379089246e-07
0.9407190906911526,0.9223113656044006,0.7187293815527671
0.003113640554707664,0.000247463263804093,1.7165524244682707e-06
0.9952936561801372,0.9995388984680176,0.9999526813563884
0.8984252991517094,0.9891411066055298,0.994176737779259
0.007402979614206804,0.00020976785162929446,2.8999796279471205e-05
0.003031820738807462,0.0001939629582921043,8.527242736456884e-06
0.0027868843724418316,4.608720701071434e-05,3.608298389280154e-05
0.001367232821012651,0.00026817407342605293,2.3582684560686083e-05
0.7931067366612707,0.9317545890808105,0.9726702695386432
0.9995911362497268,0.9998750686645508,0.9999999646892449
0.9955513673685222,0.9986538887023926,0.9999927771583081
0.04307272740786294,0.040909551084041595,0.0032363542221163478
0.9869233189633521,0.984772264957428,0.9993545004278225
0.9800268666909725,0.9968461394309998,0.9997676102834473
0.09937939098417359,0.3569446802139282,0.11591743570397402
0.0008178491210158969,0.0012283272808417678,2.4807248168839267e-05
0.33994510322206484,0.23856742680072784,0.5149259998059248
0.0022473939760852945,0.00041633369983173907,1.8872899585670787e-06
0.0007499172304366235,9.428182238480076e-05,1.6186669018878705e-05
0.0020662982961766048,0.0010441053891554475,0.00037212459080905943
0.09626674387884121,0.4470011591911316,0.03846044613433599
0.007652947757559205,0.008016122505068779,0.0003730303823970411
0.0006988413990618245,0.0009201391949318349,7.486115817341787e-06
0.008838770322854841,0.002318020211532712,0.0010677702901468577
0.7080470370053066,0.2130424529314041,0.6171896587756255
0.009408232272592194,4.881935819867067e-05,5.450469366959574e-06
0.030344755868097262,0.003928217571228743,0.0015349442400011675
0.9883437364361094,0.9962879419326782,0.9997279203657323
0.001473649395921366,0.00013216315710451454,5.414530246335094e-07
0.9928313077435071,0.9980085492134094,0.999920079711577
0.013257948679711298,0.0015701663214713335,7.019485387212405e-05
0.015604158603316556,0.0015814104117453098,0.00011198523160064974
0.03412647545991396,0.0351167730987072,0.23782580870770254
0.03832926132764987,0.0030480162240564823,0.0026221159359421575
0.009895806435209898,0.005620167125016451,0.0013362063198867158
0.008144836000546166,0.0013052020221948624,7.177263269805451e-05
0.0013804130861970916,4.352749601821415e-05,1.005728009657596e-05
0.03307122989931077,0.027390552684664726,0.01089219475167047
0.006866127984544913,0.00018074816034641117,7.066978528025227e-06
0.9120966353900509,0.8917195200920105,0.9505876062762074
0.004224858774247684,0.000541497312951833,4.743957359651254e-06
0.014530771876288155,0.0021131932735443115,0.00012645438617416463
0.03794666280754564,0.060186877846717834,0.006728569066289625
0.5372868103543716,0.5124209523200989,0.8454502342823879
0.04298672725297738,0.003957132343202829,0.0001863658826053679
0.03368431137690709,0.09327658265829086,0.011379878721673174
0.1489465609567806,0.1826009601354599,0.020372478507637577
0.0007421728090893515,4.0102262573782355e-05,6.129798437130716e-06
0.09395630352290081,0.0655631422996521,0.006858808105687044
0.9693461881688946,0.9917615652084351,0.9997404954363596
0.9698466289614185,0.9704921245574951,0.9626962554979879
0.9755097504214107,0.9954888224601746,0.9991614864325655
0.0013542641048451508,0.0002309019910171628,9.179065225230747e-06
0.006336957673658756,0.00013501323701348156,0.00023735186348475395
0.002741266716440257,0.00011224437184864655,9.512461773855795e-06
0.004210331505215031,0.00021571935212705284,0.0001626333838857257
0.001435390404621457,0.0004264826129656285,7.506863403900889e-06
0.042486493834587656,0.15200212597846985,0.003695268171093184
0.02781089679007625,0.022300153970718384,0.009440174300680915
0.0007831317221117411,0.00019148900173604488,1.256032035120518e-05
0.9435044436210696,0.9866966605186462,0.9976928446124729
0.0033347681253924734,0.0002061956620309502,1.4985132076188692e-05
0.18862360955531668,0.09994278103113174,0.023288411814586314
0.004884238008182302,0.0012345409486442804,0.0001612474988957228
0.021109905691672752,0.012659643776714802,0.002281189409490388
0.0018502776252360986,3.298808223917149e-05,1.2601816099525444e-05
0.992510945506526,0.9991740584373474,0.9999506509076531
0.9256076233558385,0.9796580076217651,0.9166878049958765
0.9995545042185354,0.9999876022338867,0.9999999902192974
0.014752670038640227,0.00023292767582461238,3.4690332102030055e-05
0.05379557555564793,0.13825181126594543,0.10729258210030475
0.9553788237474737,0.9970759153366089,0.9985985173094482
0.035985021150206915,0.00694499583914876,0.0010073145803931693
0.008092011802509473,0.0015234054299071431,0.00016523953365256162
0.9981524446433183,0.9999436140060425,0.9999999784655083
0.08251129026901789,0.07965587079524994,0.0026469944691972086
0.9865712683345643,0.99053555727005,0.999835817556899
0.0050099469447317585,0.004510152153670788,0.009911430508953377
0.02496212690248021,0.01070920005440712,0.0017281864779394856
0.9901216574149742,0.9981573224067688,0.9989640559388726
0.9328341290422287,0.9539191126823425,0.9579455953721195
0.9988426053403631,0.999377965927124,0.9999825612005845
0.0019371476550408039,0.00014913837367203087,5.655224197365647e-05
0.001697745022564067,0.00016600902017671615,6.120012547700343e-06
0.9970126428519047,0.9994133710861206,0.9999984162238474
0.9652737016960447,0.9900684952735901,0.9980669431721589
0.002035946023227356,3.3658008760539815e-05,1.1897051042585988e-06
0.0013360185633055053,0.0002124528109561652,1.9558829817266836e-05
0.0021728912510456965,0.00022173771867528558,6.002268629538851e-06
0.006968932717567468,8.368575799977407e-05,8.060125324183159e-06
0.0021393230090685626,0.0009464811882935464,4.413926156625345e-06
0.0007954653388934213,0.0001694156089797616,3.0356761377700272e-06
0.003070111941954708,0.00021446117898449302,0.00019212671229354732
0.0012329502870156825,1.8832733985618688e-05,1.6637701659240523e-06
0.0011469541050347783,6.391819624695927e-05,8.586755786411188e-06
0.0016079336498678902,0.0008163167512975633,6.83687406762655e-05
0.010351604297279802,0.0015780937392264605,6.802142890195932e-05
0.9442338785964471,0.9781451225280762,0.9394026979327196
0.0021182587582340177,1.760213854140602e-05,3.9890710799802224e-07
0.059291628000056766,0.010589167475700378,0.0026369167256584123
0.24118326120523903,0.1508718878030777,0.02003194802000492
0.9779278210987801,0.997246503829956,0.9998045544310717
0.01482059548363649,0.0015352338086813688,0.00023463835385086981
0.28643194437428376,0.12393040210008621,0.2432266912970967
0.0027957877718360526,0.00021995084534864873,4.968214236349552e-06
0.9683353638612684,0.9877671003341675,0.9940899702240862
0.0009022128272808222,3.854749593301676e-05,1.2342175147882342e-06
0.9984969485503135,0.9999661445617676,0.9999996223500393
0.9721892833807129,0.9977725148200989,0.9991077620375979
0.0033566333237268456,0.0008422634564340115,0.0001175224756424474
0.0017092951980716936,4.827488010050729e-05,1.9443942935524513e-06
0.9645891911212139,0.9963323473930359,0.9998752708293461
0.011927865458959517,0.00814784411340952,0.000143282598264634
0.0009419514552771706,4.8917223466560245e-05,4.892331162239219e-07
0.984886547690802,0.9986775517463684,0.9999695789910583
0.0015952973553549998,3.9600050513399765e-05,1.9875924442831516e-06
0.30714045151196484,0.1967083215713501,0.04913207415931503
0.04144808947394736,0.00303647224791348,0.00018483244816068354
0.003406635710497711,0.00010131188173545524,3.2035877416081866e-06
0.0016452104437144899,0.000648851681035012,1.0392752023096005e-05
0.06597053073813938,0.0455121211707592,0.032148001153170534
0.003638337817415702,0.0018333198968321085,0.00013273158256567113
0.003663548580131786,6.053636025171727e-05,5.099031012824509e-06
0.002015820645915282,0.00011300494952592999,5.489345161633816e-05
0.006773765804316356,0.0013702692231163383,0.00010511869855133573
0.0014794496137720237,5.6485812820028514e-05,1.050593856374648e-06
0.002052161605315066,0.00011671026732074097,4.347737844916078e-05
0.2568999894816408,0.2694408595561981,0.16815500137740458
0.3058546110879121,0.5560649037361145,0.18478576248855602
0.9996800887081387,0.9999635219573975,0.9999999879398788
0.0010824683757039361,0.00020498031517490745,6.823927771884858e-05
0.972615822244834,0.9929272532463074,0.9983962203082067
0.45699593149016343,0.16716738045215607,0.41376655880183216
0.001131452667732821,3.013641617144458e-05,1.8466052791429424e-07
0.016379875663014878,0.007029972970485687,0.0045449633124780035
0.9987819729971174,0.9993232488632202,0.9999997444277866
0.004518479724883127,0.00013200081593822688,7.082070272415242e-06
0.9030741953962192,0.8717848062515259,0.46628598917480757
0.5530951748352299,0.8702216744422913,0.9185368353797579
0.007894049314530572,0.0005054086213931441,0.0004811837911013509
0.0014544176659501097,0.00021069211652502418,1.9461702404194523e-05
0.003100730679270569,0.0002505383745301515,9.792241353454907e-06
0.018526024828672914,0.004502118565142155,0.0008615538485487487
0.6262298932778065,0.8812830448150635,0.9596257314991032
0.0012513529521542836,2.663904888322577e-05,2.5543135651119682e-06
0.048316528066221116,0.029746027663350105,0.005585193258314494
0.007031415930858985,0.0007007973035797477,3.848171781598393e-05
0.04260936085669215,0.02331172488629818,0.014727980733200627
0.995695035587351,0.9991787075996399,0.9999513782103809
0.08454473443399131,0.03173961862921715,0.008204699174569403
0.0030969699434443268,0.0004928278503939509,3.984400479006097e-05
0.9954490760771538,0.9964423775672913,0.9999420698218412
0.003772177287103874,0.00043155293678864837,7.586502223554224e-05
0.9785678067917798,0.9946607947349548,0.9996105041737823
0.9911327141006879,0.9984005093574524,0.9999084919128803
0.9582757976551944,0.9935168027877808,0.9997061835671391
0.004423842074844841,0.00022535896277986467,1.6470398374929118e-06
0.004124927644281405,0.0008025729330256581,3.4126981461362904e-05
0.010182957625399657,0.0026667288038879633,0.00046153751178408905
0.0027217939587321507,0.0005737946485169232,3.344230130604107e-05
0.002802488134160065,0.0002568423224147409,2.211311861003376e-06
0.001362633847202553,0.00027696607867255807,3.532285318231139e-05
0.00485537458179034,0.0003187553375028074,3.495309838614623e-05
0.025656404915254512,0.0510905496776104,0.009603340549614212
0.6322668694271083,0.7947357892990112,0.925218637634358
0.9127402502290898,0.9464633464813232,0.7037999979271117
0.009248243893415579,0.0002419623197056353,0.00019883812508350116
0.010353305510616258,0.0006796505185775459,5.469910434524224e-05
0.9270445672650303,0.9871127009391785,0.9980532661830681
0.00700684278034511,0.0012778686359524727,9.372395168350458e-05
0.01516855283630125,0.0009365928126499057,0.00016431846989817868
0.006974529844449065,0.002362611470744014,0.00015858831938908116
0.9500494559031925,0.9965983033180237,0.9997974307486381
0.9877004607241032,0.9973211884498596,0.9997504060522062
0.008819009942866317,0.000736929418053478,2.0771956060941856e-05
0.0010814045207270606,3.484325861791149e-05,4.32916602192894e-07
0.11302101845580109,0.05900498107075691,0.026355704613044192
0.030872249700138323,0.06794241070747375,0.008323131467199926
0.0068865796675760755,0.00019143459212500602,2.2803927448605306e-05
0.0015505382906685695,0.00016682385466992855,5.180352798291341e-07
0.5313121576778309,0.5888842344284058,0.0799233399629747
0.4167196639378822,0.10375259071588516,0.13846840243223135
0.004815476158027651,0.002009716583415866,5.771424223894059e-05
0.9851052487522228,0.9981593489646912,0.9999630789758233
0.3825949311759241,0.6054266691207886,0.8276799092923043
0.002577842004108098,8.543273725081235e-05,1.0760380991627665e-05
0.18014394792709612,0.05416201800107956,0.05707761123279782
0.9993055911985775,0.9999066591262817,0.9999998887089769
0.9988776607784489,0.9998753070831299,0.9999997695811416
0.9995494034228228,0.9999749660491943,0.9999999986644457
0.011921726710553804,0.002385250059887767,0.0028796635675776717
0.9948958302998117,0.9974035620689392,0.9999846109195023
0.03271963232319213,0.09002810716629028,0.021153130680766904
0.00156200030253289,8.358884952031076e-05,6.404372375631361e-06
0.9343370799979316,0.9924321174621582,0.9973453077650077
0.0031458988127374184,0.00027215047157369554,1.2856747849839869e-05
0.0009255381798801523,3.7546647945418954e-05,3.4893598605641546e-07
0.0010225015094094357,7.12761320755817e-05,1.5753203593059115e-06
0.001000394916617546,7.181943510659039e-05,1.835855240921887e-05
0.006317483963198975,0.00017746553930919617,0.00010000763222957997
0.002724209697438791,0.0007693380466662347,3.720299999723005e-05
0.9896999245709662,0.999829888343811,0.9999980495133981
0.9926410009206906,0.999760091304779,0.9999992707516929
0.05424608224187652,0.033748578280210495,0.0299725374401332
0.01845858306320918,0.0037418229039758444,0.00031387205714634384
0.001609948765113625,1.2867036275565624e-05,2.8150831387816994e-07
0.0007703525574036498,1.1554792763490696e-05,3.3441205148869917e-07
0.726668865518627,0.12624093890190125,0.6846848027316881
0.9938864306063916,0.998961329460144,0.9999439245013286
0.022301570041110982,0.01785043627023697,0.004100928790496422
0.0033368735001712336,0.00043788045877590775,1.8203773018482533e-05
0.005507706347494353,0.0003989167744293809,0.0003994742118565152
0.0032513035179639813,0.00038266711635515094,1.3367078215543337e-05
0.012319941962198147,0.002667553024366498,0.0006286148522080573
0.002220870794145102,7.714912499068305e-05,1.9300994297890704e-06
0.013806426178088894,0.0021089641377329826,0.00014706864422097212
0.042915640241337726,0.00835633184760809,0.0011676646006549727
0.9988620469929427,0.9986786246299744,0.9999976705731074
0.9268681929775041,0.9776012897491455,0.9989266926819635
0.818310498512596,0.9899133443832397,0.998090773943323
0.008164384823414935,0.0009357311646454036,9.95808551058731e-05
0.0018494236030193224,0.0011048922315239906,3.3182488128351727e-06
0.0022082877228140033,0.0002529860066715628,6.792545589298963e-06
0.025595048773869096,0.008385133929550648,0.0017623787866633506
0.012931600959135165,0.0013095015892758965,3.412003397528114e-05
0.002739604456832206,0.0006551141268573701,2.054017455198317e-05
0.06046594079279763,0.03142327815294266,0.12935316460990176
0.0027569450567008127,0.0002711683337111026,5.542116044735738e-06
0.01739469995276502,0.001548245083540678,0.0004133168725727903
0.11308632492327865,0.00803439226001501,0.004202076879716919
0.012710307094894631,0.005060670431703329,0.001001705176509963
0.9972251851540562,0.9999661445617676,0.9999999989868036
0.992697849649462,0.9977651834487915,0.9999835047637683
0.006910903089576864,0.0016779956640675664,6.912356581835774e-05
0.0009290739241829204,4.0515020373277366e-05,7.378500356866826e-06
0.001559688864563745,0.000815063074696809,4.32844831355088e-05
0.005509046732801336,0.0004300203872844577,7.911730884423721e-05
0.002960629206513248,0.00014214476686902344,3.5783627408426642e-06
0.6602611871387997,0.8488033413887024,0.9228222634009726
0.14444579606599936,0.2510807514190674,0.20137977261361012
0.7648800515559587,0.532854437828064,0.9620735493387581
0.9917344317794216,0.9991430044174194,0.9999101326468633
0.001306216351684648,0.00034915388096123934,5.622214641225777e-05
0.006105872879527652,0.006511891260743141,0.0005730565826943762
0.004002976653470457,0.00033552665263414383,2.66269036819552e-05
0.0038763076280029876,0.0012704820837825537,0.00016429287254850545
0.035832770650769175,0.006637118756771088,0.003946711874862484
0.005588267621111267,0.0016096344916149974,0.00018288167795192555
0.0026060640267870604,9.055992268258706e-05,0.00014343286996668474
0.045743295420917325,0.012419135309755802,0.0032788896844388837
0.0027838578173700573,0.00027470625354908407,4.560356223801564e-06
0.001252933555728683,0.00017442621174268425,3.470303976897874e-06
0.9153302404815065,0.8576213717460632,0.9219601981601467
0.9791213180879406,0.9776401519775391,0.9993632620324464
0.9805734940028905,0.9968019723892212,0.9994765821940231
0.023073326766619887,0.01919783093035221,0.0018826986094586066
0.3051318558316873,0.8291939496994019,0.9986515495973765
0.008174523154161263,0.016050677746534348,0.0002905409165279174
0.013182280252740996,0.001336406567133963,0.0005851224366731808
0.5447052968928131,0.8489091396331787,0.40551891797944567
0.055570226502972386,0.004037529230117798,0.016539793497351137
0.01210188507959841,0.002271680859848857,4.5483620689064095e-05
0.0013193329578278289,0.0003032089152839035,7.303844322870401e-05
0.0016994732356103847,0.0007123132818378508,6.095115716259069e-06
0.014024019539596817,0.0402064174413681,0.16751802258883897
0.9749388953926802,0.998538613319397,0.9996892688831557
0.024164179798325275,0.015862345695495605,0.001040365375222819
0.9737864515682955,0.9986246824264526,0.9995031003526779
0.00247384729970263,0.00017636317352298647,1.5326851329360264e-05
0.011079003561622839,0.005141859874129295,0.009272553274091135
0.023521529794089016,0.01367492787539959,0.006338265878405649
0.927102229186461,0.8926923871040344,0.9928885794355082
0.10894405931621709,0.04589008912444115,0.016016744896057863
0.03021798887094766,0.00026716498541645706,0.00014424955098246353
0.16761090906214976,0.07119034975767136,0.12190067720520105
0.287434367877669,0.2357800155878067,0.42012071441578924
0.1553064361806973,0.9180311560630798,0.6790586917620364
0.9945680341498369,0.9997020363807678,0.9999939498969451
0.28795866837698847,0.043727993965148926,0.19936303250087284
0.9864835809305333,0.9975988268852234,0.9995173989923011
0.011704728364478646,0.010591304861009121,0.0005904731274418807
0.07961240820782943,0.014337286353111267,0.00044837854604442987
0.0014351673159738788,0.00012320445966906846,3.9425097420749815e-07
0.004529326256347641,0.0008771071443334222,0.00026892883526570153
0.007929706120926115,0.0003535518189892173,6.588791815184092e-05
0.05570824440904683,0.0381055511534214,0.0003105233380721618
0.993250601954858,0.9980608820915222,0.9999035506924921
0.006197583634740311,0.0005696469452232122,7.851482367043625e-06
0.9639307788458744,0.9834866523742676,0.9736865507472564
0.9928342022357732,0.9992343187332153,0.999997888039738
0.010697980455509182,0.004309504292905331,0.002099595535576625
0.0012887464658179397,0.00023768989194650203,3.8212519023476276e-05
0.002672431798987125,0.0002873287012334913,2.2920981344358396e-05
0.6279828931424477,0.6409661769866943,0.09475838434608788
0.9330511247001636,0.9581249356269836,0.9944036524062223
0.0007024197175134439,0.0001645365118747577,5.796232635975146e-06
0.9942182529999504,0.996679425239563,0.9995844832701909
0.054819343155816776,0.020020900294184685,0.005876563563766759
0.001673860715874358,0.00040432673995383084,2.6018810914102733e-05
0.9882155517418696,0.9991769194602966,0.9998913403657256
0.001368293516010791,0.00018436340906191617,1.8654958559130965e-06
0.002426356611270382,0.00020858674542978406,5.165168625313295e-05
0.0037056958340415213,0.0016604773700237274,1.639284473718108e-05
0.0027462632974706185,0.0002504094154573977,7.15523510255724e-05
0.0032957347293726923,0.00011476515646791086,1.596280974657808e-05
0.0028867670225214024,0.00014947736053727567,1.1360076596905915e-05
0.03713419761133476,0.013221807777881622,0.003437145105188924
0.004419853064695042,0.0002391698071733117,3.5192292747143934e-07
0.0030643439710845268,0.0004027577524539083,4.430442598070541e-06
0.00630794298787867,0.0006776900263503194,8.67103649474298e-06
0.010854347852381367,0.002487614518031478,0.0006398757248097512
0.0693268899638638,0.05770539119839668,0.0010399798487212705
0.004170896631342312,0.0002109661145368591,2.833069241155062e-05
0.9972617355028514,0.9951997995376587,0.9991157142210502
0.0012152632271780312,5.396268898039125e-05,5.963759786976396e-07
0.09517080072828164,0.07615439593791962,0.018076963391288992
0.0025002979067352002,4.292926314519718e-05,1.2248875992458286e-06
0.07050702192956029,0.05633977800607681,0.014991345121120249
0.9291596688462138,0.9625727534294128,0.9157367731467371
0.018980777655248506,0.0019816868007183075,0.00045524563293221115
0.954468687615719,0.9929498434066772,0.9868623608210729
0.9817411881126659,0.9982433319091797,0.9999888701128621
0.1566365938973936,0.29194390773773193,0.13894388877747507
0.0215596817769608,0.013703545555472374,0.00017859870612112552
0.00701313468138024,0.001444024033844471,7.244033772396879e-05
0.0020928709530559212,6.470699736382812e-05,4.236264691223864e-06
0.03578765731423252,0.004419118631631136,0.010108705166800007
0.01622791244537894,0.0020053049083799124,0.001745403691604608
0.0019619019239701823,6.477176066255197e-05,7.741513465186197e-07
0.006023556123688697,0.0007968005957081914,0.00018511568883949577
0.13866325069651148,0.2222232073545456,0.04157701376852257
0.0015144718246802977,0.0009880850557237864,3.692612496831709e-05
0.003940275503877387,0.00036164832999929786,6.968509266893177e-07
0.0019616962189697067,9.748151933308691e-05,1.7709800159448502e-05
0.0209428374609802,0.008677421137690544,0.0009829493836959666
0.013933435135849173,0.002362249419093132,0.0005781640367503819
0.047430436982199425,0.09586591273546219,0.052270589729549996
0.004555397618230549,0.0004502647207118571,1.657993126437277e-05
0.03280259107738266,0.013858199119567871,0.0016564669323459534
0.0008244783611432986,6.132962153060362e-05,1.4525186277649681e-05
0.00281151023474968,2.650052192620933e-05,1.011539905902632e-06
0.9780888777307767,0.9961289167404175,0.9997857666410864
0.24033577218814242,0.16105014085769653,0.03509989293296752
0.9757715421351367,0.48107436299324036,0.9868574389589344
0.07920077132951522,0.007555739488452673,0.0024234940421212683
0.010125298532737716,0.005708061158657074,0.00010248137465003144
0.00784726203029368,0.0019159738440066576,0.00026188326495050877
0.0015938710583312233,0.00012407524627633393,3.924106346299335e-06
0.9577004147055685,0.9419151544570923,0.7971342952963234
0.0032263938087673627,0.00012823677388951182,2.7961717080763146e-06
0.04083642334738394,0.014514051377773285,0.0004189982624837632
0.9949665500725748,0.9996058344841003,0.9999874505040507
0.9954653197055755,0.9996335506439209,0.999985813057595
0.0015987601431535722,0.0002666885848157108,0.00014949719838182907
0.032143006423014236,0.006264711730182171,0.002694107993772236
0.010523801059765525,0.0013706079917028546,9.896486638814152e-05
0.8485336676172255,0.8613436818122864,0.8976066950378824
0.779953506248761,0.45276710391044617,0.29362128665681436
0.8159173212428861,0.9210221171379089,0.997334049434803
0.007613918009334175,0.0004921335494145751,3.092764151563775e-05
0.9984042208845979,0.9998264908790588,0.9999979608842828
0.0037757885005696066,0.0003990584227722138,0.0005369901114313887
0.001118973207245388,0.00011425577395129949,2.218733324216593e-06
0.0029249128902844963,0.00020766536181326956,7.582057206479778e-06
0.9912427552445037,0.9948803186416626,0.9993414518371497
0.09185900420261474,0.04598738253116608,0.024363844589477976
0.03982634353754101,0.009490507654845715,0.001649172661464558
0.9787738155626223,0.9960357546806335,0.9996265670644622
0.023171870401403415,0.002581579377874732,0.000436300419939288
0.0022781176229066916,0.00011976737005170435,3.6008913372689367e-06
0.9984759213733897,0.9993195533752441,0.9999673667436726
0.9966600884230901,0.9997583031654358,0.9999909233050591
0.000688714305045329,6.63808750687167e-05,1.3785178617561305e-06
0.003652104930268862,0.00023435270122718066,1.9726754366430908e-05
0.06822531539646004,0.09950725734233856,0.10810067373591932
0.38935510618626146,0.4103882312774658,0.4892536234940972
0.7375755654024924,0.7171265482902527,0.5669090248178799
0.5153583734791465,0.1916464865207672,0.052296634030535374
0.017098555431057153,0.018847990781068802,0.0018669285309926974
0.3158697433516308,0.4567924737930298,0.40524013759152827
0.002172040620705912,0.00030526568298228085,3.9043244818302365e-06
0.1026989037980865,0.03585920110344887,0.003968783936374267
0.0030247597296731857,7.636942609678954e-05,5.414980876812232e-06
0.02413275020794477,0.007651074789464474,0.00042358601341126395
0.864698935409174,0.6893394589424133,0.9620833747484819
0.011201738856640402,0.006623263005167246,0.001102418172201196
0.03798493599693472,0.027851775288581848,0.01548788661219497
0.055057743353416726,0.13001824915409088,0.01965719681454611
0.0011781853617759983,0.00012952531687915325,2.9630205673229262e-06
0.004106614106230455,0.00047344868653453887,4.289979830804483e-06
0.20444572544780013,0.1878841370344162,0.1465807436818675
0.0012642080600165405,0.00034987961407750845,0.00010073362404221261
0.001108120349927181,0.00013589930313173681,7.163679993431588e-06
0.020431417156686615,0.005357321817427874,0.002013158319086523
0.044855955502468216,0.0057921018451452255,0.004627865352135308
0.002456567909518648,0.00013619819947052747,5.419868115968828e-06
0.006605998445553646,0.00040305638685822487,0.0001629509671314944
0.02087772216701244,0.033647384494543076,0.0006896031845889019
0.19822211746640434,0.057241663336753845,0.027612065434527443
0.9938868701662046,0.9943354725837708,0.9998927752555649
0.21577950136179164,0.23391428589820862,0.1732426780743533
0.0030202256677108004,0.00033553867251612246,8.516575559339513e-05
0.014512009160868389,0.0008202168974094093,0.00021749965387510346
0.04386725578443247,0.017812831327319145,0.0013017371777421822
0.0021629917972856246,1.0326328265364282e-05,2.2138901358206064e-06
0.9759001868267836,0.975604772567749,0.8949116867247208
0.0011261129503662478,0.00013708365440834314,1.1821014025929646e-05
0.00509649670201783,0.0034785510506480932,9.79752537581194e-05
0.0014055427545304861,0.0001807400694815442,7.200899899483349e-06
0.002130653679185819,0.0008541546412743628,0.00017220130663176097
0.0013697106253577683,0.00017399995704181492,4.5686595271245385e-05
0.21128440696061038,0.022444849833846092,0.016144560776309106
0.02004664962546086,0.0029589056503027678,0.0019307451285493638
0.0008972481855720746,2.544472590670921e-05,2.956259761445171e-06
0.015053393123829306,0.003661634400486946,0.00047931643109197996
0.0018555652952725193,5.50388140254654e-05,4.951058585755697e-07
0.9058213442921131,0.9828318953514099,0.9930889449486603
0.6332497384177226,0.7208820581436157,0.1683527842921751
0.9943334457093744,0.9982435703277588,0.999781676554342
0.0004293449400227281,0.00016458530444651842,5.3628338568963156e-06
0.0030476064248504326,0.00027178224991075695,5.744818574467591e-06
0.024636753036163906,0.007475916761904955,0.00017992503943436316
0.0055360706990241785,0.0004305250768084079,0.00013712249161789198
0.002332987993313081,0.0008537535322830081,4.462474883255776e-05
0.9971022366397958,0.9999568462371826,0.9999999047084696
0.0018691212459142263,0.00024581834441050887,9.617325276911278e-06
0.0011521419158028214,9.526454232400283e-05,5.3812102187545664e-06
0.02742848340905351,0.0027630054391920567,0.00020371864313077764
0.01038535028229335,0.0031875174026936293,0.0002723421980993299
0.02957373404252879,0.01421023067086935,0.00038956397132285076
0.0011328768308528348,5.034755668020807e-05,5.986972271473942e-06
0.0200821748928054,0.0030371868051588535,0.0014288209720607979
0.002853453049444973,0.0009226948022842407,1.2474562180520976e-05
0.4395078066550866,0.25756075978279114,0.4223270895420051
0.09729767525561578,0.006605069153010845,0.007695078797827947
0.9946282396486456,0.9969171285629272,0.9999987709424105
0.005037085738948967,0.0002409395092399791,1.3499113674518658e-05
0.8988255297060074,0.9699872732162476,0.9644378352506471
0.0010630246297500955,0.0002829846052918583,1.6821940862594937e-06
0.0034928451204653526,0.0001467429829062894,0.0001279519639663949
0.9938898981757993,0.9981556534767151,0.9996233326298827
0.9124342840884567,0.9703450798988342,0.9983727712627244
0.025887004536902358,0.007360336370766163,0.00038927723960671597
0.011204568737046712,0.0008680045139044523,0.00012254361028814144
0.0014569529816992263,5.633567343465984e-05,5.495770877449901e-07
0.013001408904307413,0.0006085226195864379,0.0005108168951311039
0.47729076389243197,0.3064597547054291,0.4136795165782481
0.0037170465545073223,0.00029610388446599245,7.37044225710366e-05
0.009907345222222204,0.0021967857610434294,0.0008151649122332324
0.006303107406802057,0.0006483707693405449,0.0002126455825472491
0.11108318383745082,0.015180712565779686,0.0013528420280888248
0.18521876092413445,0.018635811284184456,0.009918912413938566
0.9840705501649143,0.9989359974861145,0.9999780536273088
0.05502005809272643,0.03198716416954994,0.0058463419341082306
0.8761650878585135,0.8862441778182983,0.9838085432849583
0.12219974645575374,0.18775708973407745,0.07702615651174799
0.01590741356330748,0.002096458338201046,1.2603852917726056e-05
0.7547167379710638,0.9780626893043518,0.9627495151895047
0.1178283159092614,0.12898491322994232,0.23477113914617645
0.044773086323409164,0.02892080321907997,0.005111319104393814
0.9979824884874099,0.9999349117279053,0.9999997963364542
0.9771049885918581,0.9969636797904968,0.9991943928325587
0.984475580969882,0.9851374626159668,0.9991443147851441
0.9890306926329866,0.999041736125946,0.9994596146977242
0.9512489318091869,0.9946870803833008,0.9997394509950661
0.006181186305142146,0.0026619010604918003,8.377468501991444e-05
0.008364840137467078,0.0010413641575723886,0.0004070610751123074
0.0012422200718468807,0.0005239539314061403,7.21141731413747e-05
0.0020554172147830493,0.00019583877292461693,1.7683480470004608e-06
0.003956329823843219,0.0003145621158182621,3.14506851200664e-06
0.0019200860422350263,0.00024414295330643654,2.2683488576486234e-05
0.017651839206633817,0.0014291988918557763,0.00017806613014231324
0.00045024709872302696,3.905806443071924e-05,1.806583037802289e-06
0.006085230770339516,0.001112929079681635,0.00031918610873969195
0.00914170316880669,0.0016844382043927908,2.6915381920652502e-05
0.004322389418917445,0.0002691145637072623,1.0452071020888764e-05
0.0010499147484888216,7.014542643446475e-05,1.0430455145687015e-06
0.008488710817827795,0.0012765037827193737,0.0008168827861192049
0.2122280865094116,0.5429525971412659,0.2895808614782374
0.001686799364546686,9.702941315481439e-05,6.55200047622697e-06
0.03710430933364227,0.0008054451900534332,0.0006877730351309809
0.01117528064011245,0.005331909283995628,0.008528850454525505
0.1421896542959675,0.025548042729496956,0.0004679026068350588
0.03870573287717122,0.01064743660390377,0.00046024333011578225
0.051715830682148765,0.0010837457375600934,7.430951277369096e-05
0.0691807771087804,0.010926788672804832,0.0007295757652064588
0.0011053746082647314,0.00019534325110726058,6.370425704306389e-06
0.0017732961856746392,0.0002494555083103478,1.121564993862209e-06
0.4700018777267736,0.979272723197937,0.9957690350727271
0.0017056077265992535,6.882821617182344e-05,4.727631557183443e-06
0.45818696150785654,0.45818737149238586,0.12395618931801591
0.45956855675428654,0.8028904795646667,0.7330319749029242
0.0032212132185532208,0.00028704587020911276,5.698980471702644e-06
0.00437550458023787,0.00022093029110692441,0.00011625770245946508
0.9845964432901039,0.996669590473175,0.9998497866223983
0.02004512706155168,0.0068024746142327785,0.00457793229322251
0.004256965853702061,9.462264279136434e-05,8.401392655871784e-07
0.0027175492500861455,0.00018598532187752426,1.7832125447150033e-06
0.248956736290943,0.2852341830730438,0.08276587062496422
0.9733081887061678,0.9683797359466553,0.9987092501276071
0.3724645425609322,0.6797246932983398,0.8886068548102259
0.9611609031896284,0.9897662997245789,0.9946912295400508
0.9614751440303182,0.9504035711288452,0.9996675195861727
0.0071395968190433555,0.00042383986874483526,2.9169315306467945e-05
0.004475967711259218,7.734506652923301e-05,3.528471866341033e-05
0.004505589083390616,0.0005197933642193675,3.8319838191349204e-05
0.0012485616507289215,0.0001286473125219345,1.985884623451103e-06
0.9915964673484153,0.998570442199707,0.9999367874457722
0.0881346160633776,0.06190181523561478,0.026561147486876883
0.0027058352304422328,4.498831549426541e-05,1.636222309835906e-07
0.29645737324142984,0.2558298408985138,0.05593317567156073
0.012322154919302924,0.010033907368779182,0.0052921814716287
0.0012201684158882496,0.00010561390809016302,1.3221432606001143e-05
0.007794251910853961,0.0024336189962923527,0.00017240976308975392
0.980061617704924,0.9963035583496094,0.9990512309121256
0.007349702020979123,0.0003283271798864007,0.00016816554826186772
0.005699149493978508,0.0008511075866408646,1.2435829556783692e-05
0.0032802782987138316,0.0011694601271301508,5.680588736142426e-05
0.0009925672576106218,0.00010353117249906063,5.362159544251354e-06
0.0024099799283351826,0.0004697997646871954,2.3523217912023607e-06
0.006051491047476379,0.0003186128451488912,5.146882117128456e-06
0.5321366577580202,0.8099466562271118,0.0558247697328055
0.0008317554427949194,6.69254659442231e-05,1.2087873005346598e-06
0.0026351582724121326,0.0006735938368365169,0.00016807722157438401
0.006910438560754063,0.0024481939617544413,0.00019123907836249835
0.049673958567292446,0.008799506351351738,0.003209526059819352
0.96943130039723,0.9981691837310791,0.999926435410724
0.01501333115473486,0.001769417547620833,0.015293772487007442
0.21261343312025321,0.28685328364372253,0.04770550649014737
0.8584485631520054,0.9818092584609985,0.9957418377852842
0.871487160603516,0.860858678817749,0.786969320955063
0.0006937383670393263,5.1089875341858715e-05,2.2798776768800853e-06
0.9276188351508964,0.9553470015525818,0.9819292355785614
0.010106625510396882,0.003681047586724162,0.0003135676493570922
0.524284538205214,0.9404543042182922,0.33182608148185433
0.10703576548381741,0.1625007688999176,0.23366107569327565
0.006702064087741147,0.0017858180217444897,2.0991168379243345e-05
0.10975289021084804,0.06560758501291275,0.022044614584075427
0.002921049293205415,0.0005778410704806447,9.44980355971194e-05
0.9984165245861639,0.9998509883880615,0.9999999560075811
0.004468612825592959,0.0025779097341001034,3.3875636568592655e-05
0.3700462415280428,0.7938821315765381,0.6120578838067772
0.002165266791443191,0.0002585269685368985,5.422878023891843e-05
0.04659488151201739,0.12639713287353516,0.007077531471079789
0.0019462718492935295,7.553557225037366e-05,2.1071728972667998e-05
0.0018725669442338025,4.6287790610222146e-05,2.8484495997809014e-06
0.15948592846502113,0.06762991845607758,0.020410904734736272
0.955250331110028,0.9876411557197571,0.9908279636358024
0.0013794870624558042,8.930308831622824e-05,3.566412444440831e-06
0.0047541939555990394,0.005227517336606979,0.00018744143198578763
0.9977417698157709,0.9995591044425964,0.9999795264826506
0.015675221743430813,0.004863314796239138,0.0022757099789178664
0.8925135357827798,0.8673431277275085,0.9511291464224206
0.9392773708116088,0.9803977608680725,0.999444571943921
0.007114944257059689,0.0005806628614664078,2.011112792419691e-05
0.49059869822253244,0.7593562006950378,0.7147321498164794
0.011395008999171704,0.0010077846236526966,0.0003147658342415257
0.006550917942265835,0.0004443426732905209,7.991625905706211e-06
0.9978004997217929,0.9996415376663208,0.999999060164261
0.00835144753564492,0.0012777767842635512,0.0027122081722048895
0.0012996193479455128,2.6839526981348172e-05,2.9513823343628713e-06
0.02499546629466901,0.011317365802824497,0.06119211194956258
0.9947608833507835,0.9998798370361328,0.9999983874871509
0.05400413924122189,0.013654008507728577,0.002872598929278311
0.003845144443675765,8.874212653608993e-05,1.0316375113395868e-05
0.0044828091840702754,0.0004806980141438544,9.430609860650742e-06
0.005713928810632078,0.004912990611046553,7.458516903481427e-05
0.005643375157308322,0.005048835650086403,0.0010894720394909326
0.0064259229702563515,0.004916728474199772,0.000366521723546441
0.9582304299592995,0.9892749190330505,0.9996494154443273
0.005826489106810733,0.0002659910242073238,9.93634583106992e-05
0.48433671981411763,0.7625489234924316,0.6514521687451518
0.9169734401892592,0.9359369277954102,0.45470077943878623
0.8740519620324178,0.8757003545761108,0.8563535323274998
0.05221819151519513,0.0075402334332466125,0.0002669729180289245
0.0011239623120523968,0.00014436774654313922,8.882610194177308e-05
0.8617349805309567,0.9134870171546936,0.9538314534119785
0.0012634323719018638,0.00018887776241172105,2.59143206168741e-06
0.0013683003021065883,0.0001239184639416635,5.803283350371571e-06
0.003193602301147727,4.847189848078415e-05,8.306694934920215e-05
0.013904907373797607,0.0006757401279173791,3.389786640015069e-05
0.002375772878406439,0.0008049353491514921,0.00013994854618508025
0.000967020834125353,2.183608194172848e-05,4.077957194910998e-06
0.02636712413439929,0.015129094943404198,0.0014701576454531843
0.002359681337414869,4.912155418423936e-05,3.289452999012081e-05
0.8571625413682722,0.6704971194267273,0.9833498284279215
0.0254720377260628,0.0008389061549678445,5.585048780966632e-05
0.22294055344129973,0.04040437191724777,0.010176698000466248
0.035366399534762914,0.014329425059258938,7.635927297799007e-05
0.9883428069313825,0.9989803433418274,0.999983186071199
0.12773199049731848,0.12135310471057892,0.04016694968599169
0.009177209308429352,0.00027366532594896853,0.00011255767640810397
0.009013928205177405,0.0031185701955109835,0.000545995947050424
0.02598051991936451,0.02781854197382927,0.0025360364551358823
0.003028325661215511,0.002313383389264345,3.789967244419368e-05
0.0032850228591043457,7.326902414206415e-05,8.848246935642323e-06
0.005537648526888553,0.0009427210898138583,0.00011474797247188861
0.9988843731299106,0.99996018409729,0.9999962247643909
0.996404920679955,0.9996788501739502,0.9999360751921894
0.9867494742257392,0.9957828521728516,0.9997256160224497
0.021800945007774682,0.0012953627156093717,0.00011407641715374735
0.7506558372650041,0.4583672881126404,0.7378049233261911
0.00436439571657918,0.00021460209973156452,1.565561403520616e-05
0.017780081431288213,0.030697809532284737,0.04770032031398008
0.0035605376702944986,0.00011478824308142066,3.662796883050704e-05
0.006358235068146494,0.00012803322169929743,1.5040443168109484e-05
0.003258283941398657,3.728261435753666e-05,2.1832718428123067e-05
0.9877845662701088,0.9996827840805054,0.9999746542511658
0.001176097405269595,0.00015179663023445755,2.2481778200742153e-06
0.0028043424092405074,0.0005132387741468847,1.173004694087485e-05
0.08130203368990924,0.04599085822701454,0.021291200189329052
0.0018807997839972955,0.00013791043602395803,1.978332840734377e-05
0.0020415339826259696,0.00019723390869330615,2.5271834563420906e-06
0.396975568880073,0.3125201463699341,0.18960809976774115
0.0006890243143780935,2.868423871404957e-05,6.94792075795357e-06
0.06220045301401247,0.01663728430867195,0.0005235339672201037
0.1760374913045532,0.036583833396434784,0.036458631400253634
0.9972818309278719,0.9998120665550232,0.9999932310134122
0.998309372230139,0.9998235106468201,0.9999994997977102
0.003522295482176375,0.0017490091267973185,0.00020917892917745044
0.999460907544994,0.9999579191207886,0.9999999973261675
0.004118820478020443,0.0006459098658524454,3.997245803754168e-05
0.0009043719585414749,0.00010857942106667906,1.5285108960538753e-06
0.019510445060272996,0.00213541928678751,0.001140895033250866
0.14568693094098245,0.39997491240501404,0.019381035172891532
0.9951243447678765,0.9958992600440979,0.9998282755356742
0.010718074372550667,0.0047070300206542015,0.0007306531103505434
0.01659730716061918,0.031288981437683105,0.0005596882266928387
0.9879361619990219,0.9971766471862793,0.9999551089233509
0.004836787886362401,0.00039319516508840024,5.440273984483762e-05
0.009984527703973515,0.0013078992487862706,0.0001384062721585016
0.7396249264103165,0.3372417390346527,0.8025269476606157
0.0008828837133690554,0.00014127131726127118,3.771969086394027e-06
0.07999063138926195,0.2071269005537033,0.05787907074021436
0.0006024477743623918,4.953711686539464e-05,1.715589183863708e-06
0.965761205950593,0.9944361448287964,0.9996416171945451
0.9864767457600708,0.9786979556083679,0.9991982433865445
0.3270403879109471,0.22638703882694244,0.5845000299748474
0.00186901070052387,0.00020400639914441854,2.756921427469146e-05
0.9874137214210389,0.9971166849136353,0.9999095779327227
0.949749968782244,0.9612059593200684,0.9993184391676528
0.014546581730506105,0.002955437172204256,4.149010771957601e-05
0.10038644005516655,0.2232643961906433,0.019306340671012466
0.0042089869916439844,0.00017871941963676363,2.7330138530215945e-05
0.995651535560337,0.9994528889656067,0.9999365160615669
0.002101560227531069,0.0004702855076175183,1.3176833938598941e-05
0.006426736233326154,0.000876652542501688,0.0003954324520566682
0.0010192317816769079,8.991387585410848e-05,4.147990416440144e-05
0.14520797825522005,0.03067341260612011,0.011215857876439222
0.005210520888778911,0.007674483582377434,0.0004341031100829489
0.1447732460932016,0.07460276037454605,0.011784204366275662
0.005974674362065259,0.001532037858851254,2.5600211739641864e-05
0.9180191820151233,0.9437364339828491,0.9532266156676998
0.005688087210182872,0.0010516679612919688,3.8702802038544685e-05
0.035296967469139,0.008021906949579716,0.0007577785188102264
0.007214067755127747,0.000290755124296993,2.5539430449621867e-05
0.005043367340101721,0.0010014957515522838,4.307052694937615e-05
0.004872840231219443,0.00015784346032887697,4.678179311170746e-05
0.03562172691982476,0.009557945653796196,0.00018960096520429813
0.015412332916475039,0.003609911072999239,0.00819217842458052
0.0009975135324124084,2.2577738491236232e-05,3.4900890960841115e-07
0.9845610867033121,0.9962083101272583,0.9984448535225119
0.050039650148624,0.024801921099424362,0.01000259823495696
0.001458672472244282,6.606196984648705e-05,1.383791596709895e-06
0.017402964046153113,0.00500144436955452,8.028175661587556e-05
0.005414461107897954,0.0010314485989511013,0.00013030003772121935
0.041773545301166844,0.03255680948495865,0.008041771089225581
0.023415078195181,0.007281170226633549,0.007567862189772442
0.9983155650801069,0.9998860359191895,0.999986738092448
0.001746434718649502,0.00016379110456909984,1.56383362229813e-05
0.972229127419449,0.9538389444351196,0.9990791191225438
0.0041029871526463806,0.0005371493753045797,0.0007133431165256337
0.034756598202177205,0.004481429234147072,0.0003916757330464236
0.005724476070927721,0.0004711402580142021,6.477221663954914e-05
0.5786480059490149,0.9398154020309448,0.9454384616471319
0.4501646445809398,0.10097672790288925,0.09534109826664028
0.0034393230010757955,0.0005052051274105906,5.04122363337933e-06
0.0005357953372783537,4.220416667521931e-05,3.8635257495298394e-07
0.991276286088682,0.9994722008705139,0.9999727706405628
0.9850222035240799,0.9978054165840149,0.9998347731000555
0.9340985918418548,0.8973020911216736,0.9928954596678945
0.9977755378662574,0.9999407529830933,0.999999998323696
0.0010864960579131586,0.0021332744508981705,0.0005647544041542867
0.002053727576195224,0.0005654909764416516,2.1736181413373223e-06
0.012734214332708138,0.007470009382814169,0.00039004881375796514
0.002939873331336513,0.0002316510654054582,1.0866774123696647e-05
0.000666855270509382,8.882856491254643e-05,7.66089418731813e-06
0.0015945822021854398,7.504183304263279e-05,1.2776323175725856e-05
0.0016318972233992225,0.00012224265083204955,5.663269851236587e-06
0.38690076988269434,0.35503530502319336,0.1608663830012628
0.14620955988709858,0.28124529123306274,0.10281285652699144
0.0020739846490230277,0.00011430371523601934,2.0669085256561773e-06
0.0022794521152120105,0.0002865523274522275,0.00043513955692728426
0.9919385811917597,0.9998600482940674,0.9984928118373441
0.0015411563503229262,0.00020638114074245095,2.910201134728535e-06
0.9513053243713893,0.989594578742981,0.9981581149480021
0.9091854263389568,0.9332103133201599,0.6598035702359353
0.998614003102449,0.9998987913131714,0.9999999769325997
0.9944472337844872,0.9985646605491638,0.9999051884006995
0.0029312474334141033,0.0002613928518258035,3.0935667435918135e-06
0.9993779903496953,0.9999010562896729,0.9999999944783557
0.013829616280554369,0.0010616780491545796,0.0005060110141965974
0.08671865031259028,0.004684269428253174,0.001798361463993711
0.001137915568453301,2.180780029448215e-05,8.441557751496835e-07
0.0034210856360200235,3.810081761912443e-05,5.906075948789175e-06
0.002136842123124282,4.364241976873018e-05,2.3392547911007433e-07
0.004435134246905112,0.0010129855945706367,3.1130832469946515e-05
0.00540486078661048,0.0004637438105419278,9.876793395992727e-06
0.016793895207277545,0.006790256593376398,0.00047003897833550347
0.01854156930894199,0.0021310627926141024,7.382918997380241e-05
0.002153430553011742,0.0005010677850805223,4.181607968951755e-05
0.002415568925129483,0.00031416676938533783,2.4041089926180396e-05
0.05114212941371879,0.03611278533935547,0.17804352295330275
0.537019926876321,0.6985869407653809,0.5233843940465653
0.0091247276962377,0.021586958318948746,0.01443639392300342
0.004588285493786014,0.00021107093198224902,2.5264864413960388e-05
0.012880350976777331,0.0027796439826488495,0.00042853861590727094
0.9794870625878187,0.9985828399658203,0.9995275383152764
0.0012583685564998637,0.00012668833369389176,5.449115682018712e-05
0.002248756423242985,6.688692519674078e-05,1.5527593307477262e-06
0.017497086608072858,0.0026190944481641054,0.00032181184033526695
0.9921198256940522,0.9996240139007568,0.9999860217943696
0.0018417800871168232,0.0002060121187241748,4.631009806037982e-05
0.997248727862907,0.9999744892120361,0.9999999991097823
0.009342171249327949,0.0034042394254356623,0.0003038042710613716
0.016513188339667792,0.008253518491983414,0.0030048130556314862
0.9177816598565897,0.9956685304641724,0.999702056808556
0.997186026602573,0.9999121427536011,0.9999997187716856
0.0029105929626561202,0.00022403837647289038,4.3186818314281384e-05
0.04320124461017303,0.008171012625098228,0.0020545851484276008
0.004492777104647565,5.7429529988439754e-05,1.0426795538510769e-05
0.0025700701234805576,5.03540359204635e-05,5.909847401260159e-06
0.16259122796158584,0.01222978439182043,0.002261650185936088
0.0022831450802272583,0.0005111336358822882,1.7616074084173582e-05
0.9893496205614929,0.9980033040046692,0.999830402309092
0.005932974719775431,0.0008340266649611294,4.923983593809303e-05
0.016696155135069307,0.0008427784196101129,7.224630021483216e-05
0.00689699865306009,0.0005640055751428008,0.00014036133087666518
0.9438138129669824,0.9736652374267578,0.9885108072859613
0.912890289499435,0.982433557510376,0.9909985608087711
0.001144916476177344,1.1804789210145827e-05,1.4125186399478718e-07
0.006314211798754723,0.0029178978875279427,0.0006241318512298179
0.5035909847708641,0.7085224390029907,0.39689225713632087
0.6141630067137582,0.6463201642036438,0.36976553524340294
0.8557085900202052,0.9460577368736267,0.9990629807741634
0.010470561212722248,0.005979284178465605,0.000583781151043634
0.0036644618384052436,0.0003765734436456114,3.9495603613594465e-05
0.2938952882921277,0.36084145307540894,0.45481624202896687
0.07781030113284804,0.08774302154779434,0.009173514436469821
0.00883854462586975,0.0004156684735789895,1.931738567763968e-06
0.06028079481840323,0.015258584171533585,0.02673343813474007
0.00860111399988744,0.004447207786142826,0.001766229321215556
0.001566926551089379,0.0007389152888208628,2.366560619898437e-05
0.08340039318439303,0.43308576941490173,0.051303094196976734
0.0062833070689668185,0.0003194368036929518,6.426373494756902e-05
0.007920629987121857,0.0007071690633893013,0.0002636966978215713
0.001148225904976571,7.66170778661035e-05,2.4396191819355474e-06
0.9605177417862198,0.9970109462738037,0.999751441425187
0.028723695516747375,0.003784475615248084,0.0002848385779446342
0.008329696057782734,0.0065797120332717896,0.026337649345146406
0.9976651972081672,0.9998067021369934,0.9999994364190724
0.9923627970899938,0.999214768409729,0.9999649903758554
0.0010609389393250615,4.975888441549614e-05,2.7754227432418124e-06
0.10768701202751871,0.1499326378107071,0.008901683124726972
0.05351554320480729,0.006213673390448093,0.004035819921081716
0.0019940061549120185,7.589882443426177e-05,2.1536945073983273e-06
0.0014596250190411807,0.00022233555500861257,2.233391535104855e-06
0.0699830055907895,0.01460806280374527,0.00040483959365376443
0.0019006125917806775,5.45162329217419e-05,2.472768403228705e-06
0.0046546202682270265,0.0005168119096197188,7.394549546758663e-05
0.0036081114881078885,0.0007063985103741288,0.00014260908318991435
0.9802047155825437,0.9978001713752747,0.9999191947673892
0.004913917037892219,0.00013405547360889614,3.861012733714017e-06
0.9957364041002426,0.9996023774147034,0.9999783597819973
0.0013624329565882138,5.1534570957301185e-05,1.5532388952125176e-06
0.9723877999121922,0.987239420413971,0.9997967821159486
0.9835236798628801,0.9930496215820312,0.9993584012878192
0.009514632635688237,0.001876380993053317,0.00047379535303881547
0.2828312822428231,0.10164546966552734,0.029922780055262655
0.31419511988435894,0.9677465558052063,0.950678936736768
0.0007669611796659326,0.00023633110686205328,1.2901987004338427e-05
0.002500696474764359,0.00022275166702456772,3.172527134702409e-06
0.05622859152406508,0.010754965245723724,0.0013017725132839456
0.0028126659111109447,3.7547397369053215e-05,5.239725419187661e-07
0.004564958119870518,0.0004080018843524158,9.00629993673065e-06
0.054079831756399535,0.017164606600999832,0.0022902426752796365
0.4851432198631239,0.785334587097168,0.5980397589484252
0.011586561892853791,0.003146036295220256,0.001689686689599181
0.950464480782165,0.9664195775985718,0.9953104750294623
0.0046394831561924685,0.00042137160198763013,3.7627813352459945e-05
0.025946064423890348,0.004820510279387236,0.0002428495958707823
0.006184918250512862,0.0003887855855282396,5.264067569703187e-05
0.9466194177133813,0.986902117729187,0.9942512908589703
0.9937737340816091,0.9978310465812683,0.9999900887473148
0.9832001024393765,0.998149037361145,0.9998635984456531
0.21410253630291284,0.038839831948280334,0.040692211857654495
0.002911991313194593,5.286025771056302e-05,4.6453714747410675e-06
0.9484274955652781,0.9874680042266846,0.9997088781426406
0.010477926713732775,0.0017043849220499396,0.00017738755338086393
0.988365753917967,0.999382495880127,0.999836030685668
0.9853589921092498,0.9853965640068054,0.9760311889027228
0.004693452830077392,0.0004678667173720896,1.791794947682788e-05
0.0014303907853636458,0.000776883156504482,9.934155369564275e-06
0.1009523933861433,0.02751801908016205,0.00977153641842581
0.0034574412279057432,0.00033011683262884617,3.725281229885991e-06
0.0038904133063657554,0.00012131459516240284,2.425651270152695e-06
0.05467607782852353,0.0071214595809578896,0.0009065865347781188
0.9816117940402697,0.9950242638587952,0.9986494088015735
0.0011368994680484496,5.053274435340427e-05,4.0956439399326e-06
0.008869455147984005,0.014407435432076454,0.001387477146175008
0.9716173601798685,0.9239225387573242,0.9945607110374873
0.9987591452783516,0.9999628067016602,0.9999999939380959
0.0017405369707849485,5.6723318266449496e-05,7.718707406705264e-06
0.025431292542115885,0.10257747769355774,0.014270977387834151
0.0021674657691376506,0.0003849550266750157,0.00011337969472386036
0.06790394477913927,0.018982315436005592,0.002821804248634559
0.002264381523532515,7.381927571259439e-05,1.486915705954195e-05
0.003231979996119402,0.0008655001292936504,0.0003789597545205151
0.0011072700272589397,0.000266335642663762,1.4824311279830308e-06
0.9598481640125598,0.9917742609977722,0.9966051576808344
0.9976540995834587,0.999777615070343,0.9999437952071282
0.005877205833610049,0.0007362145115621388,0.00011786389215995836
0.0035608050320191185,0.00041097900248132646,0.0001836115782870092
0.1754594706951101,0.13759829103946686,0.0440939659108856
0.8562186829208908,0.6370894908905029,0.5193520088214931
0.9726990141004364,0.9973593354225159,0.9966955147820067
0.005558831594314205,0.000263495952822268,1.9060854022626012e-05
0.00168556535377301,3.190340066794306e-05,2.9849029781595395e-06
0.004623507397043855,0.0001877759350463748,6.191279575283603e-05
0.044442249295788216,0.015262926928699017,0.0010566491946668638
0.02192853499400676,0.017923923209309578,0.0023516069695150195
0.004939047682748954,5.734798469347879e-05,4.13014893672191e-07
0.031433873356877556,0.014667044393718243,0.0011086577642262477
0.17930588390605665,0.19415035843849182,0.05920897870549255
0.9994386223278355,0.9998762607574463,0.9999993949075856
0.32612737857762897,0.0747750848531723,0.13494053432604142
0.0024914254559581877,0.0005293732974678278,3.843939252121409e-05
0.1714578009811998,0.016878042370080948,0.005543559251767098
0.018539594618777664,0.020977046340703964,0.005557336845519251
0.004409304484612182,0.0012559850001707673,0.00020659222142863944
0.001577143278694385,0.00012571466504596174,4.76196119183456e-06
0.9749792443440974,0.9975571632385254,0.9999801718849921
0.0011521589393442627,8.259200694737956e-05,1.2819201428111589e-05
0.0025992478724061116,4.6168144763214514e-05,9.872924635296376e-07
0.0014407096955129037,0.00015520330634899437,3.7662011921796575e-06
0.0017451917094207033,0.00015495326078962535,6.661175038089316e-07
0.0030285426033045152,0.0005081017734482884,1.96102431312657e-05
0.9922392027927454,0.9980654120445251,0.9998299223401023
0.0035398994228029103,0.0004838225431740284,2.5498078006218793e-05
0.046850922751366014,0.3044395446777344,0.01761844356317235
0.9912577752668629,0.9992044568061829,0.9999242555381633
0.989280264072513,0.9973220229148865,0.9998224598396106
0.4686726092947997,0.8581124544143677,0.4628988507699273
0.05669294702970909,0.015474691987037659,0.0022203616109115077
0.032209456177100616,0.007097009569406509,0.0013988149961422034
0.000961259454649155,1.9458964743535034e-05,2.158797729987836e-06
0.0015502549294866216,0.0001237761607626453,1.2586115120379891e-05
0.20066696793662864,0.05819675698876381,0.02743913553990179
0.4963096524068437,0.07213681191205978,0.011904919396133803
0.942535670781374,0.9994804263114929,0.999438678205852
0.9575280148942572,0.8064473271369934,0.9927593125610469
0.07676293047485491,0.018314341083168983,0.002453195908441133
0.008112080493465611,0.00019069385598413646,2.070788658208201e-06
0.0031897240184477664,0.0001944809191627428,4.4964220077757394e-05
0.9921145067085445,0.9994638562202454,0.9999987156108029
0.002217516108297062,0.0005134087987244129,1.0613037839792697e-05
0.053172669640027974,0.014768351800739765,0.0012014445481893987
0.0030281780925458164,0.000116835864901077,9.298357538069697e-06
0.0023175419903450423,0.00017053015471901745,1.003180901262397e-05
0.0010563247514921773,5.125824100105092e-05,8.877837022911406e-07
0.0018089928475754384,5.8367804740555584e-05,1.3824097467444311e-05
0.9990435921477063,0.9999654293060303,0.9999999097011517
0.1650487895344351,0.1575181931257248,0.05006080723443985
0.48623424423034317,0.6513757109642029,0.5608025441399163
0.0021711635409239535,0.003454197896644473,0.0002570069948244588
0.9897844672144922,0.9978335499763489,0.9996517275294954
0.9504274140330007,0.9994613528251648,0.9998462505354695
0.5088987174791652,0.33774957060813904,0.2404644595336826
0.6914540174535277,0.5965365767478943,0.7668226917778233
0.9564704407773801,0.9910887479782104,0.9993346807885046
0.001030001785862345,0.00016146310372278094,1.8036995861164924e-06
0.006910133553234052,0.0006283302209340036,1.3609943464761888e-05
0.7315164580551785,0.7310177087783813,0.5559676179538566
0.22506144375546935,0.19111591577529907,0.14456184733534397
0.00719963742996558,0.0004809560196008533,6.597557045077079e-05
0.07935362799656608,0.20017826557159424,0.02265306970556912
0.9646798599615809,0.9088276028633118,0.9883575236462365
0.2203395575079514,0.06240115314722061,0.008006622795012524
0.9206873948543124,0.9562407732009888,0.48524116268666867
0.003692510808044366,9.902932652039453e-05,3.2557180957078884e-06
0.5313156416851359,0.1161864772439003,0.018206967189366267
0.0034228385150575744,0.0002812293532770127,1.259858647947751e-05
0.034972067643961886,0.004788147751241922,8.249591781900465e-05
0.009137644788953334,0.00880258809775114,0.002530487463977742
0.003891138810969324,0.0003033474204130471,1.9589763271623306e-05
0.002266245105455128,3.9021171687636524e-05,4.6153710592565166e-07
0.2595126577008127,0.18051892518997192,0.5209133373424438
0.017895945339297555,0.0031972164288163185,0.0012289086938164768
0.0031676091105710333,0.001508660614490509,5.3646822523788305e-06
0.002552395669698989,0.00014044369163457304,5.535857334859808e-06
0.05928196277588422,0.01670410856604576,0.007485482171772925
0.007494277679545333,0.0005465850699692965,3.307347978115371e-05
0.9159094276565954,0.9706400632858276,0.9941442507276261
0.026640501244047567,0.020488176494836807,0.008825733293240247
0.15610790552296183,0.06280726939439774,0.021560867357467175
0.0007873376853996135,7.446002564392984e-05,4.1363296245196805e-06
0.9784737278581296,0.9116387367248535,0.9984348119580247
0.011611931457259262,0.00010635531361913309,2.190806465757712e-06
0.002817075656257303,0.0005507567548193038,4.414561903410424e-05
0.0017122828157695475,0.000242025766056031,1.42882558476271e-06
0.0025350530631273248,0.00017742002091836184,4.771730414196623e-05
0.3555261802051362,0.7850470542907715,0.509052807723176
0.012505553372334593,0.001317042508162558,0.00025023196317870954
0.9872034236022975,0.9976162910461426,0.9998145052815036
0.0011276250442085053,0.0001577930524945259,9.202354867935123e-06
0.8282086351248563,0.8893073797225952,0.9850985252617095
0.0012998446454233123,5.527192115550861e-05,6.449990466333409e-06
0.014463315636076675,0.01386255957186222,0.0009645127056014465
0.004188014112005807,0.00015135046851355582,8.938225879509932e-05
0.004356412571882472,0.00018511415692046285,2.237994457947122e-05
0.0035725234313569213,0.0006533275009132922,0.00010393452989381918
0.0016906253139287628,9.841375140240416e-05,7.29278722765201e-05
0.006144188049174385,0.0001846170926000923,1.1660911478166669e-05
0.9995932452112137,0.9999778270721436,0.9999999969406979
0.758211310223603,0.9740212559700012,0.98805913548459
0.9733218807177781,0.8569892048835754,0.9920106310366058
0.011547344405430954,0.0004510835278779268,0.00014730640358437725
0.00308675228953724,0.0006182492361404002,8.003150951269079e-06
0.008856605825237162,0.0006733467453159392,4.006390554224374e-05
0.021700562650238293,0.0008189954678528011,9.719884121173468e-05
0.005697320048153831,0.020947452634572983,0.004612537203744241
0.0037628978750860287,0.0007381674950011075,0.0014517170731255967
0.9933906291907385,0.999672532081604,0.999999718921528
0.9708070171665794,0.9751999974250793,0.9963393570734306
0.01361801498894167,0.00021730146545451134,5.375617444065373e-05
0.001086729911116151,0.00012217400944791734,9.196083887257266e-06
0.9992293085444999,0.9999243021011353,0.9999997954262737
0.9981067348707255,0.9992139339447021,0.9999969398165214
0.9987530539508829,0.9999439716339111,0.9999999970893203
0.12800481169344885,0.03450600430369377,0.03813470998221913
0.1802830849256665,0.2671254575252533,0.0904455988200262
0.3853827897800454,0.09357000887393951,0.0035519769115961008
0.568205371975292,0.741694450378418,0.8060911404919672
0.029938717661901072,0.03445470705628395,0.00047268414748428993
0.9817947064752391,0.9979002475738525,0.9999220749717633
0.000631831282558113,5.17100743309129e-05,8.480262083088751e-07
0.00314870550729942,0.00022205125424079597,5.77698267573573e-05
0.000839582437628558,5.506626985152252e-05,4.482374300867031e-06
0.15025743234300604,0.04198814183473587,0.0018841883917802942
0.003918627584184127,0.002277269959449768,0.0007209916300101627
0.013432863348620261,0.00858073029667139,0.0008612100456567165
0.01293988530048759,0.0019451596308499575,7.044355610118358e-05
0.9837850241897237,0.9730458855628967,0.7370367209926373
0.03950267024029329,0.104884073138237,0.01173123340099561
0.002614660673074423,0.0008648207876831293,0.00012417315490716776
0.9743992355973664,0.9850143790245056,0.9986909779941585
0.34172997587269127,0.516708254814148,0.26118740461833956
0.25461243386249655,0.030911672860383987,0.011434626338447735
0.9728335265114954,0.9645755887031555,0.9992894323244879
0.9994090095543822,0.9999722242355347,0.9999998442186181
0.003196096776573251,0.00017722422489896417,1.605114487254878e-05
0.9790014090743974,0.9943941831588745,0.9994608366087818
0.0032346201579390487,0.00016776197298895568,1.607652147935907e-05
0.0026416165698560754,7.834594725864008e-05,9.359453337702957e-05
0.9951925896804549,0.9996298551559448,0.9999746779541546
0.9884034569691761,0.9990548491477966,0.9998379808685361
0.026324867176671485,0.06950388103723526,0.003271574187171787
0.003463144107985454,0.00022498324688058347,5.103570288648445e-05
0.01919007815017683,0.0029192164074629545,0.0028052993631426802
0.9761639772472763,0.9976202845573425,0.9999770226383946
0.005154397285590868,0.0002285918890265748,7.827124757513926e-05
0.0015884998095445208,6.673835014225915e-05,4.08548363665802e-06
0.001529992479174788,0.00035378008033148944,1.8879918157747192e-05
0.023284992447586302,0.0023241254966706038,0.0001653319118501363
0.0025204994035098543,9.567658707965165e-05,1.1857530446442831e-05
0.18415198543594472,0.19496014714241028,0.00867688120433246
0.45720272728392314,0.8224040269851685,0.6573505289930693
0.0033812953510916253,0.00022686223383061588,2.457448793801412e-05
0.004139993829327337,0.00013508058327715844,2.0627732551234622e-05
0.030553266978629035,0.005015818867832422,0.00038265452313905965
0.9992558070106609,0.9999465942382812,0.9999999929442485
0.22613919532979876,0.023247288540005684,0.006084248263418741
0.9513669116848193,0.9775123000144958,0.977037209226849
0.005216884976663465,0.00016009820683393627,2.213498384657244e-05
0.034787714833795315,0.00848995428532362,0.019288961270977466
0.0025927524364186545,0.0008837849018163979,0.00016152043487268692
0.0031900033239250316,5.391562808654271e-05,2.7908934385167192e-05
0.005338362315767979,0.0011730281403288245,0.0002100348704846155
0.03405112847689045,0.0005414377083070576,0.0004335741098855702
0.02280169410331007,0.10181715339422226,0.018680184935753942
0.001538851605226019,0.0001747325004544109,2.8995671987788056e-05
0.0419271356552274,0.005367504898458719,0.0019073060171060875
0.0031764395840816768,7.343501056311652e-05,3.7635690736710966e-07
0.007368704820136274,5.623401375487447e-05,4.510608809960665e-06
0.0021657841309754623,0.00028238625964149833,7.503740066259959e-06
0.025065076606581343,0.011175238527357578,0.0021044618750706433
0.9965075904302381,0.9998977184295654,0.9999888280581737
0.08709545359003547,0.009503699839115143,0.0034045128075253983
0.9701475629026275,0.9936284422874451,0.9987827659230767
0.7539963113949061,0.9469028115272522,0.878724942818858
0.005189735721550768,0.001184407970868051,0.0001316990797237967
0.006512618831920424,0.001242652302607894,0.00012658598999525436
0.0054607910050554565,0.0013507927069440484,0.0006584012605184316
0.0016559985009855832,0.003049616003409028,0.0004197881798849351
0.6596196230901392,0.7628958821296692,0.6804835419727224
0.9994930390966077,0.9999765157699585,0.9999998826035461
0.04014894262434796,0.021854540333151817,0.008346301909062818
0.0007348246699997341,3.6401772376848385e-05,1.863932777245536e-07
0.9985629860620179,0.9999374151229858,0.9999999888553032
0.9822325268097285,0.9884127974510193,0.9981079740045694
0.004775243130662111,0.005660721566528082,0.012692462804170053
0.3173977689589837,0.016964860260486603,0.004110623757925423
0.0031309603224231246,8.263975178124383e-05,1.2565841308398522e-06
0.3099194275894178,0.3528524935245514,0.620969965002855
0.0012419115630241877,7.865241059334949e-05,1.6420689939483739e-06
0.7381859292920675,0.9155378341674805,0.9436479449546773
0.003896805387667869,0.0002796062617562711,1.3585620043719357e-05
0.0011041880548062653,9.858282282948494e-05,4.247919631215973e-06
0.004418320630062033,0.0017002974636852741,0.00012776125007621044
0.9349505305867245,0.9785588979721069,0.955799738720924
0.004000288835190735,0.002481154166162014,3.5261345083376716e-05
0.9988163799484228,0.9998996257781982,0.9999989215705313
0.052556506048701136,0.07435986399650574,0.01328310596403359
0.02477849686980864,0.0022598847281187773,0.00010156718786597268
0.0013592692772292228,9.55665236688219e-05,1.3465127428401699e-06
0.9958526315021509,0.9995303153991699,0.9999999359069313
0.9362084072411427,0.8930238485336304,0.9830372392117435
0.3200245680139026,0.16279716789722443,0.07727883533674812
0.003994717124256243,0.0019268300384283066,6.276527214171143e-05
0.000885103606504821,8.137493568938226e-05,2.9775004254260673e-06
0.02512681155445578,0.008011986501514912,0.0014397626037535166
0.009656988680151163,0.0007060727220959961,0.0001261823146359623
0.057335883905459274,0.0032681995071470737,0.0003998285617905202
0.002193186066538725,8.744369552005082e-05,1.687540620219188e-06
0.996364047652164,0.998018741607666,0.999937299674516
0.4856954383330638,0.36794108152389526,0.08163174678962665
0.979677979852945,0.9947981834411621,0.9986703315663225
0.9286847719285299,0.9862791299819946,0.9963907196845598
0.9720478232229934,0.989538848400116,0.9997907603453113
0.0035797031562798424,0.0022696414962410927,0.001380770244645492
0.0019522881557019586,0.00016955473984126002,7.853061455941894e-06
0.02213825366013764,0.0038343847263604403,0.0004961609015369001
0.004979817928588209,6.686505366815254e-05,1.3451613117125211e-05
0.03463361628207497,0.011401058174669743,0.0011479186138767144
0.023140447985166374,0.001882775453850627,0.000385468106254989
0.9949396940814363,0.9990934133529663,0.9999995893357995
0.01224047626696805,0.007844780571758747,0.0013041087552234886
0.49325715338889886,0.7045679688453674,0.3481252365588977
0.16192535979166273,0.12449046969413757,0.3309953166558641
0.01165959478412241,0.001209659967571497,8.982021602321648e-06
0.29707679699406475,0.115418940782547,0.01899972833523527
0.9932634037923885,0.9799017906188965,0.9962750748508408
0.005696503016560687,0.0011033108457922935,3.768856377600674e-06
0.0026359165746821602,0.0002633206604514271,3.37606093192169e-05
0.12866375116557094,0.31041812896728516,0.03499710159662499
0.01948022702488428,0.03145311027765274,0.0029477595501255375
0.0008028138537594251,3.841879151877947e-05,2.2155498729772243e-07
0.998723704245622,0.9998335838317871,0.9999991910978139
0.4294384145213203,0.3509218394756317,0.17948822097116063
0.9981299873268255,0.999743640422821,0.9999904764781709
0.007461263960519322,0.00046769683831371367,7.200176934937716e-05
0.9834919930822482,0.9985702037811279,0.9998452774719523
0.03381811572339205,0.013773576356470585,0.0006613414957736414
0.0028697900661377018,1.843538302637171e-05,6.991728217851716e-06
0.001007436907252739,4.9288177251582965e-05,7.954881541603041e-07
0.003486806366719318,0.0005376029293984175,0.00015076265858061122
0.008304164332608645,0.0013500937493517995,0.0003028029058829877
0.0030164877706085765,5.062936179456301e-05,9.211283465915173e-06
0.0022059378278924398,0.0004657308745663613,3.380362258545288e-05
0.0020892533545218907,0.00010517502232687548,3.2115273405064314e-06
0.9868731127272838,0.9997164607048035,0.9999616939115215
0.0981041220212711,0.18882764875888824,0.043293293710165145
0.007763334361449077,0.003254244802519679,6.840476160211268e-05
0.010413221959659482,0.0007359830196946859,5.059688386060203e-05
0.9937436153516549,0.9992086291313171,0.9999712617251635
0.9984294301656845,0.9995328187942505,0.9999753088543925
0.6907245734514528,0.4348719120025635,0.5042805785901453
0.3341042483453218,0.7648113965988159,0.4744917625961032
0.001194938999317458,1.5552304830634966e-05,2.47941351733309e-06
0.0029999698776062645,0.00025539376656524837,2.2631080624577578e-05
0.0139595774737764,0.005942741874605417,0.0017594769225455554
0.011013012969046903,0.0005106953904032707,4.574585154831149e-05
0.023333895420988873,0.001684709102846682,0.0013466753980716495
0.038049759523686465,0.1099606454372406,0.022771571385665584
0.018398635475421837,0.011089272797107697,0.00010456021519235795
0.012665823680523037,0.005499000661075115,0.00038192198978037004
0.9929035902116521,0.9983702301979065,0.9998307658096987
0.015293638642353434,0.018909817561507225,0.00048430706433231314
0.0022960575346345304,8.008228178368881e-05,4.3301791971707186e-05
0.2121950791402023,0.695485532283783,0.9870480511926898
0.9825912455042121,0.9910764694213867,0.9999720561294357
0.07131631384096013,0.004736393690109253,0.0019814846591130215
0.004342897562543105,0.0006707553402520716,4.7590120288615254e-05
0.0058464954263665655,0.0007809179951436818,0.00025797051523754707
0.9611113097095112,0.9879993200302124,0.9991651193046521
0.0007718812960867739,9.534406126476824e-05,5.21905135922588e-07
0.0006271647535379616,0.00010572031897027045,1.0012351368037484e-05
0.0008115817452014227,1.7386555555276573e-05,1.4604743411990337e-06
0.13621687576230784,0.30164116621017456,0.019838494477634867
0.01081155283125751,0.000533715239726007,0.0003049115411394027
0.00946801304152053,0.001063646050170064,0.00031125793581560513
0.005011598155879407,0.0020942389965057373,0.00011484504389504541
0.9934149516189766,0.9980837106704712,0.9999450215625801
0.004136743181959229,0.00387367932125926,0.0022325148847540475
0.011288991383382274,0.0027033414226025343,6.327380281425427e-06
0.999302180521121,0.9999674558639526,0.9999999919114589
0.00264650523158487,0.0003571825218386948,2.124652206194371e-05
0.42605775173816196,0.6493690609931946,0.41326994508059217
0.9949895120092873,0.9995524287223816,0.9999973037125731
0.004772001604682594,0.00022690833429805934,3.0452930818537444e-05
0.007494434190699954,0.0007552433526143432,0.0003570448257262078
0.007658390902036601,0.0003515925782267004,0.00010529151709299106
0.003920142307438778,0.00018530771194491535,1.944859062161526e-05
0.9980741581289984,0.9999030828475952,0.9999999832122358
0.9980137458836101,0.9999089241027832,0.999997946716525
0.964401822101598,0.9936093091964722,0.9986015395202915
0.9559975031848627,0.9941522479057312,0.9981926075128394
0.0057569287853237675,0.0011767016258090734,6.456893217211619e-05
0.001254523650784961,5.740866617998108e-05,8.609446892074812e-06
0.29214354781261875,0.0634247288107872,0.017987189248842496
0.9659749884768504,0.9936385750770569,0.9909117219105704
0.2381293805683507,0.16120553016662598,0.32603727275780126
0.011163685265661694,0.00019846559735015035,0.00024032620864697303
0.24776767917224554,0.5451949834823608,0.4016776180105157
0.9945539296791055,0.9973524808883667,0.9999983306183642
0.972470830995764,0.9980138540267944,0.9999484004151791
0.02471055088827435,0.0038370098918676376,0.0020983311128357873
0.996879523468715,0.9990761280059814,0.999995518114028
0.9986685598729736,0.9998775720596313,0.9999999046702797
0.9740622089716154,0.994529664516449,0.999653441220961
0.9613009317012544,0.9679557085037231,0.9991945858259451
0.9812716883971543,0.908094584941864,0.9945381285017073
0.048633218632300995,0.06910688430070877,0.0058043366076603025
0.03546682222158759,0.00585551792755723,0.0006883568086509977
0.0031721170612535182,0.00019677857926581055,5.020269414410819e-06
0.9990592112681131,0.9995043277740479,0.9998130805732625
0.018663873679865866,0.00245624128729105,0.0007796240208502684
0.4690354486743247,0.8470749855041504,0.9758798852695184
0.00483560005534892,0.0007039838237687945,4.710494126108626e-06
0.05819954741673525,0.1093457043170929,0.004041996478215778
0.8079681470735783,0.867808997631073,0.993070638861644
0.0011124745407716005,0.0001535552291898057,1.4406536594232314e-06
0.5548804015153892,0.7226532101631165,0.10544463120133721
0.0060928332247012955,0.0021746649872511625,0.00022361409304987766
0.9857887435289711,0.9986360669136047,0.9996577711275811
0.24015587676463718,0.05298116058111191,0.025305575392930147
0.9734794792842769,0.9836456775665283,0.9993023227610115
0.9980073585487772,0.9999791383743286,0.9999999985309052
0.004986188561924079,0.001721192616969347,0.003733748687248972
0.01774642224386247,0.021015508100390434,0.0037281852712298673
0.026947099063198556,0.03876642510294914,0.011785914225283738
0.011450014408800243,0.0004830382240470499,4.429816943642292e-05
0.9623259521701417,0.9975882768630981,0.9996501305362463
0.0025831050731043993,0.00018178501341026276,5.586918208592305e-06
0.01078868756501589,0.011138991452753544,0.0008664369972291425
0.999336244178194,0.9998201727867126,0.9999997811184482
0.9846465330907601,0.9949235320091248,0.9977884537710688
0.9936127432200128,0.9995054006576538,0.9999980807953973
0.03178600366329635,0.03901707008481026,0.03683484184623404
0.005230531330244013,0.00026118458481505513,3.777335861819948e-05
0.0017268985384613523,7.153304613893852e-05,8.723836160110296e-06
0.1493573321024381,0.12247905135154724,0.24059559200674344
0.9730485653697439,0.9976797699928284,0.998191149438936
0.997935557516226,0.9998241066932678,0.999998234532629
0.2817314789677872,0.24199897050857544,0.058978388878664044
0.9955396021494413,0.9996520280838013,0.9999996245446752
0.09636179833827033,0.021278634667396545,0.014281709766697003
0.002762715024157576,0.00014248375373426825,5.918707213313683e-05
0.3130378341824009,0.22191062569618225,0.013003994655422657
0.009918554126311777,0.0016012227861210704,0.0010660620417760204
0.9991956635622509,0.9999650716781616,0.9999999991039008
0.003205930300998907,6.532482075272128e-05,4.220481969204115e-07
0.006383251522757953,0.0012782253324985504,0.00010788554658490123
0.15533183677042064,0.06710891425609589,0.3085523196231077
0.014684670357109762,0.0006449404172599316,0.0001800208747971146
0.9193690577093961,0.9971202611923218,0.9967996128606406
0.003394551954520599,0.0003271607856731862,0.000192096889651947
0.9753911500418003,0.9900376796722412,0.9983154276038004
0.9976160050493328,0.9999649524688721,0.9999989034665091
0.9334513871833757,0.9870496392250061,0.9969536731017765
0.9386831919494469,0.8868739604949951,0.3134105851371791
0.004149556336599873,0.00042748244595713913,5.9506920533196155e-06
0.9991382576725923,0.9999376535415649,0.9999998866842765
0.9988038266073082,0.999934196472168,0.9999999715308882
0.9858608912950424,0.987647294998169,0.9998118344424305
0.0009931054034106055,0.00021033304801676422,9.892459756254209e-06
0.007970055237190337,0.0005908114835619926,7.724872437119114e-05
0.7264498473639819,0.6134592294692993,0.7249527107959232
0.0008852029204532309,5.087706813355908e-05,3.7963583482172613e-06
0.0025116344963254794,0.0001106342751882039,7.360410028788892e-06
0.007422048691483938,0.001434276346117258,0.00020711743253811434
0.13259028734556028,0.040979646146297455,0.0007785941613153251
0.0016661181448258153,6.522547482745722e-05,2.930744160194848e-07
0.6099899480238601,0.7643484473228455,0.7528149216639225
0.001566387197843092,0.0002484917640686035,1.7971794365005237e-05
0.005322856857527984,0.0005795728066004813,0.001084453283082995
0.0032606523900456635,8.618603169452399e-05,1.3586291689844403e-05
0.004915343178295622,0.0015892810188233852,3.66305248792045e-05
0.005994678991789958,0.0003077125584241003,7.764590905742347e-05
0.9888280647247043,0.9984664916992188,0.9983445341655875
0.030883394091846338,0.12031584978103638,0.008762329165476396
0.07992617187029574,0.015249417163431644,0.0035165302162225667
0.006468350954846331,0.0017682177713140845,2.4953688909691808e-05
0.617693399104823,0.5803836584091187,0.7833560518858919
0.0026927082151282093,0.0008447683649137616,0.0002598440405737086
0.2874401403253591,0.9650794863700867,0.9923210999919221
0.020736283841256895,0.009548299945890903,0.0005710619314895465
0.0017183263953629182,0.00017060301615856588,6.060821076140443e-07
0.002311330904162855,0.00020067900186404586,6.545509835129726e-05
0.014070123413522475,0.0008035968639887869,2.6854531836871666e-05
0.017504077455292536,0.0069773513823747635,0.028276797617959405
0.9599194564699404,0.9975292086601257,0.9993437472755687
0.9840518592748043,0.9983866214752197,0.9994605098049979
0.9519325722802549,0.9893139600753784,0.998724283703106
0.000521139642163123,5.0556027417769656e-05,2.497669803738561e-06
0.006846362904043895,0.002958867698907852,0.003502965932144055
0.04989125994142747,0.011844377033412457,0.03153083182820853
0.9730763835613139,0.9982677698135376,0.9992052386458645
0.06977132549745284,0.05633759871125221,0.0001640710934032903
0.008599979874776635,0.000568257353734225,3.335084966630324e-05
0.0005299724811825248,4.5443306589731947e-05,1.8912219589175048e-05
0.029393573516419955,0.010342155583202839,0.001042554077076055
0.9822644919185582,0.9968833327293396,0.9999064977318006
0.012639766508769313,0.003858553245663643,0.0004823236237187309
0.8421619027295633,0.8726505041122437,0.4544074945275241
0.9127049335575167,0.9830121397972107,0.989739527724948
0.010251795256854775,0.0007745845359750092,0.0004659283965151278
0.9819347269702752,0.9990491271018982,0.9997543197533677
0.003615540928635219,0.001360380556434393,0.00012617310313606486
0.9395240929776231,0.942206621170044,0.8155384547376278
0.957600688937708,0.9917305111885071,0.9996892784204189
0.005324329517886114,0.00040215233457274735,0.0001454368668323802
0.007330305574772638,0.01972343772649765,0.0014158216343572278
0.0038157159698537536,7.208228635136038e-05,1.739398715340909e-05
0.006702000086404378,0.0050411527045071125,8.27384877382735e-05
0.07842379566412243,0.003016920993104577,0.0006198872892297046
0.9924581398944684,0.9998307228088379,0.9999961286469646
0.012114924016309439,0.004498416092246771,0.00037894676221054475
0.4195179745284487,0.5365777611732483,0.1455507316181311
0.010309725313634251,0.0031686348374933004,0.0010365606492951699
0.008317266307368933,0.009161805734038353,0.00034948348575366644
0.9646932734458732,0.9823645353317261,0.9983755192357224
0.28992951273496587,0.07791774719953537,0.011791892331668918
0.020969355419520896,0.0028773231897503138,4.461792390739477e-05
0.005492879053630069,0.0003669248544611037,0.0003808175187966447
0.8603388479382869,0.8554251790046692,0.8383992549974342
0.0007277357678791184,6.401896825991571e-05,3.344384629586562e-06
0.010220284286695212,0.04413177818059921,0.0007940551218937099
0.0014483085683079239,0.00018552994879428297,7.505304784895412e-05
0.003779339073914158,0.00016813588445074856,1.5244814981000737e-05
0.9956672820196083,0.9990203380584717,0.9999995869205992
0.008599646474457623,0.003492035437375307,0.00013207109377385588
0.9968870788515365,0.9996963739395142,0.9999935168364387
0.004240181597835049,0.00016754583339206874,5.90698251301462e-05
0.6593685839840172,0.9114232063293457,0.8849531635702744
0.0056883043059918585,0.0010886586969718337,0.00011957417746214968
0.7269872594663478,0.9960718154907227,0.9982369742313804
0.23476959720633833,0.5087838172912598,0.11293669772006203
0.005764859674016017,0.001234417431987822,0.00017381631799081603
0.10205976621424888,0.13058458268642426,0.01594835776319425
0.0019717739830158354,0.00046478910371661186,4.174899591105964e-06
0.04831596794693428,0.029914433136582375,0.001397012811351911
0.002090253527129169,0.00023416528711095452,8.219311575545565e-06
0.009374823008955943,0.0008664852939546108,0.0002089466698772691
0.9925494739943832,0.9991958737373352,0.999774828614566
0.004035286139329937,0.0007650541956536472,1.5406298511103265e-05
0.010424114848556928,0.0037082761991769075,0.00230767184971373
0.0012956859916547804,0.00020243880862835795,9.66305989287094e-06
0.051252178004015665,0.031352005898952484,0.12622388319405678
0.004803888393520299,0.002240831730887294,0.0009777209756945593
0.9241574051132494,0.9208205342292786,0.9642939223647831
0.01308061462207893,0.0050091552548110485,0.0002775615796487862
0.031492964372614854,0.0033424620050936937,0.0029789611900202157
0.0040564899677515785,0.0001685006864136085,4.464265090161547e-05
0.0014783824840216308,0.0001543280523037538,0.00026749195321614086
0.05692645698739054,0.007234362885355949,0.00011420289749705531
0.9952644778121505,0.9990401864051819,0.9999550046777496
0.006824382801026114,0.0006427899352274835,0.00013985532673612306
0.02903644197739885,0.0493570938706398,0.026425992509288808
0.005782151241898221,0.0007320665172301233,0.00057597173497958
0.040715557983206044,0.005501089617609978,0.0017298640561438426
0.5272212867948917,0.7140505313873291,0.7144417678257455
0.06649344473568174,0.005464014131575823,0.00017805518034393262
0.011448890855161537,0.0006177759496495128,0.0003925504657763311
0.8238157547833511,0.7467610239982605,0.7393660514746367
0.043430370782176486,0.19718533754348755,0.0041835170819248015
0.5915309839353656,0.7969866991043091,0.9701493475144944
0.9609057846093898,0.9981974959373474,0.9997275972957343
0.002170371436941885,0.0003101666225120425,2.9163169581523583e-05
0.005826225376373555,0.0014009231235831976,0.00022932391240454276
0.012663383737820588,0.010654818266630173,0.0036739122064211346
0.003696610044641344,0.0002592242381069809,1.743925898208871e-05
0.012882364671966098,0.0019687823951244354,0.0003192148078540944
0.006400835194429994,0.000626493594609201,0.0002881769532674268
0.011277301816842713,0.004348003305494785,0.00043316913872040237
0.0038865284898354155,0.0001784320193110034,1.3586505445754417e-05
0.38640730329922707,0.28383970260620117,0.14035101104103942
0.001491093740458448,0.0001328895305050537,5.192125220932161e-06
0.9959774540477638,0.9996541738510132,0.9999948996579742
0.013390014161235005,0.0008225634810514748,0.0001686018239572028
0.8111263355205498,0.9209994673728943,0.8762440838777544
0.10367013819995008,0.09163512289524078,0.04015012221377573
0.9924869522455386,0.9992282390594482,0.999995940502823
0.0021508885004493158,0.0001375415304210037,2.1169734569375982e-05
0.001619916770018969,0.0006021816516295075,1.1514364981251505e-05
0.006886454088082766,0.0008766003884375095,7.928780625265527e-05
0.9959051380762068,0.9995087385177612,0.999980309270779
0.0021119491238383455,0.0003917404683306813,2.1777168166343713e-05
0.027962574271579718,0.00011396774789318442,0.00015167063858909883
0.9962013346731406,0.9995829463005066,0.9999987187656234
0.007184554211918728,0.0006671109586022794,0.00013307208409907298
0.007771119812771344,0.0035489106085151434,0.00012514322142845362
0.029959721718479947,0.007734161801636219,0.001579671623428316
0.3120972778503027,0.15456128120422363,0.11512881222173417
0.05439249439996941,0.015585147775709629,0.008504788799798239
0.2990583214488013,0.13655352592468262,0.033743099369024476
0.042983932647163985,0.02004038356244564,0.013282524381680084
0.001505035634009042,1.051222443493316e-05,8.295210253037012e-07
0.8585801711375652,0.9604460597038269,0.9713468570888231
0.005208425394463985,9.606548701412976e-05,2.869297511869577e-06
0.006296652351492591,0.003772071795538068,0.00026731138138571116
0.012006627730769728,0.011354919523000717,0.0012226859764224941
0.9937074597244823,0.9997183680534363,0.9999998495313309
0.0025663720417208064,0.000123180725495331,5.058456047333985e-06
0.004496939094969116,0.0005131788784638047,9.021479731943478e-06
0.9757329962411834,0.869681179523468,0.8668364865597035
0.00195059931283909,4.020066626253538e-05,4.453312669664485e-06
0.5007487330589544,0.47374290227890015,0.9690920791563737
0.9741785451313905,0.9914724230766296,0.9987577075976894
0.08097491045927231,0.006341039668768644,0.007574577953761808
0.977825320950458,0.9971550703048706,0.9998053311956888
0.975113493422883,0.9978736639022827,0.9983966297835943
0.015790515786316107,0.001319428556598723,0.00026615451659977663
0.38304518360403345,0.36792999505996704,0.08376599546860042
0.003931650756127891,0.00010318769636796787,1.7030450149101243e-05
0.005069678870770951,0.0018551226239651442,7.642506895475463e-05
0.001086170584870804,0.0004291646764613688,3.0677100555339298e-06
0.9427872576861532,0.9776326417922974,0.9971574360679776
0.00890437594677569,0.002693156013265252,9.392397669314315e-05
0.0022206727073054854,0.00013705319724977016,2.8478053485410542e-05
0.005170899635503936,0.001049251644872129,2.034754782574511e-05
0.0033930391575708986,0.0004659111436922103,1.609339817777576e-05
0.013797212358206494,0.0018880994757637382,0.0002862635565389305
0.004582530286803998,0.0016127609414979815,0.0012575457132370797
0.9921163113538531,0.9998003840446472,0.9999994295332845
0.37366385142312825,0.5933707356452942,0.9473596976923364
0.7609113186634074,0.3124713897705078,0.1702859458989383
0.0008951180908204749,3.145934169879183e-05,6.280352865883445e-07
0.0019480250910138385,0.00015085395716596395,0.00010599582138936765
0.3381646273384847,0.7232162356376648,0.8321529402287118
0.0032700313842549257,0.0007248488836921751,0.0005751096341757562
0.9536915302542462,0.995194137096405,0.9987352447138581
0.011435551381928012,0.0032901540398597717,0.0013775168306126547
0.9013847483075912,0.9912964105606079,0.9991262460591942
0.06919655719978558,0.020723378285765648,0.012860475108088196
0.002235075771034379,0.0001812242844607681,1.5525697227211361e-06
0.004795773742777687,0.0009316523792222142,6.54175176820476e-05
0.978143006574191,0.9949238896369934,0.9998948096161528
0.35425199673339197,0.6656598448753357,0.2877918058930072
0.001710546438956623,0.00016194648924283683,1.6222922088440893e-06
0.0017299677771402116,0.00040829801582731307,3.6911327349786735e-05
0.12383569188946031,0.057422854006290436,0.0007849297921411673
0.9890924883717814,0.9887962341308594,0.9955153685395705
0.00239574104386795,0.0006358057144097984,0.00033858341025047296
0.00909493872332523,0.00149541103746742,0.000554035496827793
0.8592624211132922,0.9894373416900635,0.9624024942885475
0.0014577633996100683,0.00011482558329589665,1.461411220184503e-06
0.0010731627983157329,4.894092489848845e-05,1.2911112282622824e-06
0.02291747240605961,0.0002561819856055081,0.0006978621396850932
0.009952892146999699,0.0022015757858753204,0.0006657778460470342
0.003667505103275329,0.0005921692936681211,1.4074184597807137e-05
0.012843240589138091,0.013453603722155094,0.00011305143612001181
0.000996899442921048,4.90693018946331e-05,3.8692077131371265e-07
0.8473959862349681,0.9852930903434753,0.9991795430103854
0.007054285897566635,0.002293545287102461,4.539275631618127e-05
0.0011437277110229356,5.34569589945022e-05,6.620720460344712e-06
0.0010860824693367556,0.0003729259187821299,1.63082695158956e-05
0.5556370015268636,0.034574586898088455,0.011246268187914715
0.33994510322206484,0.24025672674179077,0.51179371875135
0.0008904639447357972,6.551972182933241e-05,1.7507518370173508e-06
0.0018985230983276195,0.00015138971502892673,1.552718865560425e-05
0.9874111637705255,0.9944572448730469,0.9995063361669582
0.9991569583173169,0.9998873472213745,0.9999985124287527
0.9897936475886776,0.9984538555145264,0.9998956575455265
0.04807158521039155,0.015697937458753586,0.020553545246404296
0.4484340235376772,0.20336760580539703,0.14663223450817586
0.0010907388121995402,4.834209175896831e-05,2.8126719661090992e-05
0.19231159074133966,0.5246410965919495,0.18596682720210617
0.03414440129428807,0.007376026827841997,0.00011776699762129959
0.9256532399735191,0.992515504360199,0.9998212051515311
0.009085911179641463,0.01228165440261364,0.020226624776347495
0.010259886688316015,0.0032526645809412003,0.00018226188824717267
0.002813596347068448,0.0001417565654264763,1.5172523541751395e-06
0.004555510596730697,0.00020961409609299153,4.737309834496058e-06
0.3200245680139026,0.1688179075717926,0.08801206633867728
0.02049156712789471,0.002499144524335861,0.0008861487844046076
0.0019390662630286535,0.0003254972689319402,1.3030354659252748e-05
0.005733292531693344,0.0006830852944403887,0.00015966850776691656
0.0017150169767620783,8.273413550341502e-05,3.033703934146247e-06
0.999244002990581,0.9999274015426636,0.9999999867413183
0.9990323230969159,0.9996229410171509,0.9999993853904681
0.9977374818710741,0.9996395111083984,0.9999987797876212
0.8777420611961797,0.9651918411254883,0.9064514253567115
0.0027262994056079216,6.230307917576283e-05,3.971265017721429e-06
0.38988895560986175,0.5941494703292847,0.042253752479788714
0.016346974447392183,0.0006942095351405442,0.00011076087895530776
0.9942772352773693,0.9989660978317261,0.999876231870965
0.0008275944372637537,2.7624115318758413e-05,5.339588396512911e-07
0.9940398154041408,0.9995123147964478,0.999999030790908
0.0013302707127743152,0.0002214020350947976,3.3548232527287805e-06
0.0015670183736269292,3.441501394263469e-05,1.5078252151833071e-06
0.2700937166963354,0.08236246556043625,0.02308895046415686
0.004621947918991422,0.001029625884257257,0.00030532109597476335
0.0016094250431463503,1.1133928637718782e-05,1.1531903085539958e-06
0.020226683008423677,0.0013499362394213676,6.592767460694086e-05
0.0046992327359825165,0.0007247781031765044,5.7325947479338406e-05
0.0028390863054483075,0.00035379541805014014,1.9274312740798426e-05
0.002535142348444807,0.005933132953941822,3.661604641511599e-05
0.5236943664363378,0.9523841142654419,0.9533026887251237
0.0010529900550530886,0.00026134352083317935,4.236648192107921e-05
0.9574860948740159,0.996545135974884,0.9884045176961707
0.005402050501290496,0.0004723631718661636,3.161189070947298e-05
0.29129093411074325,0.7224618792533875,0.46888199893158944
0.9829220331045102,0.9967964291572571,0.9996264734984874
0.9854640010177154,0.9822567105293274,0.9998958669170567
0.9268477702807908,0.9652379751205444,0.9049495629982091
0.03942183952493886,0.006636433303356171,0.001887131971289141
0.8568431598952445,0.27348077297210693,0.818304354495646
0.004434715065473825,0.00022814270050730556,1.2804481290224979e-06
0.001971764290056004,6.594471051357687e-05,1.360019275082099e-06
0.6468204429005875,0.7973539233207703,0.5596294492836773
0.9861534686811831,0.9958398342132568,0.9974211095183257
0.0008276995769688911,1.8409591575618833e-05,6.375146925963282e-07
0.0012508357036561052,0.00013579294318333268,1.719485273749827e-06
0.9462189887434679,0.960330069065094,0.9929979619810557
0.1854410310429799,0.06729040294885635,0.01796547317414058
0.048954212968873895,0.0026607178151607513,0.0007359771251874196
0.0011657124308341227,0.00031416138517670333,2.432252416872128e-06
0.0017779194578298003,0.0006463314057327807,2.2378748357361165e-05
0.7182420390303127,0.9982892870903015,0.9918057118897001
0.020369440498717174,0.003158217528834939,0.0060554758537885315
0.01461670877663825,0.004038969520479441,0.0008765790344915255
0.011925689313981606,0.0003373976796865463,0.00019674871359687938
0.21943357640612532,0.12598244845867157,0.09287544607176498
0.0021413911031402926,6.484747427748516e-05,2.072454468884533e-05
0.003564485068639605,0.0009740949026308954,6.942746199665413e-05
0.002809168487002859,0.0005918171955272555,1.9182686504897343e-05
0.0036599151593358576,8.361260552192107e-05,2.881577644631862e-06
0.002352951183230726,0.00033190834801644087,0.00018617856532889744
0.15992479930687503,0.01868619956076145,0.007228005342784198
0.002046924656015515,9.184391819871962e-05,3.416262888657746e-06
0.0014707151727055155,5.7981800637207925e-05,1.0145256718153438e-06
0.9755592790471358,0.9828072786331177,0.9993251274649572
0.00779310024709373,0.0001315260014962405,5.242241919811488e-06
0.001316818488804213,0.0003583329380489886,9.509272391735647e-06
0.09295428380047972,0.04084083065390587,0.0017612253604270276
0.6146591892424285,0.8863152861595154,0.9697639703182643
0.0024708490351072086,5.167063864064403e-05,2.6873594546796962e-05
0.004290087821184845,0.00021205087250564247,2.8714742624880477e-06
0.9853479445075751,0.9969819188117981,0.9995678905410448
0.00743722688908033,0.00036322145024314523,4.107735741828164e-05
0.5603064811905257,0.8825972080230713,0.9004049603874857
0.03577449284742116,0.004055701196193695,0.00442794747956882
0.001251795842968646,0.0012377193197607994,4.736663766933629e-05
0.03605352915580154,0.017088904976844788,0.0005932372711455706
0.2753244616692459,0.42230919003486633,0.010635778710689912
0.004796884606485852,0.0006098461453802884,2.707833223762253e-05
0.023315766855874377,0.003480809973552823,0.0005711625061958694
0.011511771399849418,0.0003807743196375668,0.00029684453542832705
