y_true,is_real,sample_weight,oof_catboost,oof_fttransformer
1,1,4.0,0.9590147785433837,0.9953867793083191
0,1,4.0,0.0013555512439570904,0.014950533397495747
0,1,4.0,0.001575963529415125,0.006210741586983204
1,1,4.0,0.04382282454851012,0.5095826983451843
0,1,4.0,0.02925982941670465,0.0021148810628801584
0,1,4.0,0.00010754558830873831,0.003981063608080149
0,1,4.0,0.0006984266788906279,0.00306169455870986
0,1,4.0,0.00018678489994279043,0.002106710569933057
0,1,4.0,0.0012749314461537398,0.0102209048345685
0,1,4.0,0.1273044030830079,0.0021604872308671474
1,1,4.0,0.9809588327880394,0.9937413334846497
0,1,4.0,0.5025431744442074,0.6880356669425964
0,1,4.0,4.3315797247996e-05,0.004589617718011141
1,1,4.0,0.9983550321434872,0.9921365976333618
0,1,4.0,0.4479211559584559,0.41808751225471497
1,1,4.0,0.9678726716317966,0.9551681876182556
1,1,4.0,0.9996188118810134,0.9962649941444397
0,1,4.0,0.007497501922179015,0.00698282802477479
0,1,4.0,0.011182210615392343,0.002500000409781933
0,1,4.0,0.016174930412643618,0.011508896946907043
0,1,4.0,0.01426382754689497,0.0037657571956515312
0,1,4.0,0.0027957568725599452,0.009762398898601532
1,1,4.0,0.9948334384524639,0.9939748644828796
0,1,4.0,0.0014477717865016009,0.007657525595277548
0,1,4.0,0.0020897781655517447,0.00782034918665886
1,1,4.0,0.9952766545415437,0.9910645484924316
1,1,4.0,0.9989063926953448,0.9976196885108948
0,1,4.0,0.0002545355070105196,0.004706866107881069
0,1,4.0,0.0004446472832736011,0.003021015552803874
0,1,4.0,0.0008397103151626825,0.0059792641550302505
0,1,4.0,0.351085485419855,0.07852981984615326
0,1,4.0,0.331855587685309,0.8305476903915405
0,1,4.0,0.0004118699620083178,0.0030445402953773737
0,1,4.0,5.2560794278426754e-05,0.004318024031817913
0,1,4.0,8.798449991635227e-05,0.005827846936881542
0,1,4.0,0.001321787262048925,0.003049736376851797
0,1,4.0,0.040269496101297826,0.6863932609558105
0,1,4.0,0.008074902118931008,0.005373457446694374
0,1,4.0,0.00017120410355474464,0.004155740607529879
0,1,4.0,0.21481006750363704,0.036562252789735794
0,1,4.0,0.009497625023139611,0.05840027332305908
0,1,4.0,4.418155149889329e-05,0.003228036919608712
0,1,4.0,0.0010047777684128634,0.0068647596053779125
1,1,4.0,0.9971406327958454,0.9783857464790344
0,1,4.0,0.010019953100772458,0.0037701406981796026
0,1,4.0,0.00030774601964444483,0.003136988263577223
1,1,4.0,0.9927155020159432,0.9952895641326904
0,1,4.0,0.024931245931523318,0.026523197069764137
0,1,4.0,0.9147384735649595,0.9334453344345093
0,1,4.0,0.001046122962017325,0.003975215833634138
1,1,4.0,0.9998955737339104,0.995517909526825
1,1,4.0,0.9925940984366085,0.995707631111145
1,1,4.0,0.9968427532487399,0.9878256916999817
1,1,4.0,0.6083675987147243,0.6889792680740356
0,1,4.0,0.22382763170916234,0.08996590971946716
0,1,4.0,0.0006007036275265263,0.003800047095865011
1,1,4.0,0.9999864479134362,0.9938669800758362
0,1,4.0,0.10320494331426033,0.014356572180986404
0,1,4.0,2.9809007709882864e-05,0.004336246754974127
0,1,4.0,0.0031815709462986986,0.003078163368627429
1,1,4.0,0.7582559872714751,0.840226948261261
0,1,4.0,0.0001202517347219167,0.0020585241727530956
1,1,4.0,0.9995108574512952,0.9964273571968079
0,1,4.0,0.025912577143725815,0.015793874859809875
1,1,4.0,0.9735446006514618,0.9932330250740051
1,1,4.0,0.9943807225752797,0.9958230257034302
0,1,4.0,0.003224854418270095,0.005169854499399662
0,1,4.0,3.773055106917139e-05,0.004675311967730522
0,1,4.0,0.06185710451586374,0.1737360805273056
0,1,4.0,0.00047720944163956816,0.004738365299999714
0,1,4.0,0.23414268843982103,0.024466363713145256
1,1,4.0,0.3612718741098384,0.8996002078056335
1,1,4.0,0.9452905387625017,0.9937688708305359
0,1,4.0,0.010918185884849597,0.018430814146995544
0,1,4.0,0.006269490482582129,0.010694676078855991
1,1,4.0,0.9412264601365384,0.9278827905654907
0,1,4.0,0.2768489225794716,0.9904108047485352
0,1,4.0,0.015224468461182163,0.0020364413503557444
0,1,4.0,0.0009258398645524374,0.006640823092311621
1,1,4.0,0.37453432811512627,0.970005452632904
1,1,4.0,0.9865777517955937,0.9815157651901245
0,1,4.0,0.001767167798587428,0.004564391449093819
0,1,4.0,0.00010794886005104536,0.0030117749702185392
0,1,4.0,0.03982841988101864,0.00199256744235754
0,1,4.0,0.001146342602755821,0.003361102193593979
0,1,4.0,0.009509392993678282,0.005186784081161022
0,1,4.0,0.10874579681760543,0.47530680894851685
1,1,4.0,0.9999189270649472,0.9975427389144897
0,1,4.0,0.0015218399058592946,0.0031368809286504984
0,1,4.0,0.0024385455371186905,0.004126714542508125
0,1,4.0,0.6424857824048713,0.89493727684021
1,1,4.0,0.9931980866631942,0.9949585795402527
0,1,4.0,0.001253736330334795,0.010027202777564526
0,1,4.0,0.0001595688944071218,0.0018051071092486382
0,1,4.0,0.1025599766607539,0.26876237988471985
1,1,4.0,0.9947418935972347,0.9945434331893921
0,1,4.0,0.0005592320371652875,0.002050618873909116
0,1,4.0,0.00028587036500794685,0.00388813903555274
0,1,4.0,0.007808549315850721,0.006013976875692606
0,1,4.0,0.007153659699571577,0.010513979941606522
0,1,4.0,0.03532407811864825,0.014292416162788868
1,1,4.0,0.6255326901762077,0.9429977536201477
0,1,4.0,0.07287098322240065,0.883960485458374
0,1,4.0,0.015028628039183277,0.005693287122994661
0,1,4.0,0.0720435062536949,0.30210575461387634
0,1,4.0,0.005285350552715168,0.0020596852991729975
1,1,4.0,0.9968239795376974,0.9973860383033752
0,1,4.0,0.0006081098458614792,0.002114582108333707
1,1,4.0,0.9291654376610682,0.1637253612279892
0,1,4.0,0.0006970184207007032,0.005578597076237202
0,1,4.0,0.00024173176135983978,0.005554779898375273
0,1,4.0,0.05123272554933991,0.005354598164558411
0,1,4.0,0.0019528289167100935,0.003293464658781886
0,1,4.0,0.0006511012645691945,0.003768373280763626
0,1,4.0,0.02026059925396084,0.00904600415378809
0,1,4.0,9.015998224726023e-05,0.0046755471266806126
0,1,4.0,0.0007295105541764963,0.00386298936791718
0,1,4.0,0.00833582685888001,0.015080557204782963
0,1,4.0,0.0036035051976988273,0.001755793346092105
0,1,4.0,0.35310259862876614,0.44498980045318604
0,1,4.0,0.015800532505800196,0.006993019487708807
0,1,4.0,0.003621078138140228,0.004166956525295973
0,1,4.0,8.196521073709026e-05,0.0049722520634531975
0,1,4.0,0.037949756202238415,0.01446139719337225
1,1,4.0,0.9972593301559176,0.9946818947792053
0,1,4.0,0.0017069269602082834,0.001909596030600369
0,1,4.0,0.002726595674792313,0.0018641663482412696
0,1,4.0,0.005955625585629214,0.006268723402172327
1,1,4.0,0.9961829588535355,0.9976850748062134
0,1,4.0,0.00011100137183133977,0.0033553135581314564
1,1,4.0,0.9926666641872525,0.9953959584236145
1,1,4.0,0.9995488651225181,0.9940977096557617
0,1,4.0,0.00752971068742161,0.005467910319566727
1,1,4.0,0.6522164157026586,0.019864460453391075
0,1,4.0,6.017973370560242e-05,0.001858663046732545
1,1,4.0,0.970218370225253,0.9928741455078125
0,1,4.0,0.007757586122499347,0.007064243778586388
0,1,4.0,0.21653582255889517,0.565796971321106
1,1,4.0,0.6707587872161541,0.7783927321434021
0,1,4.0,0.0008268582676571974,0.004120636731386185
0,1,4.0,0.0018005333661523094,0.0057998402044177055
0,1,4.0,0.0008517434771431824,0.010339891538023949
0,1,4.0,0.6570708267520973,0.1004684716463089
1,1,4.0,0.9575384604820082,0.024593418464064598
1,1,4.0,0.9996482660297609,0.9960250854492188
0,1,4.0,0.0011025432064829834,0.003918257541954517
0,1,4.0,0.00015790250819214477,0.0030694736633449793
1,1,4.0,0.9995961459688928,0.9964591860771179
0,1,4.0,0.0023217243965977536,0.004321219399571419
0,1,4.0,0.001270834491235367,0.01320366095751524
0,1,4.0,0.028264409172013647,0.13304254412651062
1,1,4.0,0.9989097962614761,0.997675359249115
0,1,4.0,0.025316554978633405,0.007602210156619549
1,1,4.0,0.9981832874184433,0.9937959909439087
0,1,4.0,8.48270395846168e-05,0.003982740920037031
0,1,4.0,0.004938362922269353,0.02235611341893673
0,1,4.0,0.00492128482165455,0.009841145016252995
0,1,4.0,0.008444753860006668,0.015465157106518745
0,1,4.0,2.4740569989865704e-05,0.00597096374258399
0,1,4.0,0.6152102240590093,0.9362563490867615
1,1,4.0,0.9947655176297293,0.9926976561546326
1,1,4.0,0.9565419982593226,0.9947077035903931
0,1,4.0,0.00018205813199081427,0.001923354109749198
0,1,4.0,0.007522055437464341,0.005032387096434832
0,1,4.0,0.0005447999741924957,0.006651715375483036
0,1,4.0,0.0002436288131973427,0.0031384348403662443
0,1,4.0,0.0004211224670841403,0.0018277004128322005
0,1,4.0,0.0004081724734931195,0.0020055235363543034
0,1,4.0,0.00018295907430843834,0.004773880820721388
0,1,4.0,0.000415006082973967,0.0047770170494914055
0,1,4.0,0.29321240233883883,0.06205528602004051
0,1,4.0,0.00014260090034732146,0.0031357863917946815
0,1,4.0,0.0027979670027105594,0.05880578234791756
1,1,4.0,0.9403184175783537,0.9728223085403442
0,1,4.0,0.07336400826820888,0.24712629616260529
0,1,4.0,0.08746624334013849,0.7101806998252869
0,1,4.0,0.15228155355967068,0.20548617839813232
0,1,4.0,0.0012869422725847515,0.003842270001769066
1,1,4.0,0.9339006287343184,0.9973446726799011
0,1,4.0,0.02904592885879042,0.04072852060198784
0,1,4.0,0.007286348824640761,0.004471488296985626
0,1,4.0,0.00027443564513691905,0.0037833182141184807
0,1,4.0,0.002097225546293195,0.006671053823083639
0,1,4.0,0.013366994068321406,0.25951462984085083
0,1,4.0,0.0041060424307159974,0.013400482013821602
0,1,4.0,0.0016801583181880668,0.005233151372522116
0,1,4.0,0.0001543400150258975,0.006609663832932711
1,1,4.0,0.9997476815096785,0.9943061470985413
0,1,4.0,0.11365692774105317,0.5090689659118652
0,1,4.0,0.07718326736619094,0.002528739394620061
0,1,4.0,0.0040967346442387234,0.00632185535505414
0,1,4.0,0.0001222704017419052,0.004119132179766893
0,1,4.0,0.0025838048471480816,0.005734587088227272
0,1,4.0,0.006914826724035204,0.007333548739552498
1,1,4.0,0.5334663685844818,0.7416902780532837
0,1,4.0,0.0012903497898754525,0.0047010621055960655
1,1,4.0,0.9678816830716084,0.8503139615058899
0,1,4.0,0.009709259800550254,0.002032785676419735
1,1,4.0,0.9026874746148371,0.5638504028320312
0,1,4.0,0.0051905756294293795,0.006442825775593519
0,1,4.0,0.0007217986132888865,0.01142837479710579
1,1,4.0,0.9173656485268001,0.9851076006889343
0,1,4.0,0.0005549962574537068,0.0049743945710361
0,1,4.0,0.037768246287131296,0.009419691748917103
0,1,4.0,0.04433258847441468,0.013554898090660572
0,1,4.0,0.0021727626509374476,0.006452781148254871
1,1,4.0,0.999976564951054,0.996379554271698
0,1,4.0,0.00013653699320130916,0.004257045686244965
0,1,4.0,0.0010471176775242504,0.0033213559072464705
0,1,4.0,0.0013589902775062383,0.0018712157616391778
0,1,4.0,0.011957735899694353,0.07881416380405426
1,1,4.0,0.6030678283803236,0.9949213862419128
1,1,4.0,0.9990014606799906,0.9961549639701843
0,1,4.0,0.0013758165838402396,0.0018067281926050782
0,1,4.0,0.0007502766200939613,0.004256043583154678
1,1,4.0,0.9992182565976053,0.9960492253303528
1,1,4.0,0.9994954878329774,0.9950441122055054
1,1,4.0,0.04067039370111566,0.006350459530949593
1,1,4.0,0.9996605111491779,0.9962421655654907
0,1,4.0,0.0009124253502107903,0.0039043836295604706
0,1,4.0,0.21987558558520204,0.8888773322105408
1,1,4.0,0.9999718594285931,0.9974098801612854
0,1,4.0,0.6901501693184284,0.8814734220504761
0,1,4.0,0.005291656055622645,0.008543454110622406
1,1,4.0,0.21757730757514845,0.6025651097297668
0,1,4.0,0.0001880815872270325,0.005703397560864687
0,1,4.0,0.005833807044624703,0.023030322045087814
0,1,4.0,0.00298041672856847,0.017013564705848694
0,1,4.0,0.013121110997488548,0.03822752460837364
0,1,4.0,4.645145539568741e-05,0.003072665072977543
1,1,4.0,0.9585491798437568,0.9766205549240112
0,1,4.0,0.001695009915553686,0.003146010683849454
0,1,4.0,0.10775306390626324,0.006887546740472317
0,1,4.0,0.04437333293729485,0.018315142020583153
0,1,4.0,0.000612764857574862,0.0032115455251187086
1,1,4.0,0.6343576623675533,0.8414931297302246
0,1,4.0,0.00010397852904494075,0.006539853289723396
1,1,4.0,0.8874271852025436,0.9738551378250122
0,1,4.0,0.0023996038493225773,0.007467122748494148
0,1,4.0,0.009479001547159896,0.25860944390296936
1,1,4.0,0.1056230820731256,0.038084372878074646
1,1,4.0,0.9938117698767855,0.9282802939414978
0,1,4.0,0.0006245093159718005,0.003730782540515065
0,1,4.0,0.012254460348303462,0.005700302310287952
0,1,4.0,0.002858607798514762,0.005512611009180546
0,1,4.0,0.00029624800372801636,0.0019231050973758101
0,1,4.0,0.26357950942432934,0.3198925852775574
0,1,4.0,7.864570983297505e-05,0.004190344363451004
0,1,4.0,0.0006920854113623338,0.006339032668620348
0,1,4.0,0.0002812946034268557,0.004075265023857355
0,1,4.0,0.965676838675096,0.9958935976028442
0,1,4.0,0.000508975003839258,0.006092556286603212
0,1,4.0,0.011873522036142548,0.00623798044398427
0,1,4.0,0.016803858718502047,0.24900071322917938
0,1,4.0,0.0027433815225661727,0.006682742852717638
0,1,4.0,8.277156147034066e-05,0.004684187471866608
0,1,4.0,0.26702691135857154,0.35971394181251526
1,1,4.0,0.9906819364706008,0.969242513179779
0,1,4.0,0.30858274180077205,0.9955838322639465
0,1,4.0,0.19333328706536748,0.5169440507888794
0,1,4.0,0.00011596138978691926,0.0037176974583417177
1,1,4.0,0.999956991571762,0.9974753260612488
1,1,4.0,0.9684198985325814,0.9926324486732483
0,1,4.0,0.00014716706299971964,0.0054935188964009285
0,1,4.0,0.0015259569803170924,0.004742090590298176
0,1,4.0,0.0017771277517276043,0.005733211059123278
0,1,4.0,0.0006037206087778284,0.0018092789687216282
1,1,4.0,0.9887847925223389,0.8534784913063049
0,1,4.0,0.004890758768644273,0.0018079472938552499
1,1,4.0,0.9998768719361796,0.9963952898979187
0,1,4.0,0.056198030641541906,0.22502364218235016
0,1,4.0,0.002836895449894383,0.004866920877248049
0,1,4.0,0.003596570555191934,0.004621116444468498
0,1,4.0,0.1712330577634439,0.19045118987560272
0,1,4.0,0.00015268973509053587,0.0030999945010989904
1,1,4.0,0.9285196416985628,0.9926887154579163
0,1,4.0,0.03745147287860895,0.009859832935035229
1,1,4.0,0.9824796953357331,0.9858879446983337
0,1,4.0,0.0003049711720964247,0.0018004168523475528
0,1,4.0,0.012693375836343767,0.013087606988847256
1,1,4.0,0.6928133761798861,0.5027157068252563
0,1,4.0,0.00021501613684268557,0.0037657497450709343
0,1,4.0,0.0003611891024567003,0.0037980694323778152
0,1,4.0,0.002786226268355311,0.004053744953125715
0,1,4.0,0.00957624122282321,0.004998099524527788
0,1,4.0,0.02412955442153006,0.8696420192718506
0,1,4.0,0.0001086907449708241,0.0039933896623551846
0,1,4.0,0.10203706841278105,0.01646597310900688
0,1,4.0,0.0042524511979413135,0.0020020257215946913
0,1,4.0,0.0030754859498336525,0.0051475949585437775
0,1,4.0,0.0009439572315769134,0.0018139975145459175
1,1,4.0,0.06776276525578488,0.6466712355613708
0,1,4.0,0.07176098470653017,0.19256363809108734
0,1,4.0,0.010736894992680454,0.05328885093331337
1,1,4.0,0.3603330551758473,0.9593130946159363
0,1,4.0,0.0007766418920539711,0.0037458583246916533
0,1,4.0,0.002881132097444531,0.006089441478252411
0,1,4.0,0.0012768197170858915,0.004666411317884922
0,1,4.0,8.256899354108549e-05,0.005507416557520628
0,1,4.0,0.016783583351249656,0.013959241099655628
1,1,4.0,0.9976658081788395,0.9888073205947876
0,1,4.0,0.0005086950291106162,0.007909633219242096
0,1,4.0,0.0004968121498009364,0.004720595665276051
0,1,4.0,0.0004309182981049974,0.003174607874825597
0,1,4.0,0.0015663938424466607,0.0037373248487710953
0,1,4.0,3.945038002301653e-05,0.005077552516013384
0,1,4.0,0.01009722160142065,0.01097949966788292
0,1,4.0,0.0017557156845025303,0.0038164439611136913
1,1,4.0,0.34554863519494877,0.9142612814903259
0,1,4.0,0.0032800627800053015,0.004080185666680336
0,1,4.0,0.0005458109377377907,0.005438521970063448
0,1,4.0,0.005882021874682305,0.006330706644803286
1,1,4.0,0.994086706414188,0.9952982068061829
0,1,4.0,0.0014989933474821423,0.004632377997040749
0,1,4.0,6.259831048949758e-05,0.004626106936484575
0,1,4.0,0.0020548449400753003,0.0017988235922530293
0,1,4.0,0.0368395573323336,0.22017741203308105
0,1,4.0,0.2630516180725335,0.5756546854972839
0,1,4.0,0.01545342784192355,0.004308976233005524
0,1,4.0,0.0003895058365410427,0.0017699508462101221
0,1,4.0,0.0003773813627988264,0.004737544804811478
1,1,4.0,0.9794016143654355,0.9895473718643188
0,1,4.0,0.22306560660220764,0.8884946703910828
1,1,4.0,0.9975896701517181,0.9905210733413696
0,1,4.0,4.450881755121308e-05,0.0019258371321484447
1,1,4.0,0.9998738522014049,0.9961280226707458
0,1,4.0,0.001933667426338939,0.006767170503735542
0,1,4.0,0.07107701040354011,0.0019140124786645174
0,1,4.0,0.01410815593482489,0.006177903153002262
0,1,4.0,0.0002871242809325347,0.003811300965026021
1,1,4.0,0.991883818442536,0.996065080165863
0,1,4.0,0.00018109652119703023,0.0046631768345832825
0,1,4.0,0.02316281362154716,0.12220396101474762
0,1,4.0,0.00011062876368331836,0.003204630222171545
0,1,4.0,0.00010364128932727287,0.0031477606389671564
0,1,4.0,0.06008028218346194,0.48684975504875183
0,1,4.0,0.0022572178860457205,0.00195600395090878
0,1,4.0,0.5229045836538865,0.6191005110740662
1,1,4.0,0.8831211657477088,0.8481613397598267
0,1,4.0,0.034740136367842324,0.02175603061914444
1,1,4.0,0.7983504432611485,0.9939987659454346
0,1,4.0,0.002507377572798866,0.005554416682571173
0,1,4.0,0.00015816796830594665,0.004822688642889261
1,1,4.0,0.9364629595970088,0.9770784378051758
1,1,4.0,0.012200607223810951,0.012178903445601463
0,1,4.0,0.002646370141142277,0.003744399407878518
0,1,4.0,0.001282355466441619,0.005606483202427626
0,1,4.0,0.0015329242248891027,0.0018303615506738424
1,1,4.0,0.9999267023555412,0.9957970380783081
0,1,4.0,1.900598557123915e-05,0.003598880721256137
0,1,4.0,0.00041022084473322704,0.005419880151748657
0,1,4.0,0.0019217556352937857,0.005485654808580875
1,1,4.0,0.9936900690334048,0.9972178936004639
0,1,4.0,0.023825436118603438,0.006218990311026573
1,1,4.0,0.3617206448184986,0.33586761355400085
0,1,4.0,9.839543447475135e-05,0.005813942290842533
0,1,4.0,0.09527515706174468,0.004827794618904591
0,1,4.0,0.0027079316900969815,0.009920772165060043
0,1,4.0,0.0016988247326238382,0.003204560140147805
0,1,4.0,0.000512195654150878,0.004583518020808697
0,1,4.0,0.004336736012829426,0.00787383783608675
0,1,4.0,0.014896343424199345,0.02855917438864708
0,1,4.0,0.0011482542045461997,0.004759006202220917
0,1,4.0,0.8535032845462048,0.9951419830322266
1,1,4.0,0.9945942640610026,0.9972151517868042
0,1,4.0,0.0008312112907780149,0.003802885999903083
0,1,4.0,0.41260494298183426,0.010473018512129784
0,1,4.0,0.12961460599572427,0.5790989995002747
0,1,4.0,0.00010491927622888008,0.005760445259511471
1,1,4.0,0.9927245718334454,0.9961540102958679
0,1,4.0,0.00019387402639961396,0.003064940683543682
0,1,4.0,0.9177859919937071,0.9954347014427185
0,1,4.0,0.00151526488168472,0.006178641226142645
0,1,4.0,0.016878321450461694,0.006328993942588568
0,1,4.0,0.0009652416268006808,0.002006806433200836
0,1,4.0,0.8331940075848627,0.03961753472685814
0,1,4.0,0.2898345454926982,0.34512683749198914
0,1,4.0,0.006282665218937795,0.008592343889176846
0,1,4.0,0.0007353320543449027,0.005493118427693844
0,1,4.0,0.00037224873335239757,0.0037548537366092205
0,1,4.0,0.006088145309155315,0.0030553017277270555
0,1,4.0,0.005624189388258935,0.005276906304061413
0,1,4.0,0.0009317182789940729,0.00179079151712358
0,1,4.0,0.011983822140555331,0.013831233605742455
0,1,4.0,0.014274561988457744,0.0023408906999975443
0,1,4.0,0.001217583082140097,0.0031415619887411594
0,1,4.0,0.0004696797693696933,0.0031173962634056807
0,1,4.0,0.0015317544937640784,0.0017639902653172612
0,1,4.0,0.0009736464666852019,0.00375922629609704
0,1,4.0,0.004210853024457406,0.001863380428403616
0,1,4.0,0.03926837976814771,0.19871588051319122
1,1,4.0,0.859205607151802,0.984752357006073
0,1,4.0,0.0007529138413854033,0.0030339977238327265
0,1,4.0,0.0004804742122651108,0.013415246270596981
0,1,4.0,7.549480238232078e-05,0.005557891447097063
1,1,4.0,0.9999610815788395,0.9962814450263977
0,1,4.0,0.020896122788958752,0.002694078255444765
0,1,4.0,0.003321088220740623,0.007397662382572889
0,1,4.0,0.0019022012479681593,0.006954542826861143
1,1,4.0,0.8729710752521873,0.9837344884872437
0,1,4.0,0.021481800495247966,0.008129797875881195
0,1,4.0,0.0006332233701480627,0.0021530052181333303
0,1,4.0,0.004752685810383753,0.004805604927241802
1,1,4.0,0.8305307824116578,0.838247537612915
1,1,4.0,0.002236492236534681,0.005059074144810438
0,1,4.0,0.00026445806267003384,0.0019575124606490135
0,1,4.0,0.03741629816081365,0.011447057127952576
1,1,4.0,0.019411877716991707,0.0020293977577239275
0,1,4.0,0.9819949148525713,0.9945782423019409
0,1,4.0,0.0003696719469311015,0.003727657487615943
0,1,4.0,0.0004774259019429613,0.005516408011317253
0,1,4.0,0.05044099405193589,0.023748168721795082
0,1,4.0,0.0004399129950306853,0.003009009873494506
1,1,4.0,0.9833204347781164,0.9852241277694702
0,1,4.0,0.6619003183201745,0.996454119682312
0,1,4.0,0.0010247940571345155,0.002992356428876519
1,1,4.0,0.9999521811824138,0.9957636594772339
0,1,4.0,0.0007354765197592524,0.002990665612742305
0,1,4.0,0.000192800740149218,0.0019100542413070798
0,1,4.0,0.32980120659829165,0.34671998023986816
0,1,4.0,0.008805721363513808,0.004756739363074303
0,1,4.0,6.349511581764736e-05,0.003099570283666253
0,1,4.0,0.003835392115618687,0.006036723032593727
0,1,4.0,9.599068282419285e-05,0.003299979493021965
1,1,4.0,0.947976437456129,0.9901629686355591
1,1,4.0,0.12355223564214814,0.006159372627735138
0,1,4.0,0.00013408451592234133,0.0043090456165373325
0,1,4.0,0.00027800653436196274,0.004552505444735289
1,1,4.0,0.9675223387109788,0.9864298105239868
0,1,4.0,0.0014941313797418889,0.004975662101060152
1,1,4.0,0.9394800799123112,0.9468819499015808
0,1,4.0,0.057039092737272874,0.11994735896587372
0,1,4.0,9.186303803244069e-05,0.004620658233761787
1,1,4.0,0.9999343361373824,0.9938602447509766
0,1,4.0,0.006216504670999083,0.008368146605789661
0,1,4.0,3.956334649686793e-05,0.004890020936727524
1,1,4.0,0.9922349618409058,0.9975064396858215
1,1,4.0,0.9960928278375548,0.9939268231391907
1,1,4.0,0.978355315104488,0.81936115026474
0,1,4.0,0.003530709321691563,0.006099345628172159
1,1,4.0,0.46748987007392356,0.9938404560089111
0,1,4.0,0.0001434964131451408,0.005550272297114134
0,1,4.0,0.02629678980856635,0.011116108857095242
0,1,4.0,0.0025122105043936423,0.0018357165390625596
0,1,4.0,0.0033971127039405863,0.0037809216883033514
0,1,4.0,0.0010298459818232483,0.003925872966647148
1,1,4.0,0.05891726676053992,0.15790337324142456
1,1,4.0,0.981677307400436,0.9972960352897644
1,1,4.0,0.9998908684375902,0.9960466027259827
1,1,4.0,0.6296769746676726,0.728795051574707
0,1,4.0,0.00014343122934569764,0.004672887735068798
0,1,4.0,0.047904968771812266,0.06836248189210892
0,1,4.0,0.0004151410720666685,0.003050145460292697
1,1,4.0,0.9915372061770288,0.9923354983329773
0,1,4.0,0.013084096897542362,0.007750379387289286
1,1,4.0,0.7723024630764395,0.07201359421014786
0,1,4.0,0.006333559493491036,0.005366351455450058
0,1,4.0,0.015971740349295754,0.003289861837401986
0,1,4.0,0.023235978940004513,0.10389921069145203
0,1,4.0,0.08573691755046252,0.03086976334452629
0,1,4.0,6.793525457343563e-05,0.003997332416474819
0,1,4.0,0.5790876838137031,0.12568572163581848
0,1,4.0,0.0018791419789016908,0.0020879553630948067
1,1,4.0,0.9999676893567796,0.997347354888916
0,1,4.0,0.0003016813004692336,0.0030482972506433725
0,1,4.0,0.3903780051506232,0.14386989176273346
0,1,4.0,0.00020588739941617627,0.003000888740643859
1,1,4.0,0.9620153442121325,0.9926884770393372
0,1,4.0,0.020882142205365693,0.005379151087254286
0,1,4.0,0.00012115546371554542,0.005049602128565311
0,1,4.0,9.156006101734284e-05,0.003327234648168087
0,1,4.0,0.00020019180562172749,0.003800688311457634
0,1,4.0,0.001684200573166494,0.036079101264476776
1,1,4.0,0.9999649435318217,0.9938179850578308
1,1,4.0,0.8234038934252572,0.961513340473175
1,1,4.0,0.670726883885103,0.006090858485549688
0,1,4.0,0.004085838063607961,0.0018066593911498785
0,1,4.0,0.034973948388393385,0.03529469668865204
0,1,4.0,0.09168886887685604,0.00969360675662756
0,1,4.0,0.5215076440780482,0.3168569505214691
1,1,4.0,0.9563241620889823,0.9912892580032349
0,1,4.0,6.01655837124156e-05,0.004130801185965538
1,1,4.0,0.36110648438632287,0.8768444657325745
0,1,4.0,0.00021609122021759849,0.003027623286470771
0,1,4.0,0.022763597245070488,0.056118328124284744
1,1,4.0,0.004118057445555791,0.6389898061752319
0,1,4.0,0.012440746767552044,0.002899675630033016
0,1,4.0,0.0036137100319405114,0.00309262634254992
0,1,4.0,0.6008590557618402,0.8911956548690796
1,1,4.0,0.9971649241450385,0.9781234860420227
1,1,4.0,0.9764048173183424,0.961818516254425
0,1,4.0,0.0023937326371213916,0.003747570561245084
0,1,4.0,0.0005507986425055972,0.005119698122143745
0,1,4.0,0.20470405881719306,0.30316710472106934
0,1,4.0,0.00042577645936781717,0.002153685549274087
0,1,4.0,0.0016388389534632258,0.005938740912824869
1,1,4.0,0.9103182016794469,0.9228456616401672
1,1,4.0,0.980269885243124,0.9727211594581604
1,1,4.0,0.756027184673494,0.8745496869087219
0,1,4.0,0.0013949286803018246,0.003504627151414752
0,1,4.0,0.12929019216153334,0.43102914094924927
1,1,4.0,0.6857079869409601,0.7726466059684753
0,1,4.0,0.0008605646960210395,0.004790606442838907
0,1,4.0,0.009227849301550125,0.0024390462785959244
0,1,4.0,0.0003286858466537844,0.004493355751037598
0,1,4.0,0.036521036612588154,0.009611553512513638
0,1,4.0,0.0012031190966189564,0.007440311834216118
0,1,4.0,0.005072903364150624,0.0018505228217691183
0,1,4.0,0.20114415522555484,0.36608028411865234
0,1,4.0,0.003929206743848159,0.006567132193595171
1,1,4.0,0.13758453829139494,0.37518906593322754
0,1,4.0,8.668980412935177e-05,0.0023886337876319885
0,1,4.0,0.026844812052228665,0.004753288812935352
0,1,4.0,0.06964317356366463,0.0018678645137697458
0,1,4.0,0.024560935554741117,0.03046615980565548
0,1,4.0,0.0006652314851638817,0.0031956315506249666
1,1,4.0,0.06150577116467374,0.3147676885128021
0,1,4.0,0.00014608763500456568,0.005675965454429388
0,1,4.0,0.0007167857311306359,0.005793892778456211
1,1,4.0,0.9996452548201259,0.9974634647369385
0,1,4.0,0.00037969063657501033,0.005643634591251612
0,1,4.0,0.0004481490813095277,0.0017741699703037739
1,1,4.0,0.9976354491951409,0.9956440925598145
1,1,4.0,0.9774734316081362,0.9794974327087402
0,1,4.0,0.0011390250474339128,0.00607305346056819
0,1,4.0,0.001552646051852474,0.005929453298449516
0,1,4.0,6.725832506663518e-05,0.005518923047930002
0,1,4.0,0.007641844987673537,0.006629263982176781
1,1,4.0,0.998953598214577,0.9976453185081482
0,1,4.0,0.010882220961653168,0.0033912640064954758
1,1,4.0,0.9721953511296746,0.9970472455024719
0,1,4.0,0.012435115506669462,0.002086929278448224
1,1,4.0,0.9710359902598399,0.9976668357849121
0,1,4.0,0.24347922716448317,0.03732777759432793
0,1,4.0,0.030057788789372705,0.017262674868106842
0,1,4.0,0.0020316243142117487,0.011512935161590576
0,1,4.0,0.0023528479785167047,0.0038426241371780634
1,1,4.0,0.7578703263977412,0.3118289113044739
0,1,4.0,3.458219270822714e-05,0.004919465631246567
1,1,4.0,0.9999406559028764,0.9931737780570984
0,1,4.0,0.003201740204508252,0.0037747425958514214
0,1,4.0,0.0001846273227662728,0.003086863085627556
0,1,4.0,0.0005725298471979997,0.005583236459642649
1,1,4.0,0.9984292704924712,0.9957385063171387
0,1,4.0,0.0009708603708435906,0.0017949200700968504
1,1,4.0,0.8571774299636882,0.9966018199920654
1,1,4.0,0.9135520908949551,0.9627619981765747
0,1,4.0,5.515359785686746e-05,0.0019779454451054335
0,1,4.0,0.0029416399847708493,0.003738141618669033
0,1,4.0,0.009736733710233215,0.0065723322331905365
0,1,4.0,0.0004642889792795666,0.0017862948589026928
0,1,4.0,0.042712006308121685,0.0732288658618927
0,1,4.0,8.863538357738767e-05,0.008164171129465103
1,1,4.0,0.9587120503198652,0.9919320940971375
0,1,4.0,0.0032959680275218674,0.011802049353718758
0,1,4.0,0.06647160941653088,0.03288969025015831
1,1,4.0,0.9998293948307536,0.9957660436630249
0,1,4.0,0.03973209685616073,0.4554949402809143
0,1,4.0,0.00015056402222485038,0.005732004996389151
0,1,4.0,0.0006764700069265373,0.005777816288173199
1,1,4.0,0.9999603557804445,0.9958696961402893
1,1,4.0,0.9982130972924786,0.9954965114593506
0,1,4.0,0.00019668895805802775,0.0017822470981627703
0,1,4.0,0.04447558900081232,0.010471689514815807
0,1,4.0,0.00017187767917653586,0.003963339142501354
1,1,4.0,0.9437880374038788,0.9925683736801147
0,1,4.0,0.002156538727854768,0.0019073643488809466
1,1,4.0,0.999789694477571,0.9971428513526917
0,1,4.0,0.0018939668279119928,0.004319213330745697
0,1,4.0,0.00013032805976369882,0.005490060895681381
0,1,4.0,0.0004765141996083579,0.0039060181006789207
0,1,4.0,0.016913037579113496,0.14649952948093414
1,1,4.0,0.9999927214008376,0.9955291152000427
0,1,4.0,0.00403339696513782,0.006332380697131157
1,1,4.0,0.022230196183645076,0.031637344509363174
0,1,4.0,0.000477561794762047,0.006143924314528704
1,1,4.0,0.9937633907159186,0.9954984188079834
1,1,4.0,0.9958808978593702,0.9976396560668945
0,1,4.0,0.01116302571454487,0.006097050849348307
0,1,4.0,0.1663049014911925,0.05893527343869209
1,1,4.0,0.9972133818474913,0.9957875609397888
0,1,4.0,0.0005206512937300007,0.0017921645194292068
0,1,4.0,0.010059219367601404,0.01755250245332718
0,1,4.0,0.008051259877448225,0.0025057028979063034
0,1,4.0,1.4533131063192884e-05,0.004807075951248407
0,1,4.0,0.005639446953160424,0.005657638888806105
0,1,4.0,0.12763087483473812,0.3935231864452362
1,1,4.0,0.0023204181055931266,0.003927316516637802
0,1,4.0,0.005692182496455388,0.0049796514213085175
0,1,4.0,0.10012697843486502,0.11747723817825317
1,1,4.0,0.2831783980664536,0.004173360764980316
0,1,4.0,0.0013504746709778336,0.004987070336937904
0,1,4.0,0.00039301150758776877,0.005539366044104099
0,1,4.0,0.00203941557031051,0.0018835319206118584
0,1,4.0,0.10194581798718973,0.19339972734451294
1,1,4.0,0.9937042680250562,0.9964700937271118
0,1,4.0,0.000175074953588872,0.005556692834943533
1,1,4.0,0.9995514883198743,0.9977460503578186
0,1,4.0,0.0033847049209866447,0.02681477554142475
1,1,4.0,0.8405324605682014,0.2230255901813507
0,1,4.0,0.00012205658081529424,0.002048146678134799
0,1,4.0,0.004281675114380886,0.003306905971840024
0,1,4.0,8.521804996633247e-05,0.0029972130432724953
0,1,4.0,0.005886636943563957,0.0020958699751645327
0,1,4.0,0.000500660672023584,0.0045854938216507435
1,1,4.0,0.07811826545098834,0.005079665686935186
0,1,4.0,0.0012756586627812498,0.007030179258435965
1,1,4.0,0.9996491317041275,0.9964616894721985
0,1,4.0,0.0006119423365640136,0.0037804977037012577
1,1,4.0,0.9991858925374157,0.9954837560653687
0,1,4.0,0.2645522692605303,0.7366188764572144
0,1,4.0,0.0006353047150481448,0.0018663521623238921
0,1,4.0,0.0026701907258783416,0.006503194570541382
0,1,4.0,0.03289961455415674,0.02065625600516796
0,1,4.0,0.0006029763364659786,0.005743107758462429
0,1,4.0,0.0007566659005714401,0.001826282823458314
0,1,4.0,0.00044834393184143515,0.0038411952555179596
0,1,4.0,0.027721683660157363,0.2732379138469696
0,1,4.0,0.12048676423269798,0.9904311299324036
1,1,4.0,0.9999194168958346,0.9974435567855835
0,1,4.0,0.00026229171495811485,0.0031057363376021385
0,1,4.0,0.02038543979037689,0.0018015004461631179
0,1,4.0,0.0022936913433641345,0.0018124112393707037
0,1,4.0,0.0025618935588850376,0.005752782337367535
0,1,4.0,0.05647856993900512,0.012338035739958286
1,1,4.0,0.9070497941120008,0.7904790639877319
1,1,4.0,0.609826698952009,0.5049485564231873
0,1,4.0,0.2888828979076995,0.7282361388206482
0,1,4.0,0.0001315285055696913,0.0018081099260598421
0,1,4.0,0.0006682553425196493,0.0037201973609626293
0,1,4.0,0.004208499151551244,0.009062506258487701
0,1,4.0,0.0012987513420407166,0.0059493123553693295
0,1,4.0,0.0006713537590510725,0.0057242922484874725
0,1,4.0,0.00017338513286378036,0.0030853785574436188
0,1,4.0,0.008348736377815856,0.0020686520729213953
1,1,4.0,0.9953267199311195,0.9958018660545349
0,1,4.0,0.0008304416380363783,0.0018223042134195566
1,1,4.0,0.9312254503099417,0.5823267102241516
0,1,4.0,0.0015894458118954618,0.001797995064407587
0,1,4.0,5.2504466602175555e-05,0.00481423269957304
0,1,4.0,0.0006545883972650131,0.0018102333415299654
0,1,4.0,0.00026841885272139906,0.0037838914431631565
1,1,4.0,0.9999308760259997,0.997542142868042
0,1,4.0,0.005935343219935141,0.008607902564108372
0,1,4.0,0.00018539684304093814,0.003149248193949461
0,1,4.0,0.006912509335290612,0.0065709264017641544
1,1,4.0,0.9999402398389764,0.9941948056221008
1,1,4.0,0.47904667362209485,0.9426893591880798
0,1,4.0,0.12430888811130485,0.011434652842581272
0,1,4.0,0.00022502284741839881,0.003910246305167675
1,1,4.0,0.9702468762909205,0.9906098246574402
0,1,4.0,0.009092389480132542,0.012061640620231628
1,1,4.0,0.9934301703965976,0.9947415590286255
0,1,4.0,0.40091202814211807,0.5169137716293335
1,1,4.0,0.7782283763370477,0.9943191409111023
0,1,4.0,0.00010819946223938545,0.0031447592191398144
0,1,4.0,0.04692210441325277,0.1251082569360733
0,1,4.0,0.2131058357974002,0.3328288495540619
0,1,4.0,0.5597739093957896,0.8278086185455322
0,1,4.0,0.0008692377722707016,0.0018005608581006527
0,1,4.0,6.202372307198595e-05,0.004636250901967287
0,1,4.0,0.0006177804870807892,0.0018108539516106248
0,1,4.0,0.0005348252972603505,0.004247232340276241
0,1,4.0,0.3083078411978903,0.31128349900245667
1,1,4.0,0.9378060465089282,0.9863348007202148
1,1,4.0,0.5695861321716961,0.8725115656852722
0,1,4.0,0.0011874447552211816,0.0019928414840251207
0,1,4.0,0.00477725128595366,0.35495299100875854
0,1,4.0,0.2658244849808834,0.10661806911230087
1,1,4.0,0.9945747766984394,0.9935681223869324
0,1,4.0,5.894312920069142e-05,0.003862508572638035
1,1,4.0,0.9986771286460764,0.9957826137542725
0,1,4.0,0.00024077104063387536,0.0030260144267231226
0,1,4.0,0.11959623056987327,0.13705459237098694
0,1,4.0,0.8023945059580829,0.9472280740737915
1,1,4.0,0.9969947442468412,0.9956489205360413
0,1,4.0,0.006087011988443868,0.003783498192206025
0,1,4.0,0.0009492375380355698,0.001908911857753992
0,1,4.0,0.002708360080784176,0.004081433638930321
0,1,4.0,0.001530534491436223,0.005555878859013319
1,1,4.0,0.9763957891519455,0.8875046372413635
0,1,4.0,0.13889188441590553,0.1342693716287613
0,1,4.0,0.10698933291828465,0.06602279096841812
0,1,4.0,0.004383149028229306,0.020425939932465553
0,1,4.0,0.06585241452810014,0.00810081884264946
0,1,4.0,0.02234244273988655,0.272765189409256
0,1,4.0,0.0013346962251091703,0.0036296076141297817
0,1,4.0,0.011645091487784658,0.004360534716397524
0,1,4.0,0.011668083365393598,0.03977895528078079
1,1,4.0,0.9986719027494199,0.9940205216407776
1,1,4.0,0.8488900343662387,0.897932767868042
0,1,4.0,0.3333523752175857,0.005608342122286558
0,1,4.0,0.005400869719812935,0.005518260411918163
0,1,4.0,0.0002478360683458498,0.00200315797701478
1,1,4.0,0.995002001074327,0.9952117800712585
0,1,4.0,0.0003567001563460137,0.006601660046726465
0,1,4.0,0.007478874821251564,0.020877577364444733
0,1,4.0,0.6432367891887275,0.5651074051856995
1,1,4.0,0.9982454419520362,0.9915437698364258
0,1,4.0,0.0003202574821192305,0.004736823029816151
0,1,4.0,0.1797025995437099,0.18641571700572968
0,1,4.0,0.0001769521441053094,0.003261522389948368
1,1,4.0,0.00046927573130825967,0.0038776262663304806
0,1,4.0,0.00041356651381288826,0.003129377728328109
0,1,4.0,0.00023322810773811128,0.0036899924743920565
0,1,4.0,0.17565044823086828,0.05204793065786362
0,1,4.0,0.001130714277551813,0.0018445757450535893
1,1,4.0,0.9518200653286317,0.9613099694252014
0,1,4.0,0.00042399929481871793,0.0017804709495976567
0,1,4.0,0.0313176714206806,0.007285682950168848
0,1,4.0,0.008132874837000108,0.006673092488199472
0,1,4.0,0.00016943021972340422,0.004708653781563044
0,1,4.0,0.00029603733073451727,0.005626955535262823
0,1,4.0,0.07134645263033586,0.187707781791687
0,1,4.0,0.11074614949698446,0.8380253911018372
1,1,4.0,0.9978121108046544,0.992299497127533
1,1,4.0,0.9787175671393136,0.9970182180404663
1,1,4.0,0.5599496033178278,0.444631963968277
1,1,4.0,0.9984585964403552,0.9958969354629517
0,1,4.0,0.000178351450805445,0.004591797012835741
1,1,4.0,0.9678436851528449,0.9576982259750366
1,1,4.0,0.9998282059036462,0.9942224621772766
1,1,4.0,0.900792381929082,0.9962171912193298
0,1,4.0,0.00015553722169965183,0.0037686422001570463
0,1,4.0,0.7064748980316287,0.9927679300308228
0,1,4.0,0.01118717782770403,0.036833152174949646
1,1,4.0,0.9451815984346202,0.9196450114250183
0,1,4.0,0.006177045778390055,0.00987433921545744
0,1,4.0,7.475522029220878e-05,0.004116549156606197
0,1,4.0,0.040882181698264616,0.0019528060220181942
1,1,4.0,0.9998147260796016,0.9958792924880981
0,1,4.0,0.51757699719738,0.539104700088501
0,1,4.0,0.0018931092092438783,0.005570645909756422
0,1,4.0,0.6248685669395634,0.8633781671524048
0,1,4.0,0.000442321775892124,0.0054887039586901665
0,1,4.0,0.002022164649847781,0.00405942602083087
0,1,4.0,0.000389438023514604,0.0034006175119429827
0,1,4.0,0.0006913248571054056,0.005230585113167763
1,1,4.0,0.9205703638491289,0.9027467370033264
0,1,4.0,0.0030336857957725194,0.0017691709799692035
0,1,4.0,0.005764699557132835,0.004810868762433529
0,1,4.0,0.0009120090770422235,0.0019247091840952635
0,1,4.0,0.0019756647401230217,0.004207628779113293
1,1,4.0,0.8924122034950615,0.958534836769104
0,1,4.0,0.0003117151818015676,0.005885109771043062
0,1,4.0,0.7420387247415735,0.10194288194179535
0,1,4.0,0.028852120564865063,0.03376027196645737
0,1,4.0,9.488512345095188e-05,0.0059790234081447124
0,1,4.0,0.8268553939047756,0.4156622588634491
0,1,4.0,0.0003924193663241302,0.003058446105569601
0,1,4.0,0.00021853318059130783,0.005511160474270582
0,1,4.0,0.009959017385378967,0.003171557793393731
0,1,4.0,0.000969169911710037,0.00551413232460618
0,1,4.0,0.0008059789414298076,0.0038065044209361076
0,1,4.0,8.106209194689245e-05,0.005700801499187946
0,1,4.0,5.320996754346596e-05,0.005011724773794413
1,1,4.0,0.9838845442727664,0.9975889921188354
0,1,4.0,0.0033999580547490024,0.0031323274597525597
0,1,4.0,0.0010607746746172017,0.00422637490555644
0,1,4.0,0.06701137619035374,0.112418532371521
0,1,4.0,0.02558783161258454,0.10716189444065094
0,1,4.0,0.0002477253462436908,0.005835253279656172
0,1,4.0,9.732254574583809e-05,0.0044415718875825405
0,1,4.0,0.000416992848889897,0.005567086394876242
0,1,4.0,0.01637733270451803,0.005165956448763609
0,1,4.0,0.004475188658375221,0.0039720661006867886
1,1,4.0,0.9940969399240985,0.9923272728919983
0,1,4.0,0.006568850356892289,0.0045387353748083115
0,1,4.0,7.164813998928564e-05,0.0020487771835178137
0,1,4.0,0.00030395804069845357,0.005504680331796408
0,1,4.0,0.002880642920101712,0.005135699175298214
0,1,4.0,0.11084134688543475,0.005008739419281483
1,1,4.0,0.9999486592589136,0.9964058995246887
0,1,4.0,0.05005366234634803,0.6267431974411011
1,1,4.0,0.9967199051226616,0.9955326318740845
0,1,4.0,0.025589347804506748,0.06636704504489899
1,1,4.0,0.9462257509427999,0.9849773645401001
1,1,4.0,0.9780946033787028,0.9212239384651184
0,1,4.0,0.9032804525302842,0.9851780533790588
0,1,4.0,0.029017108836132652,0.0026532169431447983
0,1,4.0,0.014451591822649951,0.009055704809725285
0,1,4.0,0.00013341008273437405,0.0038095831405371428
0,1,4.0,0.9083916161521787,0.9806299805641174
0,1,4.0,0.00014503439095419097,0.005657998379319906
0,1,4.0,0.04480299350871042,0.010163645260035992
0,1,4.0,0.00018559798411888045,0.0037974021397531033
0,1,4.0,0.03763667408340029,0.6285209059715271
0,1,4.0,0.027965471539424594,0.01882336661219597
0,1,4.0,0.00048496970710918845,0.006156897637993097
0,1,4.0,7.607665836825448e-05,0.0030699376948177814
0,1,4.0,0.0006103700776977835,0.005091579630970955
0,1,4.0,8.572981092417601e-05,0.0056501938961446285
0,1,4.0,0.011970079311819369,0.5545002222061157
0,1,4.0,0.00034638942120493357,0.004556903149932623
0,1,4.0,0.18483850045691105,0.08830966800451279
0,1,4.0,0.042245627082873285,0.7176222205162048
0,1,4.0,0.0010521118490729236,0.004861313849687576
0,1,4.0,0.004640377774743255,0.0038770113606005907
0,1,4.0,0.00010084264819531808,0.005702464375644922
0,1,4.0,0.002069393993549694,0.005577063653618097
0,1,4.0,0.0032748837576596444,0.004165262915194035
0,1,4.0,0.0051952206359779304,0.006183043587952852
1,1,4.0,0.998986985134897,0.9960498213768005
0,1,4.0,0.07168280882291919,0.20345425605773926
0,1,4.0,0.010493781938481925,0.00658429553732276
0,1,4.0,8.726445794527434e-05,0.00468519888818264
0,1,4.0,0.000344265632296199,0.003879612311720848
0,1,4.0,0.9936926804055872,0.9975837469100952
0,1,4.0,0.5002845596623083,0.39927902817726135
1,1,4.0,0.9997868361818375,0.9964584708213806
1,1,4.0,0.994312510981988,0.9961010217666626
1,1,4.0,0.988590815815589,0.9972921013832092
1,1,4.0,0.9995347628485401,0.9958887696266174
1,1,4.0,0.8193719632091696,0.9264349341392517
1,1,4.0,0.9981921269815727,0.995995283126831
0,1,4.0,0.00022702769526304682,0.0031334415543824434
0,1,4.0,0.00045780727471301066,0.0038335800636559725
0,1,4.0,0.019998315741986548,0.005227298941463232
0,1,4.0,0.97065825136094,0.997075080871582
0,1,4.0,7.417604185411763e-05,0.005498351529240608
0,1,4.0,0.00041508029843910965,0.004581386223435402
0,1,4.0,0.044319129616088915,0.12580551207065582
1,1,4.0,0.988637600913485,0.9914771914482117
0,1,4.0,0.3692138061651438,0.14674563705921173
1,1,4.0,0.9835069121872577,0.9918258190155029
0,1,4.0,0.0001245351377542423,0.004555088467895985
1,1,4.0,0.9190721647288458,0.8857995867729187
0,1,4.0,0.6479918571791946,0.14475926756858826
0,1,4.0,0.00041382888646170237,0.0018052402883768082
0,1,4.0,0.0016310234850237216,0.0024493306409567595
0,1,4.0,0.00015572970319887295,0.005457757506519556
0,1,4.0,0.10184154276876681,0.07926145941019058
0,1,4.0,0.002407664586631443,0.012982534244656563
1,1,4.0,0.9997712647315973,0.9964577555656433
0,1,4.0,0.002858220949819281,0.004734521731734276
0,1,4.0,0.00024624093165348526,0.0037674857303500175
0,1,4.0,0.00156788393127676,0.004914871882647276
0,1,4.0,0.07861043169408619,0.8111489415168762
1,1,4.0,0.9863049726801225,0.9961265921592712
0,1,4.0,0.0415592032247787,0.05703234300017357
0,1,4.0,0.007067598424122735,0.0066567687317729
0,1,4.0,0.026149216485265248,0.001936292857863009
0,1,4.0,0.03162715471033454,0.34264621138572693
0,1,4.0,0.00022100845110826884,0.0038661519065499306
0,1,4.0,0.5122104254071158,0.9272069334983826
0,1,4.0,0.26999931618752615,0.9015411734580994
0,1,4.0,0.007489617696480373,0.005608403589576483
0,1,4.0,0.004900987680887227,0.005248205736279488
0,1,4.0,0.0009031365477468245,0.006398950703442097
1,1,4.0,0.9961951888033324,0.9934386610984802
0,1,4.0,0.010219745289885462,0.07462603598833084
0,1,4.0,0.0011870588392054484,0.0018964363262057304
1,1,4.0,0.9976702183160213,0.9955747127532959
0,1,4.0,0.06962703045414297,0.021692192181944847
0,1,4.0,0.09397437054879447,0.005458233878016472
0,1,4.0,0.33390093347176203,0.7870850563049316
0,1,4.0,0.0052941309166764875,0.006997921038419008
0,1,4.0,0.0005177974690353754,0.006028648000210524
0,1,4.0,0.00027113477065140854,0.004550628364086151
0,1,4.0,0.9761810499480114,0.9950588941574097
0,1,4.0,0.001008605629420583,0.003031519241631031
0,1,4.0,0.020446871136644236,0.008930886164307594
0,1,4.0,0.0003973729075303195,0.004611132200807333
1,1,4.0,0.9799050338025811,0.9976755976676941
0,1,4.0,0.0034530987383415727,0.0017903127009049058
1,1,4.0,0.0068028674317390375,0.0046058474108576775
1,1,4.0,0.9998981967512921,0.9973211884498596
0,1,4.0,0.260643571214856,0.05783341825008392
0,1,4.0,0.0486226999477496,0.0033208318054676056
0,1,4.0,0.015895100577859814,0.0171875711530447
0,1,4.0,0.000468721022081668,0.005884749349206686
0,1,4.0,2.1671136236810027e-05,0.005528496578335762
0,1,4.0,0.030377072143434974,0.0037011816166341305
1,1,4.0,0.08315824469945969,0.11996915191411972
0,1,4.0,0.00012063298887943075,0.005527731031179428
0,1,4.0,0.008546111431249007,0.00890836026519537
0,1,4.0,0.20371468188528996,0.43739262223243713
0,1,4.0,0.030675686733184243,0.023429665714502335
0,1,4.0,7.01510764828832e-05,0.0047415620647370815
1,1,4.0,0.9965907701156109,0.9956089854240417
0,1,4.0,0.25255042337796096,0.258289098739624
1,1,4.0,0.992630392660402,0.9960591793060303
0,1,4.0,0.007971685099134216,0.0031401151791214943
0,1,4.0,0.006979753117284893,0.0037493621930480003
0,1,4.0,0.0024605283408385024,0.017521865665912628
0,1,4.0,0.0022752199512472804,0.03708050400018692
0,1,4.0,0.002713912622233797,0.003974908031523228
0,1,4.0,0.025216529577922985,0.01922048255801201
0,1,4.0,6.375748111341367e-05,0.0019729232881218195
1,1,4.0,0.9998655187775041,0.9962847232818604
0,1,4.0,0.00040758234857430687,0.005821974016726017
1,1,4.0,0.7051146266469863,0.38984215259552
0,1,4.0,0.05853061928645389,0.04647146910429001
1,1,4.0,0.05947773091494536,0.35697102546691895
1,1,4.0,0.8797207956012856,0.6640022993087769
0,1,4.0,0.0009483820292302563,0.003257017582654953
1,1,4.0,0.9954600453754401,0.8690172433853149
0,1,4.0,0.0006009630637546595,0.0055959587916731834
0,1,4.0,0.00033203984632934977,0.0037925851065665483
1,1,4.0,0.9993813133472774,0.9974592328071594
0,1,4.0,0.015219721101334334,0.006535375490784645
0,1,4.0,0.02264846642745237,0.1916099190711975
1,1,4.0,0.12174193007320225,0.36038047075271606
0,1,4.0,0.00014618594468315265,0.004053920041769743
0,1,4.0,0.005012152068457604,0.007641476579010487
1,1,4.0,0.9983612645369597,0.9960929751396179
0,1,4.0,0.00015116135516622052,0.00554543687030673
0,1,4.0,4.508267040299874e-05,0.005760303698480129
0,1,4.0,0.014459205740161485,0.8892329931259155
0,1,4.0,0.0007885517819381687,0.0051877317018806934
0,1,4.0,0.07985744078342195,0.0026239606086164713
0,1,4.0,0.0035064479314544884,0.005588422529399395
1,1,4.0,0.9954522146675442,0.9956491589546204
0,1,4.0,0.0012912664193592694,0.0030443682335317135
0,1,4.0,0.004425268558175989,0.006743877660483122
0,1,4.0,0.032151639300034854,0.0021540268789976835
0,1,4.0,0.004016861808345443,0.003004317404702306
0,1,4.0,0.364923909310678,0.36001497507095337
0,1,4.0,0.00035130378984940774,0.005895691923797131
0,1,4.0,0.005929143964781836,0.013013671152293682
0,1,4.0,0.005215807751407552,0.01782001554965973
1,1,4.0,0.9950250389683526,0.9957795143127441
1,1,4.0,0.9722318304444902,0.9929261803627014
1,1,4.0,0.11765740236936188,0.3072538375854492
0,1,4.0,0.0003846789885762197,0.006475228350609541
1,1,4.0,0.946465764139782,0.9974499344825745
0,1,4.0,0.000358248556293821,0.0019209912279620767
0,1,4.0,0.006324207563031285,0.0020733331330120564
0,1,4.0,9.706514645127765e-05,0.004869064316153526
0,1,4.0,0.0036520921055940517,0.06347626447677612
1,1,4.0,0.999853673763783,0.994211733341217
0,1,4.0,0.02917760152704232,0.0020286524668335915
0,1,4.0,0.00046958749574998267,0.005810324568301439
0,1,4.0,0.034687081708409624,0.018245281651616096
0,1,4.0,0.008383323744702258,0.008978043682873249
1,1,4.0,0.8706474245991586,0.9961583018302917
0,1,4.0,0.0007251873021447877,0.003076433902606368
0,1,4.0,0.034376869702791815,0.1320854276418686
1,1,4.0,0.08359050099868964,0.4741378426551819
1,1,4.0,0.9966694459710878,0.996637225151062
1,1,4.0,0.9998807443266327,0.9963357448577881
0,1,4.0,0.27880596297686067,0.08836673945188522
0,1,4.0,0.82942454893614,0.9114583730697632
1,1,4.0,0.9847195144665932,0.9883328080177307
0,1,4.0,8.832330804675744e-05,0.0030922351870685816
0,1,4.0,0.007582592608397955,0.001875977497547865
0,1,4.0,3.717140197542638e-05,0.0020346525125205517
0,1,4.0,0.002198776459151665,0.008042209781706333
1,1,4.0,0.21868551593252733,0.09588803350925446
0,1,4.0,0.021957068741742043,0.7040022611618042
0,1,4.0,0.00037884773467451114,0.005171299446374178
1,1,4.0,0.789650461689285,0.8092053532600403
0,1,4.0,0.012771749883027945,0.010139849968254566
0,1,4.0,0.08782887246666339,0.38086411356925964
1,1,4.0,0.9999624407224775,0.9963094592094421
0,1,4.0,0.0014555324256277193,0.007110997568815947
0,1,4.0,0.009339627136293695,0.009726946242153645
0,1,4.0,0.001746315130303105,0.007376588881015778
1,1,4.0,0.9987138091112304,0.9875828623771667
0,1,4.0,0.006740769008108699,0.003797429148107767
0,1,4.0,0.0004676617038964143,0.005494686309248209
0,1,4.0,0.00015328782282225732,0.003903747769072652
1,1,4.0,0.9892263929512373,0.9868528246879578
1,1,4.0,0.999730103165534,0.9942195415496826
1,1,4.0,0.9948543257306307,0.9976468682289124
0,1,4.0,0.0008547706535000413,0.003055945038795471
0,1,4.0,0.002681114677234333,0.003094773506745696
0,1,4.0,0.005968787522765359,0.009584375657141209
1,1,4.0,0.7942687857783294,0.8035444617271423
0,1,4.0,0.028527868038816587,0.3467549979686737
0,1,4.0,0.00923988755106707,0.002829476725310087
0,1,4.0,0.007899164949441283,0.0019805054180324078
0,1,4.0,3.193939944096907e-05,0.0030961050651967525
0,1,4.0,0.00020462819834735007,0.0038386546075344086
0,1,4.0,4.966592972311606e-05,0.0046083382330834866
0,1,4.0,0.0008119327178509112,0.0038025446701794863
0,1,4.0,0.0037709791968123197,0.01615213043987751
0,1,4.0,0.0019833844018083057,0.005949478130787611
1,1,4.0,0.8229776336852448,0.9909394979476929
0,1,4.0,0.01881987439045365,0.006783763412386179
0,1,4.0,0.027498722568421324,0.1736685186624527
0,1,4.0,0.0035208146931304655,0.006035873666405678
0,1,4.0,0.0004686743629587311,0.0031449878588318825
0,1,4.0,0.0011524749460689288,0.004691244103014469
0,1,4.0,0.026590944376955812,0.7806259989738464
0,1,4.0,0.027503695749540202,0.012831369414925575
0,1,4.0,0.002973812154542139,0.001826440216973424
0,1,4.0,0.0007506154363035839,0.00663973530754447
0,1,4.0,0.00020710519680021384,0.003303403267636895
1,1,4.0,0.13864304135691366,0.15702925622463226
0,1,4.0,0.5544981019200842,0.8858453035354614
0,1,4.0,0.042120705816475305,0.0019462393829599023
1,1,4.0,0.029940413835697753,0.0018919105641543865
1,1,4.0,0.9994217677930176,0.9976558685302734
0,1,4.0,0.0007146858285617266,0.005501619540154934
0,1,4.0,0.016203416893700282,0.03160501644015312
0,1,4.0,0.0010784892395866495,0.0036920865532010794
0,1,4.0,0.0017927706353958657,0.0038509343285113573
0,1,4.0,0.000927953239493661,0.0018240059725940228
0,1,4.0,0.007372373329262112,0.03312600404024124
1,1,4.0,0.6979503577786602,0.970714271068573
0,1,4.0,0.013375251555618105,0.00615302100777626
0,1,4.0,0.0015232258562999333,0.001773329102434218
0,1,4.0,0.06590281870396057,0.4962000846862793
0,1,4.0,8.448358487353736e-05,0.004676257260143757
1,1,4.0,0.9941141840271149,0.9961442947387695
1,1,4.0,0.7685491029124556,0.9198551774024963
0,1,4.0,0.0002083586957383002,0.00318213552236557
0,1,4.0,0.0007594171745146767,0.005494663026183844
0,1,4.0,0.002689036079324095,0.0038070124574005604
0,1,4.0,0.10210687735966674,0.04412003234028816
0,1,4.0,0.03661727218485685,0.05085502937436104
0,1,4.0,0.1510704943267822,0.0031617353670299053
0,1,4.0,0.04660774850295093,0.006784210447221994
0,1,4.0,0.9498878582584813,0.988895058631897
0,1,4.0,0.002350537654424847,0.005838693119585514
0,1,4.0,0.25577615073063736,0.28976956009864807
0,1,4.0,0.0006406010398608816,0.0038080252707004547
0,1,4.0,0.0005003655993874388,0.0018243184313178062
1,1,4.0,0.9989666732156862,0.9955873489379883
1,1,4.0,0.9805313409908946,0.9959308505058289
0,1,4.0,0.2754609739575042,0.9857690930366516
0,1,4.0,0.00036756929950268924,0.003793893614783883
0,1,4.0,0.3019872986898933,0.8799064755439758
1,1,4.0,0.748707890320036,0.9395747780799866
0,1,4.0,0.00027191203045716806,0.006142955273389816
0,1,4.0,0.00042568983426216926,0.003243451239541173
0,1,4.0,0.0005932993392387273,0.005780454725027084
0,1,4.0,0.0789495714979346,0.17225579917430878
0,1,4.0,0.00027433822500552805,0.005681592505425215
0,1,4.0,0.0033985912428468527,0.0071601709350943565
0,1,4.0,0.0017359970206529843,0.0018625851953402162
1,1,4.0,0.9926190472843267,0.9960534572601318
0,1,4.0,0.005769982573354466,0.01676422357559204
0,1,4.0,0.00037752864045174483,0.005716679152101278
1,1,4.0,0.9950880041642314,0.9961756467819214
0,1,4.0,0.0045350123506245,0.12238163501024246
0,1,4.0,0.029652837454462615,0.01657406985759735
0,1,4.0,0.0026892149989869766,0.008568337187170982
1,1,4.0,0.9989658358604869,0.9957885146141052
1,1,4.0,0.9509994429968742,0.9976108074188232
1,1,4.0,0.13426320161697014,0.17064908146858215
0,1,4.0,0.0018355431915847054,0.004732214380055666
0,1,4.0,6.274490863276296e-05,0.004562853369861841
1,1,4.0,0.9992291764511065,0.996091902256012
0,1,4.0,0.0047196698305436045,0.0056821745820343494
1,1,4.0,0.9998312694211059,0.9942538142204285
1,1,4.0,0.9971722690055249,0.9956455826759338
0,1,4.0,0.002796611188405782,0.010879854671657085
0,1,4.0,0.6780325108454023,0.48561927676200867
0,1,4.0,0.017047947722056346,0.020024409517645836
0,1,4.0,0.0014697690553461481,0.006506867706775665
1,1,4.0,0.94908066237292,0.9720888733863831
0,1,4.0,3.609221216399324e-05,0.0019257630920037627
1,1,4.0,0.9996856314103421,0.9962708950042725
0,1,4.0,0.0005693755491973042,0.0056367721408605576
1,1,4.0,0.8594677750802937,0.9130092859268188
1,1,4.0,0.9943032508682641,0.996221661567688
0,1,4.0,0.04555239780373211,0.5036025047302246
0,1,4.0,0.044886869093575366,0.007134968880563974
0,1,4.0,0.000552772091113204,0.0056698438711464405
0,1,4.0,0.9555188723678901,0.9955869913101196
0,1,4.0,0.0010382688116225378,0.0053957258351147175
1,1,4.0,0.9336659492312124,0.993051290512085
1,1,4.0,0.44439510395074505,0.10363903641700745
0,1,4.0,0.003194721750318504,0.010361310094594955
0,1,4.0,0.0001023867976275808,0.005394607316702604
0,1,4.0,0.00694981790877239,0.005686216987669468
0,1,4.0,4.041058233616303e-05,0.005679240915924311
1,1,4.0,0.9970915272250108,0.9971438050270081
1,1,4.0,0.9999333144634489,0.9975818395614624
1,1,4.0,0.9811782246229019,0.9975253939628601
0,1,4.0,0.0028834546588321465,0.0020133396610617638
1,1,4.0,0.9181332354989955,0.5976157784461975
1,1,4.0,0.9980258266489204,0.9957595467567444
0,1,4.0,0.13758347788439335,0.23463918268680573
0,1,4.0,0.0037357472963162747,0.004295295104384422
0,1,4.0,0.6002723242520678,0.07386253774166107
0,1,4.0,0.0005412783594557358,0.0017736938316375017
0,1,4.0,0.0001361168514162753,0.0034157915506511927
0,1,4.0,0.00031389307256024117,0.0019171851454302669
1,1,4.0,0.10257225983167571,0.16820697486400604
0,1,4.0,0.025767598108116005,0.0059730554930865765
0,1,4.0,0.002144625929096339,0.006992383394390345
0,1,4.0,0.001335887451219683,0.007977301254868507
1,1,4.0,0.46311567425710304,0.887866199016571
0,1,4.0,0.0007862083643452683,0.005639472045004368
0,1,4.0,0.006693702743912682,0.45753055810928345
1,1,4.0,0.9612015399435627,0.9926202297210693
0,1,4.0,0.0002759291613685296,0.005788953509181738
1,1,4.0,0.9896515954054844,0.9976886510848999
0,1,4.0,0.004314290066564929,0.0038472777232527733
0,1,4.0,0.003902531878610193,0.004125259350985289
0,1,4.0,0.18778656391230636,0.9264214038848877
0,1,4.0,0.004493629781365383,0.005615031812340021
0,1,4.0,0.0044578639737805695,0.003804768668487668
0,1,4.0,0.0009332920937379974,0.0033418312668800354
0,1,4.0,0.00030236291322808937,0.0057323225773870945
0,1,4.0,0.05263138860296507,0.05720845237374306
0,1,4.0,0.001371341677077558,0.05915458872914314
1,1,4.0,0.8896179361072157,0.9602288007736206
0,1,4.0,0.00577870053825509,0.0054991282522678375
1,1,4.0,0.0036234271626995806,0.029549455270171165
0,1,4.0,0.10920509307168315,0.009994619525969028
0,1,4.0,0.08217218754725233,0.007523138541728258
0,1,4.0,0.0024499856207210076,0.002096323762089014
1,1,4.0,0.010427759801247,0.007777227088809013
1,1,4.0,0.00743567574722975,0.10022613406181335
0,1,4.0,0.000779601999044991,0.0018291909946128726
0,1,4.0,0.7686304676936296,0.19652332365512848
0,1,4.0,0.9366015715832245,0.9971880316734314
1,1,4.0,0.8687101295962519,0.9911326766014099
1,1,4.0,0.997641863777917,0.9933486580848694
0,1,4.0,0.0002410992163311298,0.0037755963858217
0,1,4.0,0.004438556677330862,0.0018491687951609492
0,1,4.0,0.0007351635299960189,0.005526326131075621
0,1,4.0,0.0030337126294226573,0.0059679243713617325
0,1,4.0,0.002203970284534887,0.0018328895093873143
0,1,4.0,0.06973734600087048,0.003947369288653135
0,1,4.0,0.002886140222918499,0.008599800057709217
0,1,4.0,0.0001540745507678383,0.003032183740288019
1,1,4.0,0.9476030452011591,0.9598214030265808
0,1,4.0,0.0002531979983936585,0.004683464765548706
0,1,4.0,0.24091904845323378,0.19296346604824066
0,1,4.0,0.0026436711410296712,0.004122045822441578
0,1,4.0,0.000613442690659959,0.00624317629262805
0,1,4.0,0.00016025004233040675,0.003200030652806163
1,1,4.0,0.9994970722456108,0.9954683780670166
1,1,4.0,0.9985262357354466,0.9952535629272461
1,1,4.0,0.9998774343847401,0.9974521994590759
0,1,4.0,0.003943375686205038,0.11319872736930847
0,1,4.0,0.0029352100625198835,0.004102188628166914
1,1,4.0,0.8880130994542241,0.807996928691864
0,1,4.0,0.040409099674490204,0.3392687141895294
0,1,4.0,0.0017422890578773235,0.0034040031023323536
1,1,4.0,0.9998986455921234,0.9955649971961975
1,1,4.0,0.020510468897616055,0.579664409160614
1,1,4.0,0.8954406662883773,0.9916730523109436
0,1,4.0,0.006328276003718646,0.003066123928874731
0,1,4.0,0.021201939577768874,0.37930795550346375
1,1,4.0,0.9725931931543182,0.9740890860557556
1,1,4.0,0.7134695484497333,0.7749250531196594
1,1,4.0,0.9997893216497494,0.9941954016685486
0,1,4.0,0.00015757979585010145,0.004621186759322882
0,1,4.0,0.00027722734441701027,0.004329160321503878
1,1,4.0,0.9990946605730207,0.9958590865135193
1,1,4.0,0.9939928753060395,0.9953362345695496
0,1,4.0,0.00012434539404460393,0.004574268124997616
0,1,4.0,0.0002817930233204977,0.0018819799879565835
0,1,4.0,0.0008581258499526427,0.002091374946758151
0,1,4.0,0.006091147658539488,0.010126405395567417
0,1,4.0,0.00032308151081708234,0.003147769719362259
0,1,4.0,0.0005334504336193844,0.005535515956580639
0,1,4.0,0.0013464335320965966,0.004592673387378454
0,1,4.0,0.0001258682553813071,0.0030309599824249744
0,1,4.0,0.0013036554887626086,0.0018202420324087143
0,1,4.0,0.00024757909608416926,0.003003547666594386
0,1,4.0,0.0014687323449501112,0.005718559958040714
1,1,4.0,0.972000501426814,0.9934169054031372
0,1,4.0,0.0006680043931776178,0.004183697514235973
0,1,4.0,0.007180311036061751,0.0022020284086465836
1,1,4.0,0.04882620761533077,0.0020787366665899754
0,1,4.0,0.9993274416603416,0.9929948449134827
0,1,4.0,0.014361948513868378,0.0017641086596995592
1,1,4.0,0.44718698179521316,0.42963603138923645
0,1,4.0,0.00034935955412442114,0.004629955161362886
1,1,4.0,0.7975562711410759,0.9873145222663879
0,1,4.0,0.00012897551159906737,0.005810956005007029
1,1,4.0,0.9999656555841353,0.9959732890129089
1,1,4.0,0.9942401921583746,0.9944064617156982
0,1,4.0,0.0034993889167967223,0.0036280162166804075
0,1,4.0,0.00013827275909782179,0.0037765270099043846
1,1,4.0,0.9685521073234485,0.07232778519392014
1,1,4.0,0.028924347514014265,0.06719877570867538
0,1,4.0,0.0003792234151231769,0.00461309589445591
1,1,4.0,0.9981418337417979,0.9929074048995972
0,1,4.0,0.0005676303962227537,0.004184786695986986
0,1,4.0,0.30356362642561957,0.06341896206140518
0,1,4.0,0.0007988959499156635,0.002027463400736451
0,1,4.0,0.002208343476442566,0.04057168588042259
0,1,4.0,0.0015768832185316156,0.03251409903168678
0,1,4.0,0.5570385509741693,0.6379542350769043
0,1,4.0,0.014064140140883065,0.0038703905884176493
0,1,4.0,0.0010536406065437974,0.0018166163936257362
0,1,4.0,0.00022955036225202308,0.0030782350804656744
0,1,4.0,0.0020102826270883447,0.004991262685507536
0,1,4.0,6.105457302273973e-05,0.00194073049351573
0,1,4.0,0.00015915002908688128,0.004671856295317411
0,1,4.0,0.3981129648701947,0.8028210997581482
0,1,4.0,0.22678793393605326,0.3852258026599884
1,1,4.0,0.9999779396022769,0.9938758015632629
0,1,4.0,5.1848413929544655e-05,0.004603931214660406
1,1,4.0,0.7937994647291323,0.8602491617202759
0,1,4.0,0.23782161479640154,0.4423171877861023
0,1,4.0,8.165163470802826e-05,0.0019679253455251455
0,1,4.0,0.004884849445018312,0.0738498643040657
1,1,4.0,0.9997885738092744,0.9973838925361633
0,1,4.0,0.0008417631598273379,0.00266934628598392
1,1,4.0,0.8119065427579192,0.994446873664856
1,1,4.0,0.6199086972459266,0.967495322227478
0,1,4.0,0.0004183555137949158,0.005803305190056562
0,1,4.0,0.00037201858376190763,0.004570478573441505
0,1,4.0,0.0006248579556604089,0.003988167736679316
0,1,4.0,0.005715987421594289,0.01109078899025917
0,1,4.0,0.582933606817769,0.9763056039810181
0,1,4.0,0.0002155817804451032,0.003803085070103407
0,1,4.0,0.012144831745374557,0.04664921388030052
0,1,4.0,0.0005961060607920349,0.005489232949912548
0,1,4.0,0.09621162321943966,0.016844503581523895
1,1,4.0,0.9995791698079171,0.9975551962852478
0,1,4.0,0.038977235736530454,0.004033249337226152
0,1,4.0,0.008379965652930357,0.0018840879201889038
1,1,4.0,0.9993305973720089,0.9955270886421204
0,1,4.0,0.007544967807393417,0.006012599915266037
1,1,4.0,0.9945828331087214,0.9972881078720093
1,1,4.0,0.9915673159683693,0.9729377627372742
1,1,4.0,0.9394615182118538,0.9462143778800964
0,1,4.0,0.0007545906380894081,0.001859212527051568
0,1,4.0,0.0013434741715786346,0.004723688121885061
0,1,4.0,0.01849038815241135,0.00758730573579669
0,1,4.0,0.0003037061355912221,0.00552357779815793
0,1,4.0,0.0054435178764083185,0.004634959623217583
0,1,4.0,0.000695563802526461,0.005062586162239313
0,1,4.0,0.0015568612220542776,0.00517749460414052
0,1,4.0,0.0968055689604156,0.15879452228546143
0,1,4.0,0.869253811045478,0.010165214538574219
1,1,4.0,0.9249025309930702,0.9865207672119141
0,1,4.0,8.412772911695735e-05,0.0031347523909062147
0,1,4.0,0.0029625646744778846,0.005288859363645315
1,1,4.0,0.6886336888212364,0.9719664454460144
0,1,4.0,0.003942253689607272,0.0018032726366072893
0,1,4.0,0.0006385028272678644,0.005575194023549557
0,1,4.0,0.02064936565688462,0.018854103982448578
1,1,4.0,0.9793069817128008,0.1573086977005005
1,1,4.0,0.9718400605679586,0.9704238772392273
0,1,4.0,0.0025841121973512148,0.0046800849959254265
0,1,4.0,3.2234267559823306e-05,0.00567416800186038
0,1,4.0,0.03264996461696543,0.0437806211411953
0,1,4.0,0.042746669591654685,0.05146259069442749
0,1,4.0,0.00233304211898314,0.004974640440195799
0,1,4.0,0.0001415628997079119,0.004215243738144636
1,1,4.0,0.7043641400916081,0.8446252942085266
1,1,4.0,0.24361831427305294,0.9927534461021423
0,1,4.0,0.00488010413037041,0.39854931831359863
1,1,4.0,0.9978239134452552,0.9962469935417175
0,1,4.0,0.3374351485335288,0.9842334389686584
0,1,4.0,0.00020933893811554292,0.003920577000826597
0,1,4.0,0.072583410223049,0.004373345524072647
1,1,4.0,0.9994326542527869,0.9962967038154602
1,1,4.0,0.9999819010672129,0.9942271709442139
1,1,4.0,0.9999876928987665,0.9959381818771362
0,1,4.0,0.0063352687523267216,0.002830913756042719
1,1,4.0,0.9991433336607166,0.99396151304245
0,1,4.0,0.26411578566929295,0.04957210272550583
0,1,4.0,0.0003494969182965869,0.005461257882416248
1,1,4.0,0.507616438759252,0.2896093428134918
0,1,4.0,0.00013476337400689,0.005620273761451244
0,1,4.0,0.00014390375160085097,0.005729418247938156
0,1,4.0,0.00016959749940950188,0.0018334410851821303
0,1,4.0,0.00023918051003015984,0.001823951257392764
0,1,4.0,0.0026990305049463433,0.005757816135883331
0,1,4.0,0.0006514032480658313,0.007025084923952818
1,1,4.0,0.9982685485114849,0.9963881969451904
1,1,4.0,0.9994252093589643,0.9977110624313354
0,1,4.0,0.15360447650484213,0.0629727765917778
0,1,4.0,0.017995575497638867,0.01799234375357628
0,1,4.0,8.749661867028105e-05,0.005865057464689016
0,1,4.0,5.294888906132118e-05,0.0032727986108511686
0,1,4.0,0.05973135248259326,0.1557551473379135
1,1,4.0,0.9945680242983321,0.9976646900177002
0,1,4.0,0.11049200481347628,0.9724739789962769
0,1,4.0,0.0011133058932423264,0.005517130251973867
0,1,4.0,0.0020575185402925324,0.005517308134585619
0,1,4.0,0.0003561211952787083,0.0030306819826364517
0,1,4.0,0.010759851717498164,0.009008543565869331
0,1,4.0,5.8528732106977275e-05,0.0019665968138724566
0,1,4.0,0.009326182031753937,0.004581938497722149
0,1,4.0,0.0080206387944164,0.01934276521205902
1,1,4.0,0.9992638173311146,0.9958983063697815
1,1,4.0,0.9095779164879215,0.8985866904258728
1,1,4.0,0.9626866626840861,0.9976935982704163
0,1,4.0,0.028310645444746808,0.003215921577066183
0,1,4.0,0.0009066450359023725,0.001996255712583661
0,1,4.0,0.0003470102974576038,0.001995194936171174
0,1,4.0,0.009310020003446919,0.011624472215771675
0,1,4.0,0.002323297252488354,0.00504087982699275
0,1,4.0,0.0011432895130780649,0.005631116684526205
0,1,4.0,0.025018009887371455,0.7047236561775208
0,1,4.0,0.0010926548162168894,0.005508435424417257
0,1,4.0,0.01512713199597197,0.004013802856206894
0,1,4.0,0.0028773306715245395,0.0039145746268332005
0,1,4.0,0.04310758795454813,0.10391941666603088
1,1,4.0,0.9999699020758762,0.9935030341148376
1,1,4.0,0.9998365378467249,0.9930429458618164
0,1,4.0,0.00044154529990241025,0.005531223490834236
0,1,4.0,4.0008392578919575e-05,0.003821202553808689
0,1,4.0,0.00035957122908299177,0.004752727225422859
0,1,4.0,0.0009578512426732954,0.005130033008754253
0,1,4.0,0.0003811885891289832,0.00189416843932122
1,1,4.0,0.6563050106136932,0.9619942307472229
0,1,4.0,0.3735310999075659,0.9503903388977051
1,1,4.0,0.9066509234998937,0.9967111349105835
1,1,4.0,0.9897256887821287,0.9936098456382751
0,1,4.0,0.0003242531806358217,0.0061814081855118275
0,1,4.0,0.10288262656913678,0.7667083144187927
0,1,4.0,0.00029156590899400315,0.0034456795547157526
0,1,4.0,0.0005166850310945779,0.0018948446959257126
0,1,4.0,0.0018224791259278507,0.004653112962841988
0,1,4.0,0.0013095242028296203,0.00941578671336174
0,1,4.0,0.0007708480510845825,0.010172859765589237
0,1,4.0,0.058683415504000365,0.1354927122592926
0,1,4.0,0.0002608062013297818,0.0030298379715532064
0,1,4.0,0.00030653137670034303,0.0017961396370083094
1,1,4.0,0.9812948389517937,0.9810118675231934
1,1,4.0,0.937386195950342,0.2257135510444641
1,1,4.0,0.7456272768720414,0.9955222606658936
0,1,4.0,0.03212963272315581,0.0019279014086350799
0,1,4.0,0.9743641948458187,0.5837802290916443
0,1,4.0,0.028741348271947614,0.011961672455072403
0,1,4.0,0.0006285001826000583,0.001875109737738967
0,1,4.0,0.5141221613624022,0.9277839660644531
0,1,4.0,0.0007341956403636556,0.005793571472167969
0,1,4.0,0.010533024854530932,0.03527482971549034
0,1,4.0,4.507110409390691e-05,0.005507270339876413
0,1,4.0,0.0003947733385607292,0.004848576616495848
0,1,4.0,0.018325460384712004,0.006450217217206955
1,1,4.0,0.9656594087705905,0.9975910186767578
0,1,4.0,0.2861670998808263,0.9934995174407959
1,1,4.0,0.9601533415672202,0.9714834690093994
0,1,4.0,0.0032019712090585115,0.00303718657232821
0,1,4.0,0.030913389896069662,0.059572476893663406
0,1,4.0,0.062312082567531527,0.0019164845580235124
1,1,4.0,0.9793781400609807,0.9957095384597778
0,1,4.0,0.1608060721105593,0.4192080497741699
0,1,4.0,0.018039551488600092,0.00621749646961689
1,1,4.0,0.690169727224682,0.9756548404693604
0,1,4.0,0.4957455346530476,0.002679761964827776
0,1,4.0,0.340971317955426,0.5762382745742798
1,1,4.0,0.997878520377342,0.9942733645439148
1,1,4.0,0.23932758559517842,0.23627379536628723
1,1,4.0,0.9966839406847717,0.9961285591125488
0,1,4.0,0.042943933128998926,0.4009018838405609
0,1,4.0,0.07984846699326,0.34029799699783325
0,1,4.0,0.0004444199695352913,0.00660686194896698
0,1,4.0,0.0030171723456519344,0.001790708163753152
0,1,4.0,0.00946356836272028,0.001975501421838999
0,1,4.0,0.026895819270695124,0.6271430850028992
1,1,4.0,0.9790510863862871,0.9847122430801392
0,1,4.0,0.006483857045623808,0.005854408256709576
1,1,4.0,0.9711032221555637,0.9662679433822632
1,1,4.0,0.9982391895092944,0.9927288889884949
0,1,4.0,0.010387409922542602,0.022267283871769905
0,1,4.0,6.757167976219901e-05,0.003039965871721506
0,1,4.0,0.0008707717426559249,0.004024453926831484
1,1,4.0,0.1627372351203715,0.014947323128581047
1,1,4.0,0.1699255753928092,0.8110527396202087
0,1,4.0,0.003217712420605841,0.00558935571461916
1,1,4.0,0.7999023760799974,0.9926612377166748
0,1,4.0,0.033516465207976034,0.03224991261959076
0,1,4.0,0.00029382749510753795,0.003160325810313225
1,1,4.0,0.9993544334473867,0.9961795806884766
0,1,4.0,0.0008925533690724774,0.005715565290302038
0,1,4.0,0.00012458086790565013,0.004007738549262285
0,1,4.0,0.01069898719251001,0.07225081324577332
0,1,4.0,0.0005143659925285976,0.0018295913469046354
0,1,4.0,0.0001835443489202158,0.005053456407040358
0,1,4.0,0.008391731434179017,0.004892263095825911
0,1,4.0,0.016016509170576985,0.04102727025747299
0,1,4.0,0.009877466323036942,0.001842738245613873
0,1,4.0,0.0008622098076299178,0.00632172916084528
0,1,4.0,0.0018084895733649887,0.004611298441886902
0,1,4.0,0.0044838717873037165,0.004479147493839264
0,1,4.0,0.014650786868235118,0.00713665084913373
0,1,4.0,0.0021026885484892867,0.005772239062935114
1,1,4.0,0.9986448260008419,0.9964457154273987
0,1,4.0,0.00022552977979329404,0.004606263246387243
0,1,4.0,0.32204318294513345,0.2247583121061325
0,1,4.0,0.0005991516334848493,0.0030371462926268578
1,1,4.0,0.3378847568194035,0.08203855156898499
0,1,4.0,0.5431669555836448,0.18398721516132355
0,1,4.0,0.00483340089156233,0.0038594622164964676
1,1,4.0,0.975734575844113,0.957779586315155
1,1,4.0,0.9694402342329809,0.9896883964538574
0,1,4.0,0.26654194411895094,0.6224798560142517
0,1,4.0,0.11632295089668727,0.7354379296302795
0,1,4.0,0.002849430465303332,0.0037914144340902567
0,1,4.0,0.00041583742752961047,0.0018193039577454329
0,1,4.0,0.003958402793660004,0.001872388063929975
0,1,4.0,0.009298658574318816,0.01158948801457882
0,1,4.0,0.00011078402337230866,0.0037957029417157173
0,1,4.0,0.0014386924828392012,0.003833410330116749
0,1,4.0,0.17888131154426026,0.978753924369812
0,1,4.0,0.00282469780097318,0.006527862511575222
0,1,4.0,0.0013520911478648015,0.0032332343980669975
0,1,4.0,0.00012959385794208468,0.0018929429352283478
0,1,4.0,0.0019235876871851385,0.0017771992133930326
0,1,4.0,0.0015625384229047826,0.0059463148936629295
0,1,4.0,0.24064180416800182,0.4714619815349579
0,1,4.0,0.008567055530275532,0.010011973790824413
0,1,4.0,0.028268282482806814,0.001971594290807843
0,1,4.0,6.446090192216491e-05,0.0018088287906721234
0,1,4.0,0.0002996859073152491,0.003058843081817031
1,1,4.0,0.9982984098988859,0.9955326318740845
0,1,4.0,0.2514265364083664,0.009184910915791988
1,1,4.0,0.9810042378708016,0.9940284490585327
0,1,4.0,0.19271811121075932,0.0018919170834124088
0,1,4.0,0.010928438293009856,0.09156528115272522
0,1,4.0,0.00151098622866369,0.0039345198310911655
0,1,4.0,0.0007455822057062492,0.005565402563661337
1,1,4.0,0.9636574094859129,0.9954286813735962
0,1,4.0,0.005136329214492454,0.0030120927840471268
0,1,4.0,0.020597669619875955,0.17568637430667877
1,1,4.0,0.9998638083353272,0.9961477518081665
1,1,4.0,0.9993868879861432,0.9975590705871582
0,1,4.0,0.0017414759849669953,0.003407834330573678
0,1,4.0,0.06862175331008283,0.0049174632877111435
0,1,4.0,0.001816772218097708,0.004667326342314482
0,1,4.0,0.7639595645019055,0.8752446174621582
1,1,4.0,0.3199085695070167,0.9226647019386292
1,1,4.0,0.9215558452506156,0.9895491600036621
0,1,4.0,0.09812093349236556,0.1676473170518875
1,1,4.0,0.9997356503012054,0.9963478446006775
0,1,4.0,0.0010629953308425623,0.0030204036738723516
0,1,4.0,0.0007151793905655973,0.0030164604540914297
0,1,4.0,0.0006081163075005858,0.005946159828454256
1,1,4.0,0.9357701226700021,0.9839375615119934
0,1,4.0,0.051839691585308115,0.006479717791080475
0,1,4.0,0.10151721049901152,0.004515741486102343
1,1,4.0,0.5770733218195088,0.962920069694519
0,1,4.0,0.08103933040179949,0.2230825275182724
0,1,4.0,0.00012055803911102747,0.005566075444221497
1,1,4.0,0.9995593377564082,0.9956242442131042
1,1,4.0,0.9989630547738864,0.9956823587417603
0,1,4.0,0.0001383022904679395,0.004100094549357891
0,1,4.0,0.00013482853978495356,0.0056752655655145645
1,1,4.0,0.42369504591901813,0.34656721353530884
0,1,4.0,0.5607608410767618,0.9747836589813232
1,1,4.0,0.2262725278126581,0.7648358345031738
1,1,4.0,0.1173822826977075,0.006828933954238892
0,1,4.0,0.0013172003370114011,0.0018247319385409355
0,1,4.0,0.7539487786156426,0.9606949687004089
0,1,4.0,0.012491475944895084,0.0019652636256068945
0,1,4.0,0.28443997506815116,0.8443301916122437
0,1,4.0,0.0003757726888359855,0.005816748831421137
0,1,4.0,0.007781176248307887,0.008743486367166042
1,1,4.0,0.7624224585828386,0.9939000606536865
0,1,4.0,0.01032156233780701,0.023279452696442604
1,1,4.0,0.30235722752188393,0.040586233139038086
0,1,4.0,0.22744789039827035,0.8229544758796692
0,1,4.0,0.0002375943835816089,0.0058052116073668
0,1,4.0,0.0005274418987173068,0.003059323178604245
0,1,4.0,0.006623758598725432,0.003079765709117055
0,1,4.0,0.0002808493521226771,0.0018576759612187743
0,1,4.0,0.0004932180421456766,0.005593496840447187
0,1,4.0,0.049804632749654854,0.39910244941711426
0,1,4.0,0.0022094426327750375,0.006072690710425377
0,1,4.0,0.0010297707528330556,0.004149558488279581
0,1,4.0,0.0006868115075608637,0.0055829850025475025
0,1,4.0,0.003627933751029773,0.018360938876867294
0,1,4.0,0.07489834822616707,0.23033978044986725
1,1,4.0,0.9811894840964942,0.990990161895752
0,1,4.0,0.2546089761906069,0.1207435354590416
0,1,4.0,0.036295388271500334,0.021692918613553047
0,1,4.0,0.0007768748622158935,0.003068992169573903
0,1,4.0,0.0184559724365326,0.0019484700169414282
0,1,4.0,0.0002625356365213633,0.00704306922852993
1,1,4.0,0.9461289462390414,0.9973050355911255
0,1,4.0,0.00010902025792415954,0.00478976359590888
0,1,4.0,0.0027151015844492114,0.003935536369681358
0,1,4.0,0.00024701556900483344,0.0030210555996745825
0,1,4.0,0.0016248379377543927,0.005703340284526348
0,1,4.0,0.00035915777507865596,0.00632007559761405
0,1,4.0,0.07189387421905384,0.44657349586486816
1,1,4.0,0.013171493995151929,0.004923227708786726
0,1,4.0,9.857137742878288e-05,0.0030301203951239586
0,1,4.0,0.08887013097087064,0.10339381545782089
0,1,4.0,0.0003735360275314876,0.0018366341246291995
0,1,4.0,0.9806585270791747,0.9955718517303467
1,1,4.0,0.2829837827346683,0.007321918848901987
1,1,4.0,0.9956734102224308,0.9956218600273132
0,1,4.0,6.916100603449666e-05,0.004576696082949638
0,1,4.0,0.0031417170735302032,0.0031153967138379812
0,1,4.0,0.009453500091963154,0.003960377536714077
0,1,4.0,0.007474759028001054,0.004748139530420303
0,1,4.0,0.0019490770812951945,0.007011622190475464
1,1,4.0,0.9998869579373055,0.9976691603660583
0,1,4.0,0.0003825693846981431,0.0019040376646444201
0,1,4.0,0.00033460034198463885,0.001779202721081674
0,1,4.0,0.09133748723773231,0.08867980539798737
0,1,4.0,0.005813716917825758,0.006361812818795443
0,1,4.0,0.04548752507969741,0.3010559380054474
0,1,4.0,0.0005614539787470353,0.0018263872480019927
0,1,4.0,0.9561091874787364,0.13510799407958984
0,1,4.0,0.0023950512726259683,0.002110418863594532
0,1,4.0,0.9010169139480031,0.9967361092567444
0,1,4.0,0.49475460659897164,0.006679454818367958
1,1,4.0,0.9987519007182122,0.9961983561515808
0,1,4.0,0.00596613933839433,0.014172912575304508
1,1,4.0,0.9862872694981053,0.9977123737335205
0,1,4.0,8.205486984710306e-05,0.004085552413016558
0,1,4.0,0.0007802652973481414,0.003096193540841341
1,1,4.0,0.9943856087580083,0.9909899234771729
1,1,4.0,0.4249884875750421,0.9853447079658508
1,1,4.0,0.05691156245326387,0.03377276659011841
0,1,4.0,0.00405789968490975,0.001782296341843903
0,1,4.0,6.617137276267573e-05,0.001932589104399085
0,1,4.0,0.0015723927082820113,0.006355597637593746
0,1,4.0,0.23322423317396704,0.00352863734588027
0,1,4.0,0.0011219951918092787,0.001794193172827363
0,1,4.0,0.00036522249357506483,0.001789407804608345
0,1,4.0,0.0003764900579886587,0.0018946030177175999
0,1,4.0,0.21137242359103553,0.20202989876270294
0,1,4.0,0.15666942307021017,0.0810457170009613
1,1,4.0,0.9994114062888256,0.9955244064331055
0,1,4.0,0.005040354135208994,0.0018927751807495952
1,1,4.0,0.9872158722918997,0.9868100881576538
1,1,4.0,0.005149432594094233,0.0019396168645471334
0,1,4.0,0.012601588365799696,0.0018393269274383783
0,1,4.0,0.8008971824361896,0.8970483541488647
0,1,4.0,0.01865932279870516,0.0018385332077741623
0,1,4.0,0.0044613189985548566,0.005636732093989849
1,1,4.0,0.999631634152755,0.9958315491676331
1,1,4.0,0.9246342550094641,0.9804068207740784
1,1,4.0,0.9927596709641247,0.9960694313049316
1,1,4.0,0.3395979256010136,0.5929840803146362
1,1,4.0,0.8753241833718675,0.9864776134490967
0,1,4.0,0.049510611042155525,0.8451510667800903
0,1,4.0,0.0039490260997046235,0.01196100190281868
0,1,4.0,0.0043723540540931746,0.002738465089350939
0,1,4.0,0.00017514209165210698,0.005908539518713951
0,1,4.0,0.00030553035733205623,0.0020390800200402737
0,1,4.0,0.0011012253590920484,0.00555433752015233
0,1,4.0,0.0037370855201078806,0.003890041261911392
0,1,4.0,0.00013178197849766145,0.003807618049904704
0,1,4.0,0.0025050672840003334,0.006290617398917675
0,1,4.0,0.029392202806805576,0.8077325820922852
0,1,4.0,0.0023759979508205524,0.008020653389394283
0,1,4.0,0.0005844646234391882,0.00380609929561615
0,1,4.0,0.00211514139592931,0.0077511016279459
1,1,4.0,0.6640497027888088,0.9794450402259827
0,1,4.0,0.0003457919424652984,0.005590558983385563
0,1,4.0,0.03358340719976461,0.024978624656796455
0,1,4.0,0.08849101467681103,0.5126355886459351
0,1,4.0,0.018388057124698078,0.01168341375887394
0,1,4.0,0.013778686897296265,0.0038644170854240656
0,1,4.0,0.007394850299315553,0.0035695284605026245
0,1,4.0,0.004723677942184405,0.007320830132812262
0,1,4.0,5.7858342409030506e-05,0.005709395743906498
0,1,4.0,0.0013554974185902061,0.0018560269381850958
0,1,4.0,0.5294994877636712,0.3199303150177002
0,1,4.0,0.0002233360392824899,0.004075015429407358
0,1,4.0,0.06131867114686024,0.8236930966377258
0,1,4.0,0.6356597652362425,0.15947279334068298
0,1,4.0,0.004250411235306261,0.006431508809328079
0,1,4.0,0.0012885650988220102,0.0033291326835751534
1,1,4.0,0.9762342409268243,0.997232973575592
0,1,4.0,0.009425975548674146,0.02815750055015087
0,1,4.0,0.001297495698746362,0.005477715749293566
0,1,4.0,0.0013904649196114125,0.005524769891053438
1,1,4.0,0.09947417486189021,0.27892231941223145
1,1,4.0,0.9862994298997435,0.9974483251571655
0,1,4.0,0.3229952762523558,0.3362482488155365
1,1,4.0,0.9969516649923533,0.9927720427513123
1,1,4.0,0.9669792566166576,0.9960361123085022
0,1,4.0,0.015426727368338788,0.005363962613046169
0,1,4.0,0.00028446782827964544,0.0038479722570627928
0,1,4.0,0.0002353579134133711,0.0020257746800780296
0,1,4.0,0.001923103156921509,0.0018140095053240657
1,1,4.0,0.967611194795004,0.9716140627861023
0,1,4.0,0.01886865659690441,0.04238896071910858
0,1,4.0,0.0006522079253671064,0.005564228631556034
0,1,4.0,0.24318520234470162,0.1457267701625824
0,1,4.0,0.03650690803924401,0.12238267809152603
0,1,4.0,0.00046740390155709387,0.0037400757428258657
0,1,4.0,0.0009642644634643543,0.030038505792617798
1,1,4.0,0.9957099554060451,0.9845683574676514
0,1,4.0,0.0008678587537290397,0.005533658433705568
0,1,4.0,0.001276574318854168,0.004698374308645725
0,1,4.0,0.0004357391396742833,0.002991860033944249
0,1,4.0,0.00017691138996801868,0.0019357557175680995
0,1,4.0,0.0006461210960730647,0.005889423657208681
0,1,4.0,0.0007064798178592066,0.0030448080506175756
1,1,4.0,0.6167973621399697,0.9938704967498779
0,1,4.0,0.00016635111453038826,0.005605571903288364
0,1,4.0,0.0001713376074574352,0.003812146605923772
0,1,4.0,0.004002258098514436,0.0060122376307845116
0,1,4.0,0.021307233481282602,0.5581651926040649
1,1,4.0,0.998557620178452,0.9960175156593323
0,1,4.0,0.001349694289746779,0.00391910457983613
0,1,4.0,0.3635155431586726,0.9368810653686523
1,1,4.0,0.9605146494760899,0.8865407109260559
1,1,4.0,0.6571669575424811,0.9869652986526489
0,1,4.0,6.696725893441303e-05,0.00416781147941947
1,1,4.0,0.9963794230152448,0.9663514494895935
0,1,4.0,0.013035155951463224,0.006371073890477419
0,1,4.0,0.8093081607727556,0.9944325089454651
1,1,4.0,0.6400196075507435,0.3021184504032135
0,1,4.0,0.009881942317431737,0.02042268216609955
1,1,4.0,0.1747651841674297,0.544102132320404
0,1,4.0,0.0008664888868040015,0.009228236973285675
1,1,4.0,0.9946936192105325,0.9964026212692261
0,1,4.0,0.0018418970365536894,0.004101206548511982
0,1,4.0,0.6115901808329613,0.35914430022239685
0,1,4.0,0.0003351605578848422,0.0017766858218237758
0,1,4.0,0.02885515668559791,0.0631808415055275
0,1,4.0,0.0007192216018220513,0.0058616893365979195
0,1,4.0,0.0001081400246900122,0.0031945626251399517
1,1,4.0,0.9603332730988952,0.917582094669342
1,1,4.0,0.9904658153991956,0.9958666563034058
0,1,4.0,0.0002969044248977975,0.0019237137166783214
0,1,4.0,0.007835023201037978,0.01555466279387474
1,1,4.0,0.9974665435778302,0.9941012263298035
0,1,4.0,0.023127890315290833,0.0907573476433754
1,1,4.0,0.97815023450537,0.9691850543022156
1,1,4.0,0.9869470985907428,0.992280125617981
0,1,4.0,0.01103459492908731,0.008096134290099144
1,1,4.0,0.40066155680966786,0.4721919000148773
0,1,4.0,0.007769066385505619,0.07409591972827911
0,1,4.0,0.0030810021965308426,0.001956082182005048
1,1,4.0,0.9993701093137461,0.9959611296653748
0,1,4.0,0.0015617668923790168,0.0018565376522019506
0,1,4.0,2.4333198652612842e-05,0.004630977287888527
0,1,4.0,0.012760993086800574,0.0018582462798804045
1,1,4.0,0.9952380177471875,0.9953705668449402
0,1,4.0,0.014304467949917148,0.08328574895858765
0,1,4.0,0.0005391366578331789,0.005440809763967991
0,1,4.0,0.0005282627879506701,0.005700080189853907
0,1,4.0,0.006309317675675455,0.0050847795791924
0,1,4.0,0.0005677779498208136,0.0021707904525101185
0,1,4.0,0.025691709313236867,0.016455799341201782
1,1,4.0,0.9373700974309003,0.9891796112060547
0,1,4.0,0.0029708280117485336,0.0051397038623690605
0,1,4.0,0.537360076936226,0.44202253222465515
1,1,4.0,0.8889487505342416,0.9140669107437134
1,1,4.0,0.585404223336581,0.995857298374176
0,1,4.0,0.06131583556944163,0.04455266520380974
0,1,4.0,0.0002317838559879037,0.004756477195769548
1,1,4.0,0.6935839313911505,0.26541557908058167
0,1,4.0,0.00041885179499759996,0.004666821099817753
0,1,4.0,0.00034657123825989917,0.002027129754424095
0,1,4.0,0.00031183237296963153,0.003148649586364627
0,1,4.0,0.0006893131818150634,0.0037054794374853373
0,1,4.0,0.0005441316797343792,0.0037376831751316786
0,1,4.0,2.2212620968408482e-05,0.0038364743813872337
0,1,4.0,0.012932643655712938,0.008106939494609833
0,1,4.0,0.0001763466704067037,0.0052986969240009785
0,1,4.0,0.48735144289087773,0.8867633938789368
0,1,4.0,0.07706274624039042,0.353939414024353
0,1,4.0,0.4166006239084566,0.4415692687034607
0,1,4.0,0.10117184194480237,0.23875926434993744
1,1,4.0,0.9997354267199805,0.9959625601768494
0,1,4.0,0.5122807094534297,0.1941688060760498
0,1,4.0,0.01314846837467567,0.0033351487945765257
0,1,4.0,0.003926422946609986,0.00391005864366889
0,1,4.0,0.0015976745503128282,0.005950555671006441
0,1,4.0,0.0021197995636124366,0.0038561620749533176
0,1,4.0,0.00020914131671714585,0.001830540131777525
0,1,4.0,0.0017222684789151752,0.001803544000722468
1,1,4.0,0.9999649295856924,0.9940594434738159
1,1,4.0,0.9993908002532883,0.9962115287780762
1,1,4.0,0.9075873093847334,0.9901097416877747
0,1,4.0,0.0017843539110265244,0.005813132505863905
1,1,4.0,0.825810802971591,0.7334267497062683
0,1,4.0,0.0008543450419620616,0.006635704077780247
0,1,4.0,0.10424631926615842,0.9969731569290161
0,1,4.0,0.0006589890593360602,0.004077198915183544
0,1,4.0,0.0002965039878538915,0.004668835084885359
0,1,4.0,0.001980485648483619,0.003956617321819067
1,1,4.0,0.8657042270965136,0.9915886521339417
0,1,4.0,0.0002284697178924663,0.0031427103094756603
0,1,4.0,0.00031228627556033453,0.003070689272135496
0,1,4.0,0.013074941520998116,0.008249261416494846
0,1,4.0,0.000550976297560093,0.003785313805565238
0,1,4.0,0.0002156169093201671,0.0029789740219712257
0,1,4.0,0.3591235306015934,0.4233877956867218
0,1,4.0,4.7876147881352157e-05,0.003762052394449711
0,1,4.0,0.057746654427908564,0.00943742971867323
0,1,4.0,0.08217294041685445,0.0628763809800148
1,1,4.0,0.9997416908081147,0.9940876960754395
1,1,4.0,0.9998715366309846,0.9959073066711426
0,1,4.0,0.0007674083314880414,0.00466780923306942
1,1,4.0,0.9999435485857648,0.9961458444595337
0,1,4.0,0.001243022621780357,0.0030468208715319633
0,1,4.0,7.493307727344643e-05,0.005799861624836922
0,1,4.0,0.0069610385782592505,0.02509598806500435
0,1,4.0,0.4234072247828077,0.9803445339202881
1,1,4.0,0.9997812200077913,0.9977438449859619
0,1,4.0,0.0046902219318708275,0.006878560408949852
0,1,4.0,0.014619497821896924,0.004892164841294289
1,1,4.0,0.9998768938119416,0.9938124418258667
0,1,4.0,0.0071605955915579,0.7970197200775146
0,1,4.0,0.001399024521301599,0.004152556881308556
1,1,4.0,0.7532866061723342,0.011743360199034214
0,1,4.0,0.0009680140576706233,0.0017699432792142034
0,1,4.0,0.06454085795951078,0.5726848840713501
0,1,4.0,3.5246917437162394e-05,0.004715501330792904
1,1,4.0,0.9984579636827191,0.9962530136108398
1,1,4.0,0.9803711843634064,0.9931120276451111
1,1,4.0,0.8640041598440735,0.9505295753479004
0,1,4.0,0.00035747105968532476,0.004667193628847599
1,1,4.0,0.9854371977402063,0.9972255825996399
1,1,4.0,0.8811359069026817,0.5547957420349121
0,1,4.0,0.034145620775498986,0.23562496900558472
0,1,4.0,0.0671331163361881,0.4094465374946594
0,1,4.0,0.0013475161164754677,0.006118902936577797
1,1,4.0,0.9994771633646415,0.9977472424507141
0,1,4.0,0.0003599999934843884,0.0031791029032319784
0,1,4.0,0.006123816661880832,0.011893630027770996
0,1,4.0,0.0001914637615387717,0.004544418305158615
0,1,4.0,0.061464955687901376,0.44015538692474365
0,1,4.0,0.003447414991117733,0.004366638138890266
0,1,4.0,0.006335194667694275,0.0018717963248491287
0,1,4.0,0.006982300289408897,0.005756318103522062
1,1,4.0,0.9037208498956676,0.9969165325164795
0,1,4.0,0.006167598401521401,0.009727111086249352
0,1,4.0,0.37026164017638374,0.048862576484680176
0,1,4.0,0.000591134517352784,0.00392200006172061
0,1,4.0,0.009175510697970976,0.005790317431092262
0,1,4.0,0.000879074378842336,0.005910418927669525
0,1,4.0,0.0031367275494522885,0.005521351937204599
0,1,4.0,0.004875190912663436,0.006275252439081669
0,1,4.0,0.000176871386471734,0.0033676556777209044
1,1,4.0,0.9986236865553022,0.997657060623169
0,1,4.0,0.3335631910549252,0.2680288851261139
0,1,4.0,0.00010655106571581235,0.003822654951363802
0,1,4.0,0.012697031224546147,0.005914295092225075
0,1,4.0,0.09938039814210535,0.011867208406329155
0,1,4.0,0.04421036598214985,0.004907961934804916
0,1,4.0,0.00047501709860823995,0.005841766018420458
1,1,4.0,0.9996789460165325,0.9961780309677124
0,1,4.0,5.76162207896997e-05,0.0031448998488485813
1,1,4.0,0.9927781131240013,0.9976111650466919
0,1,4.0,0.0036364801523038207,0.006720175035297871
0,1,4.0,0.007191681106073893,0.23150812089443207
0,1,4.0,0.005140089871143071,0.007201355416327715
0,1,4.0,0.6537454535280696,0.9734198451042175
0,1,4.0,0.7672939860407176,0.9468268752098083
0,1,4.0,0.0011433257731337174,0.00645556952804327
0,1,4.0,7.32669511976242e-05,0.0031640096567571163
1,1,4.0,0.997461257399351,0.9977074861526489
1,1,4.0,0.9221371982391035,0.9888239502906799
1,1,4.0,0.907474700139515,0.9820614457130432
1,1,4.0,0.9997356666932681,0.9955102205276489
0,1,4.0,0.0018370172481777922,0.0038664534222334623
0,1,4.0,0.00011208773007224688,0.0057379319332540035
0,1,4.0,0.00833555547545524,0.01455562561750412
0,1,4.0,0.0018830582789578101,0.001963963033631444
0,1,4.0,0.0002155278909903762,0.0019320114515721798
0,1,4.0,0.0003891227471386423,0.005595714319497347
0,1,4.0,6.695101010302081e-05,0.003781302599236369
1,1,4.0,0.22473294978938382,0.10861052572727203
0,1,4.0,0.04781246675885024,0.002582647604867816
0,1,4.0,0.00023797298179359212,0.009755464270710945
0,1,4.0,0.00040222456501101645,0.00476590171456337
1,1,4.0,0.9989867715745482,0.9958393573760986
0,1,4.0,0.00022401826730085128,0.0018261029617860913
1,1,4.0,0.7493294716664729,0.0033076179679483175
1,1,4.0,0.7491323842570354,0.6776995062828064
1,1,4.0,0.9999010389559059,0.997661828994751
1,1,4.0,0.9986153451892513,0.9960467219352722
0,1,4.0,0.0017442486079515694,0.005992056801915169
1,1,4.0,0.9998601887901066,0.995996356010437
0,1,4.0,0.008452286316478711,0.009017828851938248
0,1,4.0,0.20721066537469077,0.12448235601186752
0,1,4.0,6.034860443885904e-05,0.00521406764164567
0,1,4.0,0.0006886799152438647,0.0062582846730947495
0,1,4.0,2.3688313716324353e-05,0.005639167036861181
0,1,4.0,0.01147872066751783,0.00193495349958539
0,1,4.0,0.0018392992014559415,0.0018908133497461677
0,1,4.0,0.0009579447421300856,0.0018210670677945018
0,1,4.0,0.011698839157559723,0.00396644277498126
0,1,4.0,0.0012176957089161705,0.0038622512947767973
0,1,4.0,0.0021981692667850934,0.005714335013180971
0,1,4.0,0.5431577804335656,0.9756687879562378
0,1,4.0,0.20571656974704802,0.3348498046398163
0,1,4.0,0.047495779486021704,0.10648630559444427
0,1,4.0,0.001345089974365195,0.0018906613113358617
0,1,4.0,0.014669336643439237,0.34189534187316895
1,1,4.0,0.9815081597024035,0.990646243095398
0,1,4.0,0.00020720686926237503,0.0017943376442417502
0,1,4.0,0.0003915780069578438,0.003953786101192236
0,1,4.0,0.001372765290094396,0.005845564417541027
1,1,4.0,0.997564685626404,0.9957626461982727
0,1,4.0,0.0006398573234908276,0.0018333450425416231
1,1,4.0,0.9998183481219239,0.9958425164222717
0,1,4.0,0.022351753854340586,0.015574447810649872
0,1,4.0,0.011838370755422564,0.011586151085793972
1,1,4.0,0.7518512614040184,0.9938666224479675
1,1,4.0,0.9999005430083527,0.993630588054657
0,1,4.0,0.0001233706457848505,0.00604447303339839
0,1,4.0,0.0050598044921631655,0.017718812450766563
0,1,4.0,0.00043019927623380637,0.005573909264057875
0,1,4.0,0.00043635114035982166,0.003083126386627555
1,1,4.0,0.6627206575712024,0.4315544366836548
0,1,4.0,0.0001957415207621608,0.004655050113797188
1,1,4.0,0.9947312665887432,0.9971370697021484
0,1,4.0,0.0033036080889445266,0.017005417495965958
0,1,4.0,0.00588568149505534,0.0018192720599472523
0,1,4.0,0.014694245589009324,0.06328722834587097
1,1,4.0,0.9898331030726504,0.9972865581512451
1,1,4.0,0.6800601547194327,0.10807652026414871
0,1,4.0,0.00021246134762850305,0.005671793129295111
0,1,4.0,0.001931068376676129,0.005830442067235708
1,1,4.0,0.5099440120069234,0.2795582711696625
1,1,4.0,0.40903110903162404,0.9960259199142456
1,1,4.0,0.9637000114385451,0.9944053888320923
0,1,4.0,0.019333194184644055,0.09766941517591476
0,1,4.0,0.00013208509561311304,0.004257201682776213
0,1,4.0,0.022281566564354108,0.006622648332268
0,1,4.0,0.037853923233879,0.002199034206569195
0,1,4.0,0.014677450250335657,0.25171560049057007
1,1,4.0,0.04392699611929702,0.023742564022541046
0,1,4.0,0.034299893246089015,0.0020126078743487597
0,1,4.0,0.00027540055357354705,0.0032932220492511988
0,1,4.0,0.05462614697223568,0.013524532318115234
0,1,4.0,0.003962767708216979,0.006736560724675655
0,1,4.0,0.0030177745938433334,0.0019238977693021297
0,1,4.0,6.96391873105382e-05,0.0067372373305261135
1,1,4.0,0.6951301139507267,0.6569883823394775
1,1,4.0,0.014605116909708133,0.005892115645110607
0,1,4.0,0.002184505075645358,0.019041117280721664
1,1,4.0,0.9996238167409308,0.9958602786064148
1,1,4.0,0.9978390836696704,0.9825504422187805
0,1,4.0,0.00031264759559731234,0.003095329739153385
0,1,4.0,0.0036425759525186598,0.008183314464986324
0,1,4.0,0.078089162514106,0.005240430124104023
0,1,4.0,0.00042193742861091385,0.003761395113542676
0,1,4.0,0.0002638065325995136,0.0032082514371722937
1,1,4.0,0.0018859421569156316,0.005082561168819666
0,1,4.0,0.00025964107649856114,0.0030817168299108744
0,1,4.0,0.0001429921242331853,0.004788842983543873
0,1,4.0,0.0016870927358638632,0.007196025922894478
1,1,4.0,0.9919801082000258,0.9975307583808899
0,1,4.0,0.00028999833156404675,0.004767539445310831
1,1,4.0,0.9999032732253382,0.9957156777381897
0,1,4.0,0.00012987937708694062,0.003301066579297185
0,1,4.0,0.9987033696828258,0.9964154958724976
1,1,4.0,0.9955120131470229,0.991999089717865
0,1,4.0,0.0013045494411460029,0.003779416671022773
0,1,4.0,0.20380647055329026,0.4409707486629486
1,1,4.0,0.4843000683409497,0.7107183933258057
0,1,4.0,0.00010416292879372772,0.0020029176957905293
0,1,4.0,0.0002555423232520974,0.004552507773041725
0,1,4.0,0.04011876161226902,0.4716007709503174
0,1,4.0,0.00014281763356405514,0.003891146741807461
0,1,4.0,0.00021625429792582125,0.002212890423834324
0,1,4.0,0.19628103216420187,0.20863106846809387
1,1,4.0,0.4342875408801851,0.19839106500148773
0,1,4.0,0.00362459115066125,0.00298016844317317
1,1,4.0,0.9958941065110118,0.9922518134117126
0,1,4.0,0.00837996879772673,0.03199959546327591
0,1,4.0,0.008277994892669836,0.005123034119606018
0,1,4.0,0.0016395346075381589,0.0018644725205376744
1,1,4.0,0.9952110624718421,0.9939919114112854
1,1,4.0,0.9992594802815861,0.9955315589904785
1,1,4.0,0.9987041026834449,0.9936370849609375
0,1,4.0,0.08449315346497131,0.28208839893341064
0,1,4.0,0.0003844674758023918,0.0033395609352737665
1,1,4.0,0.919093784331655,0.9968200922012329
0,1,4.0,0.017919922328579575,0.004784701857715845
1,1,4.0,0.997390937909145,0.979124128818512
1,1,4.0,0.939408170268245,0.9948912858963013
0,1,4.0,0.0013679511710328407,0.0017904371488839388
0,1,4.0,3.693708619324907e-05,0.003203816944733262
0,1,4.0,0.003560986784967841,0.003828668035566807
0,1,4.0,0.0003292232037774686,0.0038283986505120993
0,1,4.0,0.00020334541536821046,0.0018842564895749092
0,1,4.0,0.053206949081196005,0.01626405119895935
1,1,4.0,0.9960476890948277,0.9960170388221741
0,1,4.0,0.00010902225748347691,0.0019111307337880135
0,1,4.0,0.0089190873754652,0.009910810738801956
1,1,4.0,0.917348413631179,0.6618673205375671
1,1,4.0,0.9999795735398921,0.9954919219017029
0,1,4.0,0.00027664148406928606,0.004835385829210281
0,1,4.0,0.0009456667399138534,0.003871505381539464
0,1,4.0,0.0006834088916897714,0.0031894012354314327
0,1,4.0,0.02996786187937673,0.03113502636551857
0,1,4.0,0.00040152008880670135,0.0030654924921691418
0,1,4.0,0.00020492430825423853,0.003898957511410117
0,1,4.0,0.005272566081469782,0.0044896868057549
1,1,4.0,0.9731343981139843,0.9790548086166382
1,1,4.0,0.999801636340947,0.9957664012908936
0,1,4.0,0.009166328729467913,0.2688335180282593
0,1,4.0,0.001977500234845391,0.003948340658098459
0,1,4.0,0.006512703493477658,0.007333062589168549
1,1,4.0,0.939287672918078,0.8901877999305725
1,1,4.0,0.9835317777386494,0.9966492056846619
0,1,4.0,0.001166561736308865,0.004658067133277655
0,1,4.0,0.0005395135969474986,0.006909584626555443
0,1,4.0,0.0016981345564638015,0.058935780078172684
0,1,4.0,0.044307168260204206,0.002181319985538721
1,1,4.0,0.0018095967870058265,0.0026482590474188328
0,1,4.0,0.0007506290102136957,0.003132945392280817
0,1,4.0,0.12233403867616238,0.03474177047610283
1,1,4.0,0.821004689077531,0.9959990978240967
1,1,4.0,0.9998569312753919,0.9964279532432556
1,1,4.0,0.21280927671901567,0.49518463015556335
0,1,4.0,0.0003146363332253584,0.003174256067723036
1,1,4.0,0.08471108553651939,0.2969913184642792
0,1,4.0,0.01778174465920883,0.0057128239423036575
0,1,4.0,0.0014755635021644574,0.005757442209869623
0,1,4.0,6.494682717709057e-05,0.004604514222592115
1,1,4.0,0.9964007551354225,0.997729480266571
0,1,4.0,0.00038071867527141165,0.005603063385933638
0,1,4.0,0.00019216026140605173,0.0050754426047205925
0,1,4.0,0.00019401277478129077,0.004699304234236479
0,1,4.0,0.00011801308201676051,0.003902164287865162
0,1,4.0,0.0021552203158501557,0.006145019084215164
1,1,4.0,0.8830975393262654,0.9958797693252563
0,1,4.0,0.00028707794509459547,0.0018832972273230553
0,1,4.0,0.19354633783264016,0.026625817641615868
1,1,4.0,0.9769532337949055,0.9931185245513916
1,1,4.0,0.9969288959827275,0.9384925961494446
1,1,4.0,0.40882760000935114,0.9843055009841919
0,1,4.0,0.07096124311017282,0.0059573231264948845
0,1,4.0,0.0033837284134642306,0.008588984608650208
0,1,4.0,7.109572879692599e-05,0.004546386189758778
0,1,4.0,0.00043347636833075475,0.005147384479641914
1,1,4.0,0.37407072488197446,0.7174381017684937
1,1,4.0,0.08648073614011184,0.6669440865516663
1,1,4.0,0.9991043883326867,0.9962142109870911
1,1,4.0,0.3132360907755749,0.7427104115486145
1,1,4.0,0.3342508371018945,0.5079472661018372
0,1,4.0,0.04713352862974292,0.008100987412035465
0,1,4.0,7.085673424216886e-05,0.0031079831533133984
1,1,4.0,0.9917469419113336,0.9933619499206543
0,1,4.0,0.0031857319982954986,0.003818032331764698
0,1,4.0,0.03180020178354838,0.7451080083847046
0,1,4.0,0.00016321363892497364,0.0030472639482468367
0,1,4.0,0.00011835225572234291,0.0042597451247274876
0,1,4.0,5.229316909382958e-05,0.0043396614491939545
0,1,4.0,0.0001327035878391904,0.0038513150066137314
1,1,4.0,0.9999585300023426,0.9976477026939392
0,1,4.0,0.26814892061044615,0.02311161905527115
0,1,4.0,0.7004373320367309,0.9281860589981079
0,1,4.0,0.0008478335722164098,0.001979028107598424
1,1,4.0,0.9872912112058521,0.9938459992408752
1,1,4.0,0.9781319057223857,0.9443493485450745
0,1,4.0,0.16414328333791064,0.008945589885115623
0,1,4.0,0.5848004993735579,0.9794355630874634
1,1,4.0,0.4881169280968527,0.9423280358314514
0,1,4.0,0.000233997669287608,0.005616187117993832
0,1,4.0,0.0011461560194446104,0.003909620456397533
1,1,4.0,0.45640073301696354,0.9704649448394775
0,1,4.0,0.08758768377675731,0.07442642748355865
0,1,4.0,0.0009361995593464205,0.005011049564927816
0,1,4.0,0.05319911709368777,0.2242371141910553
1,1,4.0,0.9881686615805588,0.971350371837616
0,1,4.0,0.14449612939596493,0.0951639786362648
1,1,4.0,0.9190162231410604,0.9857485890388489
0,1,4.0,0.00043859419988148766,0.001914737862534821
1,1,4.0,0.2184710071461759,0.3155903220176697
0,1,4.0,0.0018801839954352927,0.005626571364700794
0,1,4.0,0.002251977651064926,0.003479680744931102
0,1,4.0,0.003037462226295453,0.003342320444062352
0,1,4.0,0.005397636978481749,0.004916464909911156
0,1,4.0,0.00030301391359274457,0.004796293564140797
0,1,4.0,0.0524005857439554,0.7640117406845093
0,1,4.0,0.008357232373236344,0.007059997413307428
0,1,4.0,0.006931978556327384,0.962384045124054
0,1,4.0,0.0006127632052065193,0.001887042191810906
1,1,4.0,0.04174406993783049,0.04334944114089012
0,1,4.0,0.000982251025245642,0.0017490957397967577
1,1,4.0,0.6351600519802924,0.7804364562034607
1,1,4.0,0.12259161636972658,0.008751148357987404
0,1,4.0,0.028021419563996404,0.05415693297982216
0,1,4.0,7.123768656149537e-05,0.0033317694906145334
1,1,4.0,0.9986174791461992,0.9959627985954285
1,1,4.0,0.005250760198054309,0.006170766893774271
0,1,4.0,0.0015945309697150856,0.006178854499012232
0,1,4.0,0.0002468175577475533,0.005679728928953409
0,1,4.0,0.0015191307934039418,0.004783800337463617
1,1,4.0,0.6881077756280561,0.5335007309913635
0,1,4.0,0.0030768551793212318,0.0030173268169164658
1,1,4.0,0.998168375673466,0.9976342916488647
0,1,4.0,0.00012179137859880821,0.0038648354820907116
1,1,4.0,0.3363601671339861,0.07062933593988419
0,1,4.0,0.0002531554212680654,0.0037765379529446363
0,1,4.0,0.0016305714583258004,0.0052711451426148415
0,1,4.0,0.0010295194481570538,0.0018158581806346774
0,1,4.0,0.00011542458384779267,0.003914275206625462
0,1,4.0,0.0008598032981815623,0.003087130142375827
0,1,4.0,0.0003625290324175055,0.005623613949865103
0,1,4.0,0.0009899022423874853,0.00692781712859869
1,1,4.0,0.9999593789804753,0.9957929849624634
0,1,4.0,0.6386525126724376,0.9959207773208618
1,1,4.0,0.9836283576484972,0.9892444610595703
0,1,4.0,0.003956913100515621,0.0022264057770371437
0,1,4.0,0.0014644019175841406,0.011625128798186779
0,1,4.0,0.005605200801522991,0.00406715227290988
0,1,4.0,0.010328100187269935,0.0020562782883644104
0,1,4.0,0.009965669023226105,0.00628797709941864
0,1,4.0,0.00045897143333462526,0.004610464908182621
1,1,4.0,0.9991090209358912,0.9935437440872192
1,1,4.0,0.9921102497192367,0.8979015946388245
0,1,4.0,0.0034748980249160798,0.007445736322551966
0,1,4.0,0.0002802617762668921,0.0017897281795740128
1,1,4.0,0.99997740164426,0.993690013885498
1,1,4.0,0.9977293970110975,0.9961634874343872
1,1,4.0,0.9997507063128414,0.9956172704696655
0,1,4.0,0.07393449303810865,0.007513098418712616
0,1,4.0,0.060408941626273915,0.7052141427993774
0,1,4.0,0.0422044080487169,0.5807073712348938
0,1,4.0,0.3145401928369268,0.014507641084492207
0,1,4.0,0.06509386302217991,0.02555578388273716
1,1,4.0,0.999585224233362,0.9939974546432495
0,1,4.0,4.4603635084253056e-05,0.0026160343550145626
0,1,4.0,0.00037908817528649476,0.0037385765463113785
0,1,4.0,0.00025414233113600686,0.005613549146801233
0,1,4.0,0.20611129881251916,0.02168983407318592
0,1,4.0,0.01883996048956411,0.004141692072153091
0,1,4.0,0.007690546079519059,0.015540780499577522
0,1,4.0,0.0025239720605256862,0.004318953026086092
1,1,4.0,0.8830292640598469,0.9952111840248108
0,1,4.0,0.008219993525773043,0.003834508592262864
0,1,4.0,0.0001440883334060784,0.0057523432187736034
1,1,4.0,0.9489518771516386,0.9695666432380676
0,1,4.0,0.011634541284345639,0.05532395839691162
0,1,4.0,0.157676323480916,0.8296108245849609
1,1,4.0,0.9975644688050672,0.9938219785690308
1,1,4.0,0.9999630484631749,0.9958399534225464
0,1,4.0,0.0005936670126338144,0.005314216483384371
1,1,4.0,0.9809189623394846,0.9901230931282043
0,1,4.0,0.004033543557740039,0.0031214801128953695
0,1,4.0,0.0002645259317304982,0.0017798312474042177
1,1,4.0,0.9998490328553801,0.9977037310600281
1,1,4.0,0.9925458329214507,0.985268235206604
0,1,4.0,0.09218705149433638,0.15930646657943726
0,1,4.0,0.00021867544023518036,0.005679131019860506
0,1,4.0,0.2334732859090744,0.6788569092750549
1,1,4.0,0.9964175363344309,0.9976251721382141
0,1,4.0,0.0004200988861538704,0.005700431764125824
0,1,4.0,0.00030672597609903573,0.0055112154223024845
0,1,4.0,0.0006828177140539145,0.0018764390842989087
1,1,4.0,0.020057785816364897,0.004590985830873251
0,1,4.0,0.005217528185071317,0.008248020894825459
0,1,4.0,0.27547683902374187,0.3500673174858093
1,1,4.0,0.46375354402734537,0.19984449446201324
0,1,4.0,8.712113941240894e-05,0.005561210680752993
0,1,4.0,0.0007192702007932381,0.003279447788372636
0,1,4.0,0.00760460984203236,0.48146766424179077
1,1,4.0,0.9999823933454098,0.9939603805541992
1,1,4.0,0.13860383345147775,0.08782901614904404
1,1,4.0,0.9467337002630865,0.9922383427619934
0,1,4.0,0.0002448049682807373,0.004636884666979313
0,1,4.0,0.009595766686514105,0.03239811956882477
0,1,4.0,0.00032188198440229074,0.003748676273971796
0,1,4.0,0.00041831892541457206,0.006487824022769928
0,1,4.0,0.001980416615030185,0.006286538206040859
0,1,4.0,0.0015848015103045602,0.0017871367745101452
0,1,4.0,0.0031274877490073917,0.028788520023226738
0,1,4.0,0.020003107938210696,0.003488972084596753
0,1,4.0,0.002331669133427963,0.01937107928097248
0,1,4.0,0.00012312785195555767,0.004754204768687487
0,1,4.0,0.0005437700561794736,0.004517874680459499
0,1,4.0,0.004015831507266547,0.0039762090891599655
0,1,4.0,0.03308027237022513,0.013451268896460533
1,1,4.0,0.9862752470565828,0.9974552989006042
0,1,4.0,0.07627425573130796,0.016280002892017365
1,1,4.0,0.9798445361319986,0.7324192523956299
0,1,4.0,0.9447707788148196,0.8322173953056335
0,1,4.0,0.028392282332042544,0.005985959433019161
0,1,4.0,0.00024291033285173374,0.0064597465097904205
0,1,4.0,0.006980781424911449,0.02769542671740055
0,1,4.0,0.0007662237712732721,0.00497687142342329
1,1,4.0,0.3993432720501631,0.30042126774787903
1,1,4.0,0.9998890410997938,0.9963876008987427
0,1,4.0,0.017283287799213964,0.003401020308956504
0,1,4.0,0.00014970446551499747,0.005651453509926796
1,1,4.0,0.9998300049639929,0.9962536096572876
1,1,4.0,0.9565042741972317,0.9927876591682434
0,1,4.0,0.0012898102180660261,0.0017801319481804967
1,1,4.0,0.6142277807305799,0.9652296304702759
0,1,4.0,0.0004008103623505823,0.0031462619081139565
0,1,4.0,0.6631056101758687,0.5797229409217834
0,1,4.0,0.0013466726733194442,0.00625419057905674
1,1,4.0,0.8984601402755794,0.9957846999168396
0,1,4.0,0.00018651278786546534,0.002989789703860879
0,1,4.0,0.000303409970473,0.001922589959576726
0,1,4.0,0.000765581030815582,0.0037833217065781355
1,1,4.0,0.9914526613009178,0.9941551089286804
0,1,4.0,0.026102486049939973,0.005996716674417257
1,1,4.0,0.9998442646953949,0.9961563944816589
0,1,4.0,0.02317858251529509,0.001819769968278706
0,1,4.0,0.005232153063025646,0.005363685078918934
0,1,4.0,0.0003704604427841594,0.005461954977363348
1,1,4.0,0.998713511112348,0.9975814819335938
1,1,4.0,0.9834666686023321,0.9709945321083069
0,1,4.0,0.3041760388640109,0.26803460717201233
0,1,4.0,0.0031103440508354467,0.003095544409006834
0,1,4.0,6.753213526172119e-05,0.004685921594500542
0,1,4.0,0.03205578357446896,0.3231712579727173
0,1,4.0,0.0012822319812719849,0.005476858466863632
0,1,4.0,0.03896460756373729,0.013239724561572075
0,1,4.0,0.00046569862786750176,0.0030577427241951227
1,1,4.0,0.9667224279857736,0.9959190487861633
1,1,4.0,0.5671392079874561,0.24399004876613617
1,1,4.0,0.9680932974334954,0.9921660423278809
1,1,4.0,0.7823490706232129,0.9817739129066467
1,1,4.0,0.984538961036395,0.8271158933639526
0,1,4.0,0.00273025250161563,0.002855557482689619
0,1,4.0,0.00033034187446515475,0.0019113535527139902
1,1,4.0,0.2609596855492705,0.9729169011116028
0,1,4.0,0.0006012690997204661,0.0038716010749340057
0,1,4.0,0.012400496283728133,0.009829424321651459
0,1,4.0,0.27390513560259516,0.27318906784057617
1,1,4.0,0.9997244759326589,0.9934729933738708
0,1,4.0,0.02062648254592061,0.34837326407432556
1,1,4.0,0.9481110513163595,0.9229311347007751
0,1,4.0,0.11674542888813651,0.027889661490917206
0,1,4.0,0.009874825482702142,0.008758754469454288
0,1,4.0,0.25609698927665325,0.9524863362312317
1,1,4.0,0.9906108740948163,0.9922810196876526
0,1,4.0,0.022262631696898495,0.006126008927822113
0,1,4.0,0.0005645679507297156,0.001770941074937582
1,1,4.0,0.780508680442488,0.6801283955574036
0,1,4.0,0.2055643248401701,0.6257210373878479
0,1,4.0,9.315464232053752e-05,0.0060769920237362385
1,1,4.0,0.9997166150744851,0.9961223006248474
0,1,4.0,0.5249367621876382,0.2376474291086197
1,1,4.0,0.9990442720409384,0.9975588321685791
0,1,4.0,0.0006053174644535652,0.0038742604665458202
1,1,4.0,0.7097870902128287,0.03541185334324837
0,1,4.0,0.23615253182068446,0.009444337338209152
0,1,4.0,0.0010949981279050158,0.0017805860843509436
0,1,4.0,6.964687366607682e-05,0.0041313813999295235
0,1,4.0,0.0075567307401703315,0.004066830035299063
0,1,4.0,0.004342539894850725,0.0018025555182248354
0,1,4.0,0.0006382045658159877,0.003795923199504614
0,1,4.0,0.00035611538084865594,0.0032048269640654325
0,1,4.0,0.0010587799397016875,0.006552161183208227
1,1,4.0,0.99567756554343,0.9959325194358826
1,1,4.0,0.10284825472136933,0.2905167043209076
0,1,4.0,0.0132648160902582,0.04511071741580963
0,1,4.0,0.0038227283419740308,0.004583737347275019
1,1,4.0,0.9997491376380453,0.9963699579238892
1,1,4.0,0.9967753333003391,0.9976856708526611
1,1,4.0,0.9530054905409676,0.9205132722854614
1,1,4.0,0.44073670685309185,0.9580488801002502
0,1,4.0,9.31108086960655e-05,0.005539333913475275
0,1,4.0,0.004145510985648136,0.002066349843516946
0,1,4.0,0.015445813177264471,0.06950529664754868
0,1,4.0,0.024083448237966893,0.019730260595679283
0,1,4.0,0.150057080097328,0.004510713275521994
0,1,4.0,0.033882472498292585,0.024764409288764
0,1,4.0,0.052207521478856635,0.15656884014606476
0,1,4.0,0.0006749691426647856,0.003545017447322607
1,1,4.0,0.9967614978703002,0.995653510093689
0,1,4.0,0.011592006743581261,0.09581135958433151
0,1,4.0,0.0001915934887161932,0.004192946013063192
0,1,4.0,0.010322292567130461,0.03994688391685486
1,1,4.0,0.9891787036505078,0.9864516258239746
0,1,4.0,0.003173712903941544,0.0018818024545907974
0,1,4.0,0.00010153275856947541,0.0030606104992330074
0,1,4.0,0.0007019047817133776,0.004612373653799295
1,1,4.0,0.2512553631475856,0.39703598618507385
0,1,4.0,9.979734226037309e-05,0.0021309645380824804
0,1,4.0,0.00011568055677349339,0.0037833903916180134
0,1,4.0,3.3189663208010425e-05,0.0019391912501305342
0,1,4.0,0.028171813251835043,0.021668490022420883
0,1,4.0,0.0011721840202482633,0.0037734266370534897
0,1,4.0,0.007605238559630736,0.0018159056780859828
0,1,4.0,0.000621429030688756,0.003988455515354872
1,1,4.0,0.9966082030510209,0.9883904457092285
0,1,4.0,0.0012127796538029432,0.005278383381664753
0,1,4.0,0.0012324225431702596,0.0031003362964838743
1,1,4.0,0.9997557036242352,0.9959444403648376
0,1,4.0,0.009928239220683035,0.0017956637311726809
0,1,4.0,0.06150577116467374,0.28339701890945435
1,1,4.0,0.998977383818954,0.9915902018547058
0,1,4.0,0.004718788665891563,0.001995001221075654
0,1,4.0,0.0008360275373797499,0.005559227894991636
0,1,4.0,0.004582010758387467,0.00258689490146935
0,1,4.0,0.000339653050742366,0.0018824322614818811
1,1,4.0,0.9999260512129303,0.9957414865493774
1,1,4.0,0.9999106208531107,0.9963047504425049
1,1,4.0,0.9380217889646703,0.8822194933891296
1,1,4.0,0.6990817154838876,0.572414219379425
0,1,4.0,0.01039912132398779,0.005574868991971016
0,1,4.0,0.00029622105744814183,0.004577586892992258
0,1,4.0,0.00632173479971775,0.02172851376235485
1,1,4.0,0.9539103651730346,0.9926633834838867
0,1,4.0,0.2715881521500661,0.42299121618270874
0,1,4.0,0.007049899596554371,0.0019800032023340464
0,1,4.0,0.5502506088218538,0.32938694953918457
1,1,4.0,0.995555167747234,0.9976065158843994
1,1,4.0,0.9490755715499083,0.9968081116676331
0,1,4.0,0.06481628516470561,0.056191958487033844
1,1,4.0,0.9941431986882354,0.9976881742477417
1,1,4.0,0.9996680119595421,0.9955577254295349
1,1,4.0,0.9730647905615752,0.9894640445709229
0,1,4.0,0.8149731508709801,0.03374313563108444
1,1,4.0,0.9872458902747497,0.9959050416946411
0,1,4.0,0.8725044459669413,0.6427332758903503
0,1,4.0,0.047093875725650707,0.09868914633989334
0,1,4.0,0.0007587756217493385,0.003113234881311655
1,1,4.0,0.9993750890465143,0.9972894191741943
0,1,4.0,0.03748977831833939,0.0020869015716016293
1,1,4.0,0.8106563428590255,0.9570360779762268
0,1,4.0,0.0016596414137036676,0.022903090342879295
0,1,4.0,0.01170273636286009,0.002546250354498625
1,1,4.0,0.9855098133669427,0.9709700345993042
0,1,4.0,0.00014819013390949848,0.0047362386249005795
1,1,4.0,0.5807919714240458,0.9767600893974304
0,1,4.0,0.001587882208999345,0.0038609602488577366
1,1,4.0,0.9981677088263365,0.9961127638816833
0,1,4.0,0.05142643769010161,0.08647172898054123
1,1,4.0,0.9701767103254224,0.945606529712677
1,1,4.0,0.9999665074461793,0.9963601231575012
0,1,4.0,0.015282489067933027,0.03331916406750679
0,1,4.0,0.002464797470252335,0.005763720721006393
0,1,4.0,0.01765434045165047,0.00901800673455
0,1,4.0,0.021842510215582377,0.0030761316884309053
1,1,4.0,0.9651337313211922,0.9966930150985718
0,1,4.0,0.0006130154985392871,0.0039574443362653255
0,1,4.0,0.001094311573726373,0.0019401819445192814
1,1,4.0,0.9999397417380823,0.9956740736961365
1,1,4.0,0.9866445601742393,0.9962198138237
1,1,4.0,0.9985810855402003,0.9955118298530579
0,1,4.0,0.023444367714068014,0.025508401915431023
0,1,4.0,0.0006750520994053996,0.0030474900268018246
0,1,4.0,0.000113358009300829,0.0020386851392686367
0,1,4.0,0.03011729504358294,0.34446394443511963
1,1,4.0,0.9887440276840282,0.941941499710083
1,1,4.0,0.9999274960592738,0.9976052045822144
0,1,4.0,0.02628293096929173,0.002022817498072982
1,1,4.0,0.998802585907954,0.9954019784927368
0,1,4.0,0.005180223991024018,0.005712100304663181
0,1,4.0,0.0013365985395430038,0.004078215453773737
1,1,4.0,0.11738258632425823,0.9911761283874512
0,1,4.0,0.041028656848800846,0.009317778050899506
1,1,4.0,0.9999708612519783,0.9955075979232788
0,1,4.0,0.0001017837440274668,0.005524290259927511
1,1,4.0,0.002234911615339168,0.012655705213546753
0,1,4.0,0.02046277863890037,0.03062114305794239
0,1,4.0,0.003761817897674885,0.00439579738304019
1,1,4.0,0.9284241303509053,0.8572046160697937
0,1,4.0,0.00034020448449330055,0.004788774531334639
0,1,4.0,0.587332991892042,0.9806772470474243
1,1,4.0,0.9995531339311127,0.9958875775337219
1,1,4.0,0.8591776581387208,0.751692533493042
1,1,4.0,0.7243539793833818,0.2315150797367096
0,1,4.0,0.0025370161740791352,0.002076004631817341
1,1,4.0,0.9995805850446359,0.994510293006897
1,1,4.0,0.9995536300257677,0.9975292086601257
1,1,4.0,0.9878845512076603,0.9915581941604614
0,1,4.0,0.0007152126447716215,0.0020106302108615637
0,1,4.0,0.009856535084794397,0.0018907799385488033
1,1,4.0,0.7056291538936631,0.8191118240356445
0,1,4.0,6.441201744885926e-05,0.0018026764737442136
0,1,4.0,0.00044874584678919997,0.004653850570321083
0,1,4.0,0.004042822169653846,0.003971582744270563
0,1,4.0,0.2940452665893223,0.29526638984680176
0,1,4.0,0.00010599094867884424,0.005732186604291201
0,1,4.0,0.54675919579163,0.6181455254554749
0,1,4.0,0.00018036561918787072,0.004118109121918678
0,1,4.0,0.00573209312916372,0.012095672078430653
0,1,4.0,0.00031290725257227903,0.004018416628241539
0,1,4.0,0.05428946760631754,0.01476604025810957
0,1,4.0,0.0006129879958408903,0.0017969298642128706
1,1,4.0,0.9872024549638565,0.9949167966842651
0,1,4.0,0.007680971975103422,0.03276735171675682
0,1,4.0,0.03025860112283491,0.011052561923861504
0,1,4.0,0.016223301133819305,0.024807561188936234
1,1,4.0,0.5952078989905111,0.6346339583396912
0,1,4.0,0.0012050665510977502,0.005820787511765957
0,1,4.0,0.2287653722150185,0.18814526498317719
0,1,4.0,0.00888637342251353,0.025019647553563118
0,1,4.0,3.734509048323127e-05,0.004942459985613823
0,1,4.0,0.00031590551216614603,0.005582177545875311
0,1,4.0,0.0015543754611721322,0.003866296960040927
0,1,4.0,0.0057321694255568255,0.03672974556684494
1,1,4.0,0.9614965005526063,0.876799464225769
1,1,4.0,0.9851610797613339,0.982124388217926
0,1,4.0,0.9352334735054327,0.9693899154663086
0,1,4.0,0.00011294313889738407,0.00615763058885932
0,1,4.0,0.011135025711567463,0.005299626849591732
0,1,4.0,0.025785341349496685,0.0034646696876734495
1,1,4.0,0.9986738817846236,0.9871392846107483
0,1,4.0,0.17156677550757804,0.38335108757019043
0,1,4.0,0.26193468816150134,0.011021338403224945
0,1,4.0,1.0226047473632086e-05,0.00474211061373353
0,1,4.0,0.03710215703331412,0.005440910346806049
1,1,4.0,0.9717802681710705,0.9847362637519836
0,1,4.0,0.07590248565565032,0.13094452023506165
1,1,4.0,0.8352974945442742,0.9799069166183472
1,1,4.0,0.975370253081323,0.9975433945655823
0,1,4.0,0.001363579834241878,0.0058043948374688625
1,1,4.0,0.9980177485636935,0.997113823890686
0,1,4.0,0.010752503286180198,0.006221390329301357
1,1,4.0,0.8365715232922357,0.9210147857666016
1,1,4.0,0.9488191297224722,0.988947868347168
0,1,4.0,0.0006473879506352266,0.005499911028891802
0,1,4.0,0.017712826272258432,0.005379710346460342
0,1,4.0,0.0003274612523902343,0.0055590118281543255
0,1,4.0,0.025390444805568495,0.07504035532474518
0,1,4.0,0.00299995620050352,0.004192921798676252
1,1,4.0,0.987547406770013,0.9902045726776123
0,1,4.0,0.0022111337856708354,0.0019066953100264072
0,1,4.0,0.24151391432397395,0.36229267716407776
0,1,4.0,0.002094906354033418,0.0019109450513496995
0,1,4.0,0.005423452968640001,0.0756746232509613
1,1,4.0,0.16266694712508242,0.03129265829920769
0,1,4.0,0.34884799935787997,0.26483941078186035
0,1,4.0,0.005698533761657663,0.005217332858592272
0,1,4.0,0.005433539391992603,0.005812547635287046
1,1,4.0,0.8464916826655584,0.9960163235664368
0,1,4.0,9.54500192883687e-06,0.003428839612752199
0,1,4.0,0.03043478893739514,0.048351019620895386
0,1,4.0,0.0005833528486753351,0.005435618106275797
0,1,4.0,0.00018985952833369864,0.00578449247404933
1,1,4.0,0.9921850283837277,0.9970703125
0,1,4.0,0.024938085279485003,0.14242658019065857
1,1,4.0,0.999322321963024,0.9958140254020691
0,1,4.0,8.391965756807961e-05,0.005642211064696312
0,1,4.0,0.09742571207156771,0.004732095170766115
0,1,4.0,0.00038619109951944507,0.012188264168798923
1,1,4.0,0.9848905133599727,0.9859758019447327
0,1,4.0,0.03847777171239804,0.031572096049785614
0,1,4.0,0.00034677474866688613,0.005547477863729
1,1,4.0,0.0807427678640535,0.4440552294254303
0,1,4.0,0.0005010079618531967,0.004218659829348326
0,1,4.0,0.012479608554409294,0.017929641529917717
0,1,4.0,0.0013525246858429269,0.0030676238238811493
0,1,4.0,0.0021514053312227397,0.003743679029867053
1,1,4.0,0.9998482160866693,0.9962618947029114
0,1,4.0,0.001196164708855185,0.005631077103316784
0,1,4.0,0.05939574608843165,0.013283852487802505
0,1,4.0,4.784222117318632e-05,0.0046220640651881695
0,1,4.0,0.04334845790295881,0.004008520394563675
0,1,4.0,0.000396645339833373,0.005860410630702972
1,1,4.0,0.9436041064633833,0.9941556453704834
0,1,4.0,0.0038509368046399433,0.017595740035176277
0,1,4.0,0.005935660306555413,0.0019415009301155806
0,1,4.0,0.0011653546195216117,0.00374191184528172
0,1,4.0,0.0001436620469602479,0.0056040226481854916
0,1,4.0,0.18906599433975663,0.5165891051292419
1,1,4.0,0.9996429120660464,0.9977383613586426
0,1,4.0,0.001404087655015622,0.0030522732995450497
0,1,4.0,0.008219511828910873,0.03005337528884411
0,1,4.0,0.0027979475844283896,0.003098410787060857
0,1,4.0,0.016313757690053266,0.002604877110570669
1,1,4.0,0.9307418443101044,0.8688753247261047
0,1,4.0,0.07915252359536656,0.16281916201114655
0,1,4.0,0.0026908458042360505,0.004840330686420202
1,1,4.0,0.47166924001301264,0.9760185480117798
0,1,4.0,0.019817861011941905,0.020516961812973022
1,1,4.0,0.29802596466023185,0.8409045338630676
1,1,4.0,0.5894114964029857,0.984454333782196
0,1,4.0,0.030905294577067612,0.012682092376053333
0,1,4.0,0.11108625381615743,0.0022049767430871725
0,1,4.0,0.05787258489310994,0.002356142969802022
0,1,4.0,0.001974874503191893,0.01927422359585762
0,1,4.0,0.015409905832219444,0.0019320814171805978
0,1,4.0,0.00042130658729873697,0.0018223554361611605
0,1,4.0,0.10997418623325407,0.04358598589897156
0,1,4.0,0.0008378140745107783,0.0037456215359270573
0,1,4.0,0.11184905766099243,0.009566684253513813
0,1,4.0,0.0003262236869951317,0.005539607722312212
1,1,4.0,0.9987534227019401,0.9958017468452454
0,1,4.0,0.0006419214495925582,0.0018883035518229008
1,1,4.0,0.9927169951748992,0.9821038842201233
0,1,4.0,0.002601766544898592,0.003908016253262758
1,1,4.0,0.9930937071568819,0.9942947030067444
0,1,4.0,0.00030823114281312,0.0031131478026509285
0,1,4.0,0.00046665920457209165,0.004662942606955767
0,1,4.0,0.003249900294787918,0.0038390576373785734
1,1,4.0,0.9995018482136061,0.9963997602462769
0,1,4.0,9.122209445961578e-05,0.0030849999748170376
0,1,4.0,0.005440071760202619,0.013389076106250286
1,1,4.0,0.9990294758923401,0.997564435005188
0,1,4.0,0.012135559620272143,0.007616458460688591
0,1,4.0,0.001313547606661537,0.0034561597276479006
0,1,4.0,0.08381672492259769,0.5089312791824341
0,1,4.0,0.21244646398861142,0.9571310877799988
0,1,4.0,0.041063157596447755,0.0062147630378603935
0,1,4.0,0.19247922834312023,0.1999969631433487
0,1,4.0,0.07858788213206334,0.9823481440544128
0,1,4.0,0.00017758536646777468,0.0031580731738358736
1,1,4.0,0.4798476795012033,0.008998626843094826
0,1,4.0,0.007862588018579517,0.0017668219516053796
0,1,4.0,0.0019170035194831744,0.005613221321254969
0,1,4.0,0.07602567623894634,0.01877748966217041
1,1,4.0,0.9988967328679181,0.9941629767417908
0,1,4.0,0.00016404146732518796,0.004574754275381565
0,1,4.0,0.0027598493039820986,0.006909915246069431
1,1,4.0,0.9847433998886977,0.9974275231361389
0,1,4.0,9.911748086480181e-05,0.0041303494945168495
0,1,4.0,0.22606389667991228,0.09051661938428879
1,1,4.0,0.998770097153085,0.9961569905281067
0,1,4.0,0.28920596769519474,0.3280284106731415
1,1,4.0,0.9746683806824197,0.9425921440124512
1,1,4.0,0.9504142221354087,0.8253225684165955
0,1,4.0,0.02099018218050639,0.003952282480895519
0,1,4.0,0.6248017338825427,0.4797060489654541
0,1,4.0,0.0005016647530382861,0.004475574474781752
0,1,4.0,0.006655150795470513,0.003037959337234497
0,1,4.0,0.0015467355638062478,0.004308077972382307
1,1,4.0,0.8986964836484382,0.9545918107032776
0,1,4.0,0.03245448466849846,0.14648355543613434
0,1,4.0,0.00044159197186427164,0.005003034137189388
0,1,4.0,0.005407047721841315,0.001942570204846561
0,1,4.0,0.005987523930134522,0.0018628297839313745
0,1,4.0,0.003740638633056386,0.001983871217817068
0,1,4.0,0.0009977879613460867,0.0038150267209857702
1,1,4.0,0.9992540381209641,0.995703399181366
0,1,4.0,0.12905417946378267,0.23562701046466827
0,1,4.0,0.5665184406837582,0.5776901841163635
0,1,4.0,0.000115325980924309,0.004861932247877121
0,1,4.0,0.0001498410771223104,0.003814753144979477
0,1,4.0,0.6325658229483558,0.550868034362793
0,1,4.0,0.0004397445235687302,0.0018501485465094447
1,1,4.0,0.9808009879168897,0.9530497789382935
0,1,4.0,0.0005310058808405741,0.0018459027633070946
1,1,4.0,0.9959155327230098,0.9942447543144226
0,1,4.0,0.04043472138766788,0.7571490406990051
0,1,4.0,0.0005521041379942959,0.004799143876880407
0,1,4.0,0.004353742496065953,0.007329210638999939
1,1,4.0,0.9958203814099958,0.9913824200630188
0,1,4.0,0.857248096963041,0.9178282618522644
0,1,4.0,0.0003941579771465061,0.006160770542919636
0,1,4.0,0.00022314498188774918,0.003847389481961727
0,1,4.0,0.016923651560442562,0.008592612110078335
1,1,4.0,0.984518369315939,0.9902190566062927
0,1,4.0,0.0026706861012629813,0.012765856459736824
0,1,4.0,0.005638992607126978,0.004184276331216097
0,1,4.0,0.813680993473126,0.9761120080947876
0,1,4.0,0.0004497362567252505,0.0047271414659917355
0,1,4.0,1.3186370660488287e-05,0.0033777852077037096
0,1,4.0,0.18671972794586952,0.002207736484706402
0,1,4.0,0.0015716709462013814,0.0034166343975812197
0,1,4.0,0.0006197783461305542,0.0052806599996984005
0,1,4.0,0.014409052748664788,0.10655326396226883
0,1,4.0,7.302885660358588e-05,0.004546357784420252
1,1,4.0,0.9554968300250172,0.981366753578186
0,1,4.0,0.01986024196682583,0.004340786952525377
0,1,4.0,0.00011114893967085464,0.005455252714455128
0,1,4.0,0.0007981961893575344,0.0018134595593437552
0,1,4.0,0.007472180860824944,0.09332258254289627
1,1,4.0,0.2114871430558567,0.3012346923351288
0,1,4.0,6.619181867289574e-05,0.004528700839728117
0,1,4.0,6.0052600229892773e-05,0.004109633155167103
1,1,4.0,0.9974536567793881,0.99321448802948
1,1,4.0,0.9972405845835766,0.9922506213188171
1,1,4.0,0.9974278932601103,0.994953453540802
0,1,4.0,0.00851257739225272,0.3913435935974121
1,1,4.0,0.030190358998938075,0.947584331035614
0,1,4.0,8.274572346279688e-05,0.005761049222201109
0,1,4.0,0.14405140245417258,0.13699184358119965
0,1,4.0,0.003209089919233326,0.011722929775714874
1,1,4.0,0.9513228160315763,0.874004065990448
0,1,4.0,0.0013963005890326038,0.008945399895310402
0,1,4.0,0.01896283293890065,0.0030108958017081022
0,1,4.0,0.0011142067455402586,0.004972257185727358
0,1,4.0,0.002521018326301182,0.003048604354262352
0,1,4.0,0.31343591598955234,0.32244569063186646
0,1,4.0,0.01317909409988657,0.015677498653531075
0,1,4.0,0.00015379057119846649,0.0018260569777339697
0,1,4.0,0.00014797993568175854,0.004599252715706825
0,1,4.0,0.0015596257958071687,0.0075346301309764385
1,1,4.0,0.9999216085359329,0.9963592886924744
1,1,4.0,0.9999626729345279,0.9957199692726135
1,1,4.0,0.9997264229188486,0.9964726567268372
0,1,4.0,0.775119517137934,0.907692551612854
0,1,4.0,0.00013763287737302742,0.005788072478026152
1,1,4.0,0.6378226975898822,0.24979066848754883
0,1,4.0,0.00023204774923384463,0.003166832262650132
1,1,4.0,0.9825354685356866,0.990155816078186
0,1,4.0,8.252982351616715e-05,0.0030768730212002993
1,1,4.0,0.9989365163737157,0.1630096435546875
0,1,4.0,0.0005931869070721471,0.0019319941056892276
0,1,4.0,0.00012396965238946545,0.005698507651686668
0,1,4.0,0.1788578885660963,0.1811736673116684
0,1,4.0,0.005697960829212666,0.0034923506900668144
0,1,4.0,0.00010492253928705347,0.00194550771266222
0,1,4.0,0.005600026681142683,0.016503948718309402
0,1,4.0,0.0025035957776087564,0.002398708602413535
0,1,4.0,0.00028693889572633456,0.0033524062018841505
0,1,4.0,0.002111540646435689,0.001968296244740486
0,1,4.0,0.10109407667724352,0.0402088388800621
0,1,4.0,0.0018752155554098559,0.001905557932332158
0,1,4.0,0.9916159627264421,0.7479471564292908
0,1,4.0,0.0005346273465601034,0.004759769421070814
0,1,4.0,0.18839441684549374,0.1737324446439743
1,1,4.0,0.9908958243261907,0.9936566948890686
1,1,4.0,0.9881165134018004,0.9936925172805786
1,1,4.0,0.9894895989744794,0.9035844802856445
0,1,4.0,0.14395737846393974,0.0020866035483777523
0,1,4.0,0.49512080069518155,0.9843677878379822
0,1,4.0,0.0033626170345794986,0.001781645929440856
0,1,4.0,6.497047984477376e-05,0.0032159260008484125
1,1,4.0,0.35951204369762063,0.14470131695270538
1,1,4.0,0.993767927569593,0.974973201751709
0,1,4.0,9.718746829722453e-06,0.004773110616952181
0,1,4.0,0.0007900753094370506,0.005476796068251133
1,1,4.0,0.9967249250420475,0.9975433945655823
1,1,4.0,0.7986167136012405,0.2656189203262329
0,1,4.0,0.009445645832488737,0.003914771601557732
0,1,4.0,0.0007996897199199954,0.0018740248633548617
0,1,4.0,0.00468770629217251,0.0048336125910282135
1,1,4.0,0.8693101951220041,0.2207614928483963
0,1,4.0,0.0017014989740431752,0.0043771215714514256
0,1,4.0,0.00333319457044045,0.0031543660443276167
0,1,4.0,0.011294207556767402,0.0049093966372311115
0,1,4.0,0.25094331221932065,0.331739217042923
0,1,4.0,0.0006261610667554056,0.0018057749839499593
0,1,4.0,0.0009967194914918401,0.0063422927632927895
0,1,4.0,0.0009387808117980681,0.0047127497382462025
0,1,4.0,0.00027187274848238354,0.005622656550258398
0,1,4.0,9.076527558523493e-05,0.00466799084097147
1,1,4.0,0.3950779012522197,0.866107702255249
0,1,4.0,0.00048176576002901644,0.003809155896306038
0,1,4.0,0.0001099174993187029,0.004039266612380743
1,1,4.0,0.9927014937851429,0.9959716200828552
0,1,4.0,0.0019331198470929438,0.0031816319096833467
0,1,4.0,0.00046581692051108855,0.004308358300477266
0,1,4.0,0.0035054624609458023,0.005603100638836622
1,1,4.0,0.9135752765084266,0.34249427914619446
0,1,4.0,0.00026790339757405034,0.004554301965981722
0,1,4.0,0.0005611098729528555,0.005526289343833923
1,1,4.0,0.9681467936950998,0.9927045106887817
0,1,4.0,0.0013071609689455348,0.003941552247852087
0,1,4.0,0.18167746848936708,0.8922383189201355
0,1,4.0,0.13939569514444114,0.5273320078849792
0,1,4.0,0.0011663304307390429,0.0042670490220189095
1,1,4.0,0.02575370388237318,0.44197651743888855
0,1,4.0,0.014247604469520635,0.6941774487495422
0,1,4.0,0.006159808228054069,0.007128017023205757
0,1,4.0,0.02996115817322836,0.0030962862074375153
0,1,4.0,6.008045843880796e-05,0.002038491191342473
0,0,1.0,0.07561130739992034,0.8923066854476929
0,0,1.0,0.0002491636367615296,0.005937167443335056
1,0,1.0,0.21961309293460918,0.6106595396995544
0,0,1.0,0.0026678187021666865,0.0018780124373733997
0,0,1.0,0.015994591822324176,0.013631370849907398
0,0,1.0,0.0004245193530360586,0.0038484367541968822
1,0,1.0,0.9952700443414252,0.9945430755615234
0,0,1.0,0.0004118182296192472,0.0047761923633515835
0,0,1.0,0.010349499946243845,0.0057543618604540825
1,0,1.0,0.9453060815290948,0.8854982256889343
0,0,1.0,0.002269257065240225,0.002020755549892783
0,0,1.0,0.00010080666947456427,0.0019771717488765717
0,0,1.0,0.001103353462499531,0.0032183914445340633
0,0,1.0,0.3213826633571413,0.009537865407764912
0,0,1.0,0.000707059342428576,0.01256867591291666
0,0,1.0,0.012205170006780576,0.061874717473983765
1,0,1.0,0.9999696699847924,0.9953953623771667
0,0,1.0,0.00042259207652164255,0.00316726160235703
0,0,1.0,0.004354917547376299,0.00830282736569643
0,0,1.0,0.00010984080130601746,0.003786212531849742
0,0,1.0,0.0022420196243769074,0.004653057549148798
1,0,1.0,0.9937497248312064,0.9958135485649109
0,0,1.0,0.0019363307140807542,0.0038231650833040476
0,0,1.0,0.0003819310295398447,0.010894992388784885
0,0,1.0,0.004556845599926273,0.0018095391569659114
0,0,1.0,0.240628664754976,0.5417834520339966
1,0,1.0,0.9997863968112115,0.9976038336753845
0,0,1.0,0.0016494898592210447,0.004574387334287167
0,0,1.0,0.000743124161388956,0.00558182829990983
0,0,1.0,0.013524798985697315,0.0031788491178303957
1,0,1.0,0.994515673495008,0.9956483244895935
1,0,1.0,0.9753643213379043,0.970167338848114
0,0,1.0,0.03319593552914378,0.014765298925340176
0,0,1.0,6.976992897023003e-05,0.0018005340825766325
0,0,1.0,0.0027748433938291437,0.004656488541513681
0,0,1.0,0.00014857962405617344,0.0032676730770617723
0,0,1.0,0.4198613253885009,0.03931223601102829
1,0,1.0,0.9997302184169587,0.9962150454521179
0,0,1.0,0.00014941133740067411,0.0031775166280567646
0,0,1.0,0.020470407655847865,0.006022879388183355
0,0,1.0,0.14368524782874673,0.008496475405991077
1,0,1.0,0.20529169204858966,0.004201066680252552
0,0,1.0,0.01248050678193028,0.007169329095631838
1,0,1.0,0.9972716188287266,0.9879250526428223
0,0,1.0,0.0003325155851537939,0.003774066921323538
1,0,1.0,0.9776287897191801,0.5834397673606873
0,0,1.0,0.00016017455593971488,0.0032314276322722435
0,0,1.0,0.003791271701664736,0.004611390642821789
1,0,1.0,0.3602582875591403,0.7794528603553772
1,0,1.0,0.9937823499441734,0.9955182671546936
0,0,1.0,0.0007317610184923619,0.00309200631454587
0,0,1.0,0.00010647174974713507,0.004651953931897879
0,0,1.0,0.003483553913152137,0.005965288728475571
0,0,1.0,0.008322980857471659,0.0361257940530777
0,0,1.0,0.0024291885394130673,0.008047327399253845
0,0,1.0,0.004225926017228062,0.001827732427045703
0,0,1.0,0.006971267685754737,0.014644088223576546
0,0,1.0,0.0007064938342014278,0.005533453542739153
1,0,1.0,0.9993480911422781,0.9961771965026855
1,0,1.0,0.9998844277556488,0.99591463804245
1,0,1.0,0.5969553384650256,0.458094984292984
0,0,1.0,0.0004725931625289402,0.003798997262492776
0,0,1.0,0.0014082245990375527,0.0017981798155233264
1,0,1.0,0.3125320317764642,0.06854921579360962
1,0,1.0,0.998985551454495,0.9920443296432495
0,0,1.0,0.4885697540446813,0.41508930921554565
0,0,1.0,0.000481119492587229,0.00399426557123661
0,0,1.0,0.006844209266717249,0.0018426813185214996
0,0,1.0,0.015099852386812837,0.0018481990555301309
0,0,1.0,0.001956450392031475,0.001783966668881476
0,0,1.0,0.013460331006661084,0.0019587108399719
1,0,1.0,0.9996506864737146,0.9960373044013977
0,0,1.0,0.04706671892305944,0.002996006514877081
0,0,1.0,0.05404165916709802,0.0020794719457626343
0,0,1.0,0.0012450250902197191,0.006607056595385075
0,0,1.0,0.0030318362366409508,0.007664768490940332
1,0,1.0,0.9821083770951504,0.9367662668228149
0,0,1.0,0.02080459771202397,0.014527242630720139
0,0,1.0,0.05100289345960027,0.002030083676800132
1,0,1.0,0.9931673162856581,0.9887996912002563
0,0,1.0,0.006157440487840381,0.021267149597406387
1,0,1.0,0.9998254212310531,0.9942845702171326
0,0,1.0,0.003591510361088584,0.007160595152527094
0,0,1.0,0.009086589574533972,0.00911079440265894
0,0,1.0,0.000649633459493978,0.0038478756323456764
0,0,1.0,0.0005973995920068426,0.0030780243687331676
0,0,1.0,0.0423717908588555,0.04471370950341225
0,0,1.0,0.006740017241117447,0.004920497536659241
0,0,1.0,0.0034121895070091906,0.004557184409350157
0,0,1.0,0.0010171118490236713,0.006392838433384895
0,0,1.0,0.6358645981110544,0.026674019172787666
0,0,1.0,0.001843067065112349,0.004634449258446693
0,0,1.0,0.0007149090241761856,0.003753626486286521
1,0,1.0,0.9954332405169531,0.9962130784988403
0,0,1.0,0.023166964435352724,0.02801448479294777
0,0,1.0,0.4116180082287326,0.7029994130134583
0,0,1.0,5.256542162327416e-05,0.0031172719318419695
0,0,1.0,0.001678262917531405,0.003297376912087202
0,0,1.0,0.0007286676541411763,0.004907805472612381
0,0,1.0,0.004490494291091202,0.0018618664471432567
1,0,1.0,0.9975335188058578,0.982213020324707
0,0,1.0,0.003731731905404351,0.0170464925467968
0,0,1.0,0.06645364490749141,0.40064510703086853
0,0,1.0,0.000547659306012685,0.005960631184279919
0,0,1.0,0.0029780279571388797,0.003677713917568326
1,0,1.0,0.9867380050817138,0.9476772546768188
1,0,1.0,0.9970082546898412,0.992145836353302
0,0,1.0,0.060294344523886705,0.4056268334388733
0,0,1.0,0.002523898341299319,0.003628917969763279
1,0,1.0,0.9872388356771147,0.9950887560844421
0,0,1.0,0.001587464487353323,0.006890254560858011
0,0,1.0,0.00020061026826653054,0.006857260596007109
0,0,1.0,0.012606801490286743,0.09814993292093277
1,0,1.0,0.9831521933503732,0.9976242184638977
0,0,1.0,0.03390692989802959,0.03185297176241875
0,0,1.0,0.00030737248064193916,0.003743931418284774
0,0,1.0,0.6039850061525023,0.014983482658863068
1,0,1.0,0.763301918869185,0.984184741973877
1,0,1.0,0.9946624273534106,0.9807112812995911
0,0,1.0,0.07667444363343304,0.32461676001548767
0,0,1.0,0.00018765007218135611,0.005488207098096609
0,0,1.0,0.0006161775315097729,0.006131399422883987
0,0,1.0,0.0006085565304187244,0.003123275935649872
0,0,1.0,0.0021954248670464638,0.0018672753358259797
0,0,1.0,0.0011500029299042398,0.004685325548052788
0,0,1.0,0.002666098792395304,0.0018847730243578553
0,0,1.0,0.043096142186070295,0.013877351768314838
0,0,1.0,0.0017254926278491398,0.007060106843709946
0,0,1.0,0.0007017418777316031,0.003252577967941761
1,0,1.0,0.9890730361506168,0.9916113018989563
0,0,1.0,0.0023519192706811616,0.004584973677992821
0,0,1.0,0.0010364158674113252,0.003026029095053673
1,0,1.0,0.9993634383285135,0.9974725842475891
0,0,1.0,0.00862080553829433,0.0019507757388055325
0,0,1.0,0.0038694036875691453,0.001785971806384623
0,0,1.0,0.03841106951745032,0.02924652211368084
1,0,1.0,0.9988184119926528,0.9975765347480774
0,0,1.0,0.019670782119059416,0.004600405227392912
1,0,1.0,0.9967817687431187,0.9961901903152466
0,0,1.0,0.00020045659047460365,0.003025759942829609
1,0,1.0,0.9975652277298533,0.9960862398147583
0,0,1.0,0.0005351652113285286,0.005764691159129143
0,0,1.0,0.04139872789159521,0.08675575256347656
1,0,1.0,0.9998348763011127,0.9958070516586304
0,0,1.0,0.001029063730540343,0.0020342341158539057
0,0,1.0,0.00013259182191519388,0.005561991594731808
0,0,1.0,0.009946987177098176,0.002217653440311551
1,0,1.0,0.9797837849444104,0.9959410429000854
1,0,1.0,0.9995237976828703,0.9963775277137756
0,0,1.0,0.0062743458354492425,0.005863531492650509
0,0,1.0,0.2166674278766806,0.009239252656698227
0,0,1.0,0.003362949343629757,0.005893168970942497
0,0,1.0,0.00024227556998538348,0.0019456198206171393
0,0,1.0,0.00807483867566748,0.01000117976218462
0,0,1.0,0.012121401202917355,0.036438241600990295
0,0,1.0,0.2336553494648174,0.792483389377594
0,0,1.0,0.0011080961585013007,0.0055455053225159645
1,0,1.0,0.9996923667530107,0.9959003329277039
0,0,1.0,0.004508775249141518,0.0017794433515518904
0,0,1.0,0.0003206221634697111,0.0019477717578411102
1,0,1.0,0.9975425035708438,0.9959167838096619
0,0,1.0,0.0009113519866964644,0.009090138599276543
0,0,1.0,0.0009572149735695411,0.00619162293151021
1,0,1.0,0.9997697570722271,0.9961543679237366
1,0,1.0,0.7784707079716515,0.6956526637077332
1,0,1.0,0.9993235033007551,0.9962522387504578
0,0,1.0,0.00040935948785007477,0.003857422387227416
0,0,1.0,0.012806526410516548,0.09951590746641159
0,0,1.0,0.05840482264094564,0.638681173324585
1,0,1.0,0.9996184855200434,0.9961993098258972
1,0,1.0,0.25467422231269865,0.1753505915403366
0,0,1.0,0.0036664820397305097,0.0019130217842757702
0,0,1.0,0.0012323509533255003,0.005477695260196924
0,0,1.0,0.00047454007092002123,0.0055569191463291645
1,0,1.0,0.9993764699763137,0.9958155751228333
1,0,1.0,0.9999546819590649,0.9976818561553955
1,0,1.0,0.9995194349380492,0.9940060377120972
0,0,1.0,0.0022052458259173052,0.0021115075796842575
0,0,1.0,0.0032725207966017907,0.004823619965463877
0,0,1.0,0.0014386785779813979,0.008170920424163342
0,0,1.0,0.001069188129949251,0.0057552834041416645
0,0,1.0,0.025568307449828964,0.03658487647771835
0,0,1.0,0.009869573039079697,0.0030643476638942957
0,0,1.0,0.5131714158793778,0.35591110587120056
0,0,1.0,0.0033646422010346713,0.005084454081952572
0,0,1.0,0.0021935529277478977,0.0034360233694314957
1,0,1.0,0.9846587465621863,0.9969538450241089
0,0,1.0,0.0015716468778500922,0.0018093099351972342
1,0,1.0,0.9727461407934607,0.972274661064148
1,0,1.0,0.9995467865729685,0.996051013469696
0,0,1.0,0.016641011014339104,0.0018761006649583578
0,0,1.0,0.0008094606242397267,0.0018382783746346831
0,0,1.0,0.0027411521790563914,0.0022099455818533897
0,0,1.0,0.008965867378871078,0.006854432635009289
0,0,1.0,0.00016501326217889818,0.004782052710652351
0,0,1.0,0.009119910650189779,0.010148372501134872
1,0,1.0,0.9903802070981944,0.9958827495574951
0,0,1.0,0.0009511378974913138,0.002020859392359853
1,0,1.0,0.9989109055874366,0.9976123571395874
0,0,1.0,0.0008229011522579004,0.001920524868182838
0,0,1.0,0.00011187616946511213,0.0030712701845914125
0,0,1.0,0.0006472746440515968,0.0032775092404335737
1,0,1.0,0.9986308101859883,0.9975782036781311
0,0,1.0,0.003628778597367325,0.0018581676995381713
0,0,1.0,0.0004540165371190555,0.004583748523145914
1,0,1.0,0.9981967818355921,0.9935938715934753
0,0,1.0,0.0011941664374415086,0.001845278195105493
1,0,1.0,0.6461255446966065,0.7682068347930908
0,0,1.0,0.00033282234082460246,0.0019376663258299232
1,0,1.0,0.9924015456974998,0.9953641891479492
0,0,1.0,0.0019829638346663247,0.003140404587611556
0,0,1.0,0.002801008360345189,0.0241253525018692
0,0,1.0,0.0004742363308962289,0.005292567890137434
0,0,1.0,0.0014359074813626482,0.012486583553254604
0,0,1.0,0.8475224964000733,0.34543776512145996
0,0,1.0,0.0009207869896442966,0.004971247632056475
0,0,1.0,0.020661720137116157,0.006589799653738737
0,0,1.0,0.0005566125938744564,0.00465950695797801
0,0,1.0,0.00183231439681731,0.0033605576027184725
0,0,1.0,0.0009620640052674231,0.0018724770052358508
0,0,1.0,0.0009226130016993687,0.0030839047394692898
0,0,1.0,0.001977426672330238,0.003031375352293253
0,0,1.0,0.00441298387161047,0.004717464558780193
1,0,1.0,0.8823623739256012,0.992081880569458
0,0,1.0,0.00025250989170849854,0.004857380408793688
0,0,1.0,0.0014618960795319184,0.011685043573379517
0,0,1.0,0.01771833111056218,0.001973099075257778
0,0,1.0,0.11931851913922639,0.10067956894636154
0,0,1.0,0.0012454684832979392,0.0028749422635883093
0,0,1.0,0.0015784341368084076,0.0018531758105382323
1,0,1.0,0.9947445584755208,0.9951754808425903
1,0,1.0,0.6852968402019749,0.08079791069030762
0,0,1.0,0.016092131112492393,0.008450420573353767
0,0,1.0,0.005152385840255146,0.04007691144943237
0,0,1.0,0.0022112863594592135,0.0030526418704539537
0,0,1.0,0.0009348988792981263,0.0038286461494863033
1,0,1.0,0.9982279688077386,0.993502676486969
1,0,1.0,0.9058901804491469,0.9962617754936218
0,0,1.0,0.00023228816192758414,0.00554653350263834
0,0,1.0,0.034207522843214586,0.00682403240352869
0,0,1.0,0.0002379140183971573,0.0037523964419960976
0,0,1.0,0.7126086612866694,0.9222208261489868
1,0,1.0,0.9993911930595637,0.9928436875343323
0,0,1.0,0.009724783488265155,0.003531688591465354
1,0,1.0,0.979877516924047,0.988178551197052
1,0,1.0,0.9941784784289167,0.9950799942016602
0,0,1.0,0.006865605126516017,0.012844857759773731
0,0,1.0,0.006077363949191391,0.013205518014729023
0,0,1.0,0.0003953882262593453,0.007683730684220791
0,0,1.0,0.0009405260971581224,0.005870108492672443
0,0,1.0,0.035128541489103944,0.28019094467163086
1,0,1.0,0.9981064323543967,0.9957430958747864
0,0,1.0,0.07404855603473065,0.004925837740302086
0,0,1.0,0.006153505369043181,0.004571880213916302
0,0,1.0,0.011262660863531974,0.009716980159282684
0,0,1.0,0.003401036704286432,0.006464261095970869
0,0,1.0,5.076114390394536e-05,0.003006939310580492
0,0,1.0,0.009970952189085908,0.030175264924764633
0,0,1.0,0.000443145221588675,0.004605760332196951
0,0,1.0,0.0077116342196685735,0.004737555515021086
0,0,1.0,0.0022324341636684943,0.0031161250080913305
0,0,1.0,0.002330183021032242,0.00534235592931509
0,0,1.0,0.0009553376430525947,0.0056471568532288074
1,0,1.0,0.9735713338122299,0.9877002239227295
1,0,1.0,0.9992063474249525,0.9962354302406311
0,0,1.0,0.0022315856364745795,0.005950490944087505
0,0,1.0,0.06135354658196745,0.2260637879371643
0,0,1.0,0.0021510941031352582,0.016159838065505028
0,0,1.0,0.006624409179145821,0.005626373924314976
1,0,1.0,0.9998551840026056,0.996441662311554
0,0,1.0,0.002956789083483381,0.004585563205182552
0,0,1.0,0.0034457081802782424,0.0018168039387091994
0,0,1.0,0.004107113175807172,0.0037652223836630583
0,0,1.0,0.002812653858176233,0.0019400229211896658
1,0,1.0,0.8712875878677563,0.36431506276130676
0,0,1.0,0.001625059910276308,0.004886599723249674
0,0,1.0,0.010324794058475192,0.003247350687161088
1,0,1.0,0.9316405048428867,0.9956722259521484
0,0,1.0,0.0004965563011141303,0.0019545848481357098
0,0,1.0,0.006708048439763602,0.02089110016822815
0,0,1.0,0.0017713514749977516,0.0031614662148058414
1,0,1.0,0.9989056978042096,0.996012806892395
0,0,1.0,9.110856080474238e-05,0.003854710143059492
0,0,1.0,0.006067228825952851,0.0018335842760279775
0,0,1.0,0.006140179125103657,0.007339904084801674
0,0,1.0,0.001599686828918263,0.004737184848636389
0,0,1.0,0.0006769349757170265,0.0033111777156591415
1,0,1.0,0.9992018966764481,0.9939061999320984
0,0,1.0,0.0035335207446961017,0.005323782097548246
0,0,1.0,0.0027423163026384896,0.006301345769315958
0,0,1.0,0.0008142139659788495,0.004639031365513802
0,0,1.0,0.017676377077541407,0.004675243049860001
0,0,1.0,0.001748683077982394,0.03590700775384903
1,0,1.0,0.998015693746754,0.9957923889160156
0,0,1.0,0.061515546525827386,0.0028824249748140574
0,0,1.0,0.003196314419694268,0.0017534270882606506
0,0,1.0,0.00048550092619483923,0.0029861433431506157
0,0,1.0,0.012139452487743412,0.0018348997691646218
1,0,1.0,0.999933123303484,0.9960575103759766
0,0,1.0,0.0002575936799978293,0.005929511971771717
0,0,1.0,0.0012385437386924817,0.004340576473623514
1,0,1.0,0.9986825314974748,0.9884989857673645
0,0,1.0,9.443555852742007e-05,0.004592306446284056
0,0,1.0,0.001953254642757793,0.002822919050231576
1,0,1.0,0.9967042706385401,0.9943593144416809
0,0,1.0,0.0003317644288228153,0.003112404840067029
0,0,1.0,0.0023517774778972203,0.00943087600171566
0,0,1.0,0.0008657894254677709,0.0030085407197475433
1,0,1.0,0.9861175442772663,0.9952266216278076
0,0,1.0,0.00030220726547310414,0.0029817784670740366
0,0,1.0,0.012242980000972436,0.007663698401302099
0,0,1.0,0.0009384527962443191,0.003142785048112273
0,0,1.0,0.006805470163121395,0.005940892267972231
0,0,1.0,0.004067713369966832,0.020720355212688446
1,0,1.0,0.9984027879206349,0.9956644177436829
0,0,1.0,0.05277632861080113,0.03612994775176048
0,0,1.0,0.0013037670298796408,0.006505564320832491
0,0,1.0,0.013188651625707395,0.007116905879229307
0,0,1.0,0.0007153983977090464,0.0017978238174691796
0,0,1.0,0.059100724929868544,0.09174665808677673
0,0,1.0,0.0007547908595753058,0.017855744808912277
0,0,1.0,0.0008722614743159527,0.0033178755547851324
0,0,1.0,0.004011337654927611,0.009884891100227833
0,0,1.0,0.0019237340722345,0.069886215031147
0,0,1.0,0.04359666627096714,0.7570637464523315
0,0,1.0,0.001063757218384167,0.006992727983742952
0,0,1.0,0.0002980206192456222,0.005909810774028301
0,0,1.0,0.0044473233740554095,0.005616229958832264
0,0,1.0,0.00040736877960682855,0.005849863868206739
0,0,1.0,0.0011201700079881886,0.0019509167177602649
1,0,1.0,0.9986586997773538,0.9934365749359131
0,0,1.0,0.0005782433411509867,0.0031071659177541733
1,0,1.0,0.9967202739870622,0.9945422410964966
1,0,1.0,0.8302728948028725,0.9950470924377441
0,0,1.0,0.004703790258659773,0.004156182985752821
0,0,1.0,0.004138192590204832,0.008160685189068317
0,0,1.0,0.001993748902886752,0.00212842901237309
0,0,1.0,0.001306889401702487,0.016225766390562057
0,0,1.0,4.1993918665038446e-05,0.0019616661593317986
0,0,1.0,0.0018258255036891391,0.0068216449581086636
0,0,1.0,0.003601889469971485,0.006585352588444948
0,0,1.0,0.00381266487174313,0.006391733419150114
0,0,1.0,0.006020329906548409,0.009108294732868671
0,0,1.0,0.0061637718188458515,0.0067777070216834545
0,0,1.0,0.06353661384827154,0.013120937161147594
1,0,1.0,0.9981436130356102,0.997664213180542
0,0,1.0,0.051560033437923494,0.002337022917345166
0,0,1.0,0.006770433661952628,0.0018336819484829903
0,0,1.0,0.00045440834237110266,0.00629518274217844
0,0,1.0,0.0006013029505899269,0.003139468841254711
0,0,1.0,0.03298217583856587,0.0019558679778128862
0,0,1.0,0.002781854944827261,0.0031576333567500114
1,0,1.0,0.9952088582982102,0.9954213500022888
1,0,1.0,0.9929629939756247,0.9951105713844299
0,0,1.0,0.0004356091216268272,0.005084948614239693
0,0,1.0,0.00019622103444969267,0.0019137975759804249
0,0,1.0,0.0015350409213646602,0.008354976773262024
0,0,1.0,0.00032143011889507623,0.003228305373340845
0,0,1.0,0.021012876319498507,0.034559208899736404
1,0,1.0,0.9993580093787142,0.9976186156272888
0,0,1.0,0.05588154365429358,0.01986692100763321
0,0,1.0,0.0028353912130411165,0.0018930445658043027
0,0,1.0,5.4410985502034283e-05,0.004380705766379833
0,0,1.0,0.0002780247952706503,0.004592324607074261
0,0,1.0,0.0020527482710599853,0.0057942913845181465
0,0,1.0,0.022411060066117067,0.001851593959145248
0,0,1.0,0.014207634344604115,0.0019031940028071404
0,0,1.0,0.002039111076989725,0.00693499855697155
0,0,1.0,0.01251870453830656,0.015838701277971268
1,0,1.0,0.9862902839350964,0.9358718991279602
1,0,1.0,0.9881034404063876,0.3713158965110779
0,0,1.0,0.0017552591495291574,0.006866898853331804
0,0,1.0,0.12860973039261098,0.01544142048805952
1,0,1.0,0.9899274855649326,0.9923495054244995
0,0,1.0,0.002655097328068433,0.0055268295109272
0,0,1.0,0.013968336984429626,0.004967524670064449
0,0,1.0,0.0005005034150508916,0.003792232135310769
0,0,1.0,0.005704254887430508,0.003928226884454489
1,0,1.0,0.9997782089342531,0.9976933598518372
1,0,1.0,0.9986843323422095,0.9972981810569763
0,0,1.0,0.011848164126645513,0.00515735475346446
0,0,1.0,0.028802790673723887,0.010484736412763596
1,0,1.0,0.9985823089280617,0.9938459992408752
0,0,1.0,0.008384717677616524,0.003984555602073669
1,0,1.0,0.9832930765128984,0.898436963558197
0,0,1.0,0.004998465619948678,0.005746542476117611
0,0,1.0,0.0018266341868334998,0.00872745830565691
0,0,1.0,0.0035110081999667085,0.0019697656389325857
0,0,1.0,0.005690589670032876,0.004583750385791063
0,0,1.0,0.0009114707290917206,0.01132804062217474
0,0,1.0,0.0035097391331587787,0.007303233724087477
0,0,1.0,0.0014367102278674264,0.011045794002711773
1,0,1.0,0.982416266745072,0.9962788224220276
0,0,1.0,0.007889621561100808,0.0019385794876143336
0,0,1.0,0.09686592592673543,0.10657381266355515
0,0,1.0,0.0006075836921416146,0.00558214308694005
0,0,1.0,0.008814676249198345,0.0017884609987959266
1,0,1.0,0.9805220259391985,0.9567570686340332
1,0,1.0,0.4129886054674887,0.9232891201972961
1,0,1.0,0.9976419745224416,0.9954793453216553
1,0,1.0,0.8941455984545301,0.9958311915397644
0,0,1.0,0.0018105840844703557,0.0030515624675899744
0,0,1.0,0.027124490302773616,0.007112944032996893
0,0,1.0,0.0031398186314256513,0.008206921629607677
0,0,1.0,0.0011751485796709614,0.003250865498557687
1,0,1.0,0.9988422988171469,0.9942763447761536
0,0,1.0,0.002053913450092777,0.004802142269909382
0,0,1.0,0.0035972917326373486,0.0040128580294549465
0,0,1.0,0.001366942514395457,0.001783998915925622
1,0,1.0,0.935696722865542,0.8380703330039978
0,0,1.0,0.007904208039531409,0.003779018297791481
0,0,1.0,0.007965174116231525,0.001893170760013163
0,0,1.0,0.033037898311463025,0.0018362811533734202
0,0,1.0,0.0007561053883132707,0.0017718947492539883
0,0,1.0,0.006499300106832129,0.005148950032889843
0,0,1.0,0.0022592789203244963,0.003135297680273652
1,0,1.0,0.9999212104193316,0.9956955909729004
0,0,1.0,0.009921123439201525,0.0045672692358493805
0,0,1.0,0.0008421116452170258,0.003877705428749323
0,0,1.0,0.000503307039507621,0.0031722860876470804
0,0,1.0,0.02186062257310832,0.004156553652137518
1,0,1.0,0.9492384641890179,0.9944127202033997
0,0,1.0,0.000587657109684318,0.001992120873183012
0,0,1.0,0.03182164091977294,0.0019786327611654997
0,0,1.0,0.21952110969835972,0.5479950904846191
0,0,1.0,0.6073710151557039,0.7811455726623535
0,0,1.0,0.00931154839732809,0.14048956334590912
1,0,1.0,0.9998342652073577,0.9957960844039917
0,0,1.0,0.011023923648207083,0.005109092686325312
0,0,1.0,0.0015210453807969447,0.0018359998939558864
0,0,1.0,0.8043592256508728,0.6530914902687073
0,0,1.0,0.003102000712446356,0.03819843381643295
1,0,1.0,0.9752623625470292,0.9757886528968811
0,0,1.0,0.0018568367117210796,0.0018458255799487233
0,0,1.0,0.00021546882366680944,0.0020189350470900536
0,0,1.0,0.0007609601503272911,0.01212990190833807
0,0,1.0,0.015287398570827757,0.005678350105881691
1,0,1.0,0.9966433844909172,0.9938032627105713
1,0,1.0,0.9997808810732317,0.9964175224304199
0,0,1.0,0.0024546595248581887,0.0018417132087051868
0,0,1.0,0.2081336392767624,0.0242280513048172
0,0,1.0,0.001709127805439867,0.0018439395353198051
0,0,1.0,0.0054177827300566665,0.003050796687602997
1,0,1.0,0.9784395914563544,0.906853973865509
1,0,1.0,0.48544170343838605,0.9807274341583252
0,0,1.0,0.002622835685531742,0.006139557808637619
0,0,1.0,0.02052049417994147,0.006357329431921244
0,0,1.0,0.2534895334988006,0.14319200813770294
1,0,1.0,0.9849971171714637,0.9553684592247009
0,0,1.0,8.820191621526184e-05,0.0021847570315003395
1,0,1.0,0.9995944499055838,0.9976977705955505
0,0,1.0,0.0009999147819597998,0.0017951269401237369
0,0,1.0,0.00017097390939461424,0.003049110062420368
0,0,1.0,0.004342221315382622,0.009641950018703938
1,0,1.0,0.9976647995005906,0.997219443321228
1,0,1.0,0.9991395982261949,0.9936571717262268
0,0,1.0,0.004698883054866352,0.00564148835837841
0,0,1.0,0.00707688346341769,0.0038125813007354736
1,0,1.0,0.999823020954555,0.996401309967041
1,0,1.0,0.9579156823229965,0.884270966053009
0,0,1.0,0.0003557641229831686,0.001906214514747262
0,0,1.0,0.012028293190843743,0.2169371247291565
1,0,1.0,0.9854027165539925,0.9861820936203003
0,0,1.0,0.003710778496383397,0.005868472158908844
0,0,1.0,0.007999872613699329,0.005421800538897514
0,0,1.0,0.011066963008297516,0.0034941716585308313
0,0,1.0,0.00028626223551408536,0.010106994770467281
1,0,1.0,0.9994612811622827,0.997363269329071
0,0,1.0,0.009800567149374191,0.0019072616705670953
1,0,1.0,0.9999586810587285,0.9957818984985352
1,0,1.0,0.9994920031527413,0.9932901859283447
1,0,1.0,0.9966046019746858,0.9976893663406372
0,0,1.0,0.0001020958774576229,0.00396777642890811
0,0,1.0,0.0006964882633557182,0.0031591197475790977
1,0,1.0,0.997983811904555,0.9961141347885132
0,0,1.0,0.017263607307430016,0.06725675612688065
0,0,1.0,0.008471644908419874,0.0031996837351471186
0,0,1.0,0.0010183874664182818,0.08270303905010223
0,0,1.0,0.0006362649202625319,0.001806852058507502
0,0,1.0,0.027419252487823547,0.020227253437042236
1,0,1.0,0.9990957837991261,0.997669517993927
1,0,1.0,0.9733648628716262,0.7743064165115356
1,0,1.0,0.9998475254034404,0.9959055185317993
0,0,1.0,0.0004359609089643242,0.0036859032697975636
1,0,1.0,0.9902642792524703,0.993778645992279
0,0,1.0,0.0006836557931106847,0.0037199482321739197
0,0,1.0,0.0009909530035791092,0.004719872027635574
1,0,1.0,0.9985942831593331,0.9953693747520447
1,0,1.0,0.9994639561853896,0.9960684776306152
1,0,1.0,0.9970257222785852,0.9929779171943665
1,0,1.0,0.999065720489182,0.9958236217498779
0,0,1.0,0.012488322400703751,0.01436244323849678
0,0,1.0,8.802975795448858e-05,0.0031253788620233536
0,0,1.0,0.007777143874534448,0.13435488939285278
1,0,1.0,0.9950469589237991,0.9969823956489563
0,0,1.0,0.00031679714746716886,0.0030367968138307333
0,0,1.0,0.0005847811685035918,0.006010599434375763
1,0,1.0,0.9980540108831105,0.9961142539978027
1,0,1.0,0.9988800430626766,0.9883404970169067
0,0,1.0,0.0010790267236052968,0.0038512416649609804
0,0,1.0,0.047866300218639746,0.003602870274335146
0,0,1.0,0.0018015643518387522,0.0046535967849195
0,0,1.0,0.004304947211850686,0.0018223883816972375
0,0,1.0,0.21742462528411277,0.5430117249488831
1,0,1.0,0.9996831345955515,0.9977292418479919
1,0,1.0,0.9985485720650394,0.9972202777862549
0,0,1.0,0.0487090842682374,0.005740704946219921
0,0,1.0,0.008294706961213243,0.00794194545596838
1,0,1.0,0.9694029958456701,0.9914897680282593
1,0,1.0,0.9990151485018647,0.9962326884269714
0,0,1.0,0.0029326747037555874,0.008161257021129131
0,0,1.0,0.005020831793024959,0.0019635397475212812
0,0,1.0,0.002286017842988876,0.0021629782859236
0,0,1.0,0.05626679273465127,0.005619016010314226
0,0,1.0,0.0009915371095590823,0.008509255014359951
0,0,1.0,0.0008302387218755931,0.0045927055180072784
0,0,1.0,0.010445372363228378,0.0018196330638602376
0,0,1.0,0.008428153152342594,0.004483767785131931
0,0,1.0,0.04200425450738209,0.6424573659896851
0,0,1.0,0.0031523598061851074,0.007992904633283615
0,0,1.0,0.004170354493760613,0.0018048915080726147
0,0,1.0,0.01463106621836641,0.002077344572171569
1,0,1.0,0.9549433602699469,0.9734569787979126
0,0,1.0,0.0032925634253877594,0.025892898440361023
0,0,1.0,0.2463575886505349,0.9245831370353699
0,0,1.0,0.10380987573250962,0.20976172387599945
0,0,1.0,0.0032125712672035735,0.00202783290296793
0,0,1.0,0.005400099171202976,0.00400200579315424
1,0,1.0,0.9977519883442246,0.9906082153320312
0,0,1.0,0.0960829153358688,0.0018516973359510303
0,0,1.0,0.0069789835720502486,0.007027389947324991
0,0,1.0,0.004676651739061207,0.0038088378496468067
1,0,1.0,0.9992723798343071,0.9973382353782654
0,0,1.0,0.0003323550073818094,0.0037712296470999718
0,0,1.0,0.018736798585589697,0.005530858878046274
0,0,1.0,0.001208276660041711,0.0038494530599564314
0,0,1.0,0.00017243613742564412,0.004630579613149166
1,0,1.0,0.9986232473595622,0.9975106716156006
1,0,1.0,0.9976583766997995,0.9954969882965088
0,0,1.0,0.001071677516039867,0.0018461383879184723
0,0,1.0,0.0001935353340843867,0.005521139595657587
0,0,1.0,0.02761368871866206,0.10240968316793442
0,0,1.0,0.0073154543467184455,0.02209538407623768
0,0,1.0,0.10610759072872415,0.013123155571520329
0,0,1.0,0.002889968174477803,0.003456146689131856
0,0,1.0,0.004313634013886064,0.003775214310735464
0,0,1.0,0.0015858441279702957,0.003055562963709235
0,0,1.0,0.005791341647550359,0.004699172917753458
0,0,1.0,0.0035259621510863566,0.0017920647514984012
1,0,1.0,0.998571133447711,0.9934899806976318
1,0,1.0,0.9956820263193458,0.9932287931442261
0,0,1.0,0.14026811894969665,0.6686882376670837
1,0,1.0,0.999556344018127,0.9952571988105774
0,0,1.0,0.0022089359740849065,0.00297952676191926
0,0,1.0,0.0008865047951301036,0.002088296227157116
0,0,1.0,0.014355729081868962,0.007285027764737606
0,0,1.0,0.007974956260678012,0.005360023584216833
0,0,1.0,0.00032265702247231775,0.004781145136803389
0,0,1.0,0.01171378321000993,0.006119375117123127
0,0,1.0,0.003111363921170453,0.0071790022775530815
0,0,1.0,0.00032959671361993857,0.004941151477396488
0,0,1.0,0.0002982898861301215,0.0017785319359973073
0,0,1.0,0.0014260575388473093,0.011684481985867023
0,0,1.0,0.3125482794153698,0.5537717342376709
0,0,1.0,0.0022233775935705815,0.004308867733925581
1,0,1.0,0.9922672832955179,0.9945000410079956
0,0,1.0,0.005401438815291969,0.00397884426638484
0,0,1.0,0.0006170318887285292,0.004772931803017855
1,0,1.0,0.9984955785037968,0.9976697564125061
1,0,1.0,0.9665043284513736,0.9843453764915466
0,0,1.0,0.0014364421377626392,0.005000281613320112
0,0,1.0,0.0005492841198267862,0.005623347125947475
0,0,1.0,0.008492894081186014,0.020500751212239265
0,0,1.0,0.06175596952372977,0.006749856285750866
0,0,1.0,0.012198064002911041,0.006340820342302322
0,0,1.0,0.001878712654291441,0.0021878026891499758
0,0,1.0,0.30731304465840276,0.13804411888122559
0,0,1.0,0.0052507992117697706,0.003934504464268684
0,0,1.0,0.0068860653583933526,0.0020362797658890486
0,0,1.0,0.005193043007915141,0.0038411826826632023
0,0,1.0,0.006966957515947371,0.0049392785876989365
0,0,1.0,0.0034764466502905183,0.008538591675460339
0,0,1.0,0.00045644151856940414,0.003327008569613099
0,0,1.0,0.038921834548854464,0.00876588560640812
1,0,1.0,0.9006580256360989,0.623789370059967
0,0,1.0,0.0022025604287578366,0.0018683748785406351
0,0,1.0,0.0003312940033058626,0.0019338579149916768
0,0,1.0,0.004627175456552692,0.005443184170871973
0,0,1.0,0.08526808861397772,0.005221324507147074
1,0,1.0,0.9998094958022938,0.9976546764373779
1,0,1.0,0.9975586074198705,0.9938554167747498
0,0,1.0,0.29027375731873234,0.019998272880911827
0,0,1.0,0.0027738680998904493,0.004136550240218639
0,0,1.0,0.011141295306751836,0.016589287668466568
0,0,1.0,0.012964154456110608,0.004750334657728672
0,0,1.0,0.00217904474599027,0.00668569328263402
0,0,1.0,0.10158935323264719,0.02929825522005558
1,0,1.0,0.8990660787723954,0.993177056312561
1,0,1.0,0.9918252503334514,0.9959965944290161
1,0,1.0,0.9967982368324789,0.9958057403564453
1,0,1.0,0.9998149920523134,0.9958633184432983
0,0,1.0,0.004122316151323535,0.004171703942120075
0,0,1.0,0.00391336437976527,0.006128430366516113
1,0,1.0,0.9985969353298865,0.9901690483093262
0,0,1.0,0.0012054488438253122,0.003975651692599058
1,0,1.0,0.7977898519835213,0.8292930126190186
0,0,1.0,0.035493251387654474,0.0022221177350729704
0,0,1.0,0.0036280132621840052,0.00558069022372365
0,0,1.0,0.010320428343706174,0.0030756196938455105
0,0,1.0,0.049583449274018455,0.002875925274565816
0,0,1.0,0.001997030748392493,0.004168310202658176
1,0,1.0,0.9967416634862293,0.9850303530693054
1,0,1.0,0.9999262734771206,0.993873119354248
0,0,1.0,0.0013662634743538623,0.006592122372239828
1,0,1.0,0.9990996353983403,0.9964625239372253
0,0,1.0,0.005206851771186296,0.00500973267480731
0,0,1.0,0.0009282515619117753,0.003514002077281475
0,0,1.0,0.0038961809232673996,0.005001681856811047
0,0,1.0,0.006873270695820955,0.37283217906951904
1,0,1.0,0.9986191438729174,0.9956264495849609
0,0,1.0,0.0027449245923059176,0.003857220755890012
1,0,1.0,0.9996709836912334,0.9957493543624878
0,0,1.0,0.01610945454911584,0.005563945975154638
0,0,1.0,0.005784413861070411,0.007116480730473995
1,0,1.0,0.9997091623398002,0.9934426546096802
0,0,1.0,0.004230104266001416,0.048951130360364914
0,0,1.0,0.01358129485356996,0.0019447003724053502
0,0,1.0,0.0053547236098192424,0.005411050282418728
0,0,1.0,0.0043077926974020705,0.0034447042271494865
0,0,1.0,0.0028542899609384034,0.005471892189234495
1,0,1.0,0.9955163393130673,0.9972360730171204
1,0,1.0,0.9943693464550455,0.9939678907394409
0,0,1.0,0.005242571687675311,0.0031280287075787783
0,0,1.0,0.001690015133223759,0.0017984965816140175
0,0,1.0,0.036981608947685145,0.0019414917333051562
0,0,1.0,0.006653435348982828,0.003208400681614876
0,0,1.0,0.0003171053485123665,0.0055968924425542355
0,0,1.0,0.01911035465761244,0.004760713782161474
0,0,1.0,0.00015937207582614668,0.0020172353833913803
1,0,1.0,0.9938342467428619,0.9920853972434998
1,0,1.0,0.9364576865051727,0.3895270824432373
0,0,1.0,0.07705719618962978,0.004549718927592039
0,0,1.0,0.0011096327979147258,0.0030197775922715664
0,0,1.0,0.004193631747612158,0.0019254878861829638
1,0,1.0,0.9976538918936042,0.9919513463973999
0,0,1.0,0.022678778618990137,0.004747050814330578
0,0,1.0,0.3501256989992038,0.7753739356994629
0,0,1.0,0.002542896762705587,0.003384960349649191
0,0,1.0,0.0011499038505170297,0.0018516505369916558
0,0,1.0,0.00047918921926341974,0.004536370746791363
1,0,1.0,0.9918333045883074,0.9944719076156616
0,0,1.0,0.013189755601687113,0.0220588818192482
1,0,1.0,0.9981964366643301,0.9949406385421753
1,0,1.0,0.9866855357828296,0.9960344433784485
0,0,1.0,0.023653032505165192,0.002020045882090926
0,0,1.0,0.000262523352638573,0.0030083332676440477
1,0,1.0,0.9991468282767045,0.9924095869064331
0,0,1.0,0.011004331002305663,0.0023025013506412506
0,0,1.0,0.00040041151809931056,0.0017881307285279036
1,0,1.0,0.9436454494886836,0.9865195751190186
1,0,1.0,0.9991648201464783,0.9953226447105408
0,0,1.0,0.004404000568627079,0.0031033826526254416
1,0,1.0,0.9999679793795615,0.9975059628486633
1,0,1.0,0.9970904459677176,0.9868350625038147
0,0,1.0,0.005502417855057882,0.004608832765370607
1,0,1.0,0.8118858012750874,0.0466650128364563
0,0,1.0,0.005200956555349609,0.003859038697555661
1,0,1.0,0.996969434032569,0.9931875467300415
1,0,1.0,0.9882678749293944,0.991907000541687
0,0,1.0,0.003838578001497775,0.005913061089813709
0,0,1.0,0.0020071057204886582,0.006632866803556681
0,0,1.0,0.00895708730797816,0.0030792271718382835
0,0,1.0,0.00018523635026318895,0.00191039580386132
0,0,1.0,0.0010657357526523245,0.0018257657065987587
0,0,1.0,0.08419481290273276,0.0021758624352514744
0,0,1.0,0.013030763945676694,0.00697054248303175
1,0,1.0,0.9993403278981637,0.9957043528556824
0,0,1.0,0.0009776568780842884,0.0037942572962492704
0,0,1.0,0.10129957576115887,0.03829522058367729
0,0,1.0,0.0023558672854517566,0.0049329339526593685
1,0,1.0,0.9995405612151964,0.9961983561515808
1,0,1.0,0.9846423164608044,0.6049994230270386
0,0,1.0,0.010196904663277804,0.004312623292207718
0,0,1.0,0.0031738747276193516,0.0019496220629662275
0,0,1.0,0.007050715243824601,0.005223026033490896
0,0,1.0,0.002366817121909632,0.004286756739020348
0,0,1.0,0.00016343456823941874,0.005637809168547392
1,0,1.0,0.9997479472386338,0.9940779209136963
0,0,1.0,0.0011440103422850718,0.0035767764784395695
1,0,1.0,0.9758272594768569,0.9939337372779846
0,0,1.0,0.008051353416840705,0.0030504208989441395
0,0,1.0,0.00026454886427253795,0.0058974758721888065
1,0,1.0,0.9586703405415031,0.9907435774803162
0,0,1.0,0.0004096773998261749,0.005568329710513353
0,0,1.0,0.013236271357668129,0.006128163076937199
0,0,1.0,0.005463421221299,0.019356971606612206
0,0,1.0,7.967032233329194e-05,0.004671541508287191
0,0,1.0,0.006680232935578261,0.010487359017133713
0,0,1.0,0.0019762472093470852,0.0047746943309903145
1,0,1.0,0.9947962975250259,0.22087951004505157
0,0,1.0,0.012036263273283922,0.00592344393953681
0,0,1.0,0.008456410295441509,0.0046663228422403336
0,0,1.0,0.004085321454057822,0.06706945598125458
0,0,1.0,0.0007088748401046815,0.005190121475607157
0,0,1.0,0.00022415364781996688,0.004554690793156624
0,0,1.0,0.315283386850642,0.3028718829154968
0,0,1.0,0.004783816974760877,0.0017739580944180489
0,0,1.0,0.00321750598433225,0.004608874209225178
1,0,1.0,0.903460037328381,0.24531404674053192
0,0,1.0,0.0652814207858765,0.05226849764585495
0,0,1.0,0.05172303486987794,0.0046696970239281654
1,0,1.0,0.9307752575525663,0.9837360978126526
0,0,1.0,0.002356684044304647,0.008784114383161068
1,0,1.0,0.9414771793565533,0.9908017516136169
0,0,1.0,0.0015104528740608881,0.00317007047124207
0,0,1.0,0.0001479961540539203,0.0019426671788096428
0,0,1.0,0.0005487388179049227,0.0019889192190021276
0,0,1.0,0.00026739206430302176,0.0017819367349147797
0,0,1.0,0.015423249627063871,0.0017855706391856074
0,0,1.0,0.001196298846719436,0.005964824464172125
0,0,1.0,0.06446711440448866,0.001964902738109231
0,0,1.0,0.6460759568955349,0.9795030355453491
0,0,1.0,0.004747535523413336,0.007885501720011234
1,0,1.0,0.9844655422079415,0.9839544296264648
0,0,1.0,0.021365626470585125,0.00425786292180419
0,0,1.0,0.011018824878813586,0.03281387686729431
0,0,1.0,0.0029604303238517093,0.004068831447511911
0,0,1.0,0.0012383097696081226,0.00655414117500186
0,0,1.0,0.007472569201647337,0.0020225709304213524
0,0,1.0,0.00023652489284182768,0.004682000260800123
0,0,1.0,0.007896175177977544,0.0050809867680072784
0,0,1.0,0.3405592362736767,0.05115422606468201
1,0,1.0,0.9990079748425228,0.9939100742340088
0,0,1.0,0.0005757174385708387,0.0038917178753763437
0,0,1.0,0.0008058365864053873,0.00192416796926409
1,0,1.0,0.9988492040792454,0.6556571125984192
1,0,1.0,0.997949687642117,0.9968065023422241
0,0,1.0,0.0007863168049543848,0.001997312530875206
0,0,1.0,0.005679970948744472,0.0160613302141428
0,0,1.0,0.001864678737951119,0.005667166784405708
0,0,1.0,0.11583976855431098,0.0019426922081038356
1,0,1.0,0.9991921863994232,0.995868444442749
1,0,1.0,0.995642786887482,0.9977165460586548
1,0,1.0,0.9992872277814029,0.9976625442504883
1,0,1.0,0.9942787873364262,0.9937353730201721
1,0,1.0,0.993979538243026,0.9757827520370483
0,0,1.0,0.0003846770545539783,0.0030961274169385433
0,0,1.0,0.09524907724606388,0.001955814892426133
0,0,1.0,0.004067102380602415,0.003914436791092157
0,0,1.0,0.005307955010555929,0.008165372535586357
0,0,1.0,0.002656752263325192,0.008739231154322624
1,0,1.0,0.9988956862010813,0.9956310987472534
0,0,1.0,0.0005817864399898776,0.004710422363132238
0,0,1.0,0.0001755644778707631,0.00470736064016819
0,0,1.0,0.0013901909034332166,0.012704499997198582
0,0,1.0,0.018744026438553597,0.019079511985182762
1,0,1.0,0.9988930551761052,0.9977353811264038
0,0,1.0,0.0010800023540962402,0.001798984594643116
1,0,1.0,0.9989830665862515,0.9963065385818481
0,0,1.0,0.009665635402975698,0.004809432663023472
0,0,1.0,0.000610689324851979,0.004563407506793737
0,0,1.0,0.008684524896343158,0.008376725018024445
0,0,1.0,0.0006179966034713732,0.0019445903599262238
0,0,1.0,0.0005390896709862715,0.005485131870955229
1,0,1.0,0.9993427567234792,0.9527934789657593
0,0,1.0,0.014378919413004577,0.026870012283325195
1,0,1.0,0.8613538027271588,0.9910216927528381
0,0,1.0,0.0313895286754843,0.01144085917621851
0,0,1.0,0.0008047360974979607,0.005637092515826225
0,0,1.0,0.014182038201121742,0.00784288439899683
0,0,1.0,0.0034430464004934764,0.0018029765924438834
0,0,1.0,0.0006250981656368127,0.003554391907528043
0,0,1.0,0.010727325587338597,0.025034841150045395
1,0,1.0,0.9914768590086687,0.959932267665863
0,0,1.0,0.040911360439416386,0.03520729020237923
0,0,1.0,0.46161743556639456,0.9748168587684631
1,0,1.0,0.9999646090430924,0.9960660338401794
1,0,1.0,0.9998878822699313,0.9917055368423462
0,0,1.0,0.0006823234302319898,0.0047666956670582294
0,0,1.0,0.0012205715995491633,0.00446324935182929
0,0,1.0,0.0008284187394854619,0.0018044954631477594
0,0,1.0,0.0023559302597719062,0.005626355297863483
0,0,1.0,0.00018514800621532336,0.00315919634886086
0,0,1.0,0.002789871084308383,0.005940109025686979
0,0,1.0,0.0073258614200277196,0.003127640811726451
0,0,1.0,0.018998203267979755,0.057880949229002
0,0,1.0,0.05243102070446634,0.002021331572905183
0,0,1.0,0.005759228980833332,0.010824414901435375
1,0,1.0,0.9997666316900508,0.9961931705474854
0,0,1.0,0.0033297667944983465,0.006897955667227507
0,0,1.0,0.03463647645545872,0.015260246582329273
0,0,1.0,0.010753358465923882,0.08093062788248062
0,0,1.0,0.044515528904515364,0.00407538702711463
1,0,1.0,0.9949899244784217,0.9976025223731995
1,0,1.0,0.9984023181204913,0.9931960105895996
0,0,1.0,0.00011974183778451481,0.004681689199060202
0,0,1.0,0.14399201257906083,0.1948627233505249
0,0,1.0,0.0033994569105126582,0.0055046360939741135
1,0,1.0,0.9986842722919504,0.9942079782485962
1,0,1.0,0.9997476643298446,0.9962175488471985
0,0,1.0,0.004726479431116911,0.01012621819972992
0,0,1.0,0.0008760232311961641,0.004635696765035391
0,0,1.0,0.0022838598240997876,0.004047987051308155
0,0,1.0,0.00858870521317649,0.008156468160450459
0,0,1.0,0.005411543836515471,0.004934434313327074
0,0,1.0,0.007363437125812548,0.009843525476753712
0,0,1.0,0.0019775407737946376,0.004251107573509216
0,0,1.0,0.0003817494551101933,0.00394626148045063
0,0,1.0,0.010066608894727299,0.011500893160700798
1,0,1.0,0.9911409866320069,0.4757159650325775
1,0,1.0,0.9884209197071402,0.995715320110321
1,0,1.0,0.9941242333677069,0.996457040309906
1,0,1.0,0.9994897417013574,0.994094967842102
0,0,1.0,0.010000285707542932,0.014515586197376251
0,0,1.0,0.00011556873094742688,0.004538948647677898
1,0,1.0,0.9996639800208018,0.9958957433700562
0,0,1.0,0.003480075161922084,0.0020706080831587315
0,0,1.0,0.007871049580238617,0.00438560638576746
0,0,1.0,0.00046416777444803774,0.005896751303225756
1,0,1.0,0.9984043130490687,0.991434633731842
1,0,1.0,0.9979594299757076,0.9975180625915527
0,0,1.0,0.0018182742738541678,0.0018972016405314207
0,0,1.0,0.1646406720137426,0.04818444326519966
0,0,1.0,0.000868448043159754,0.004727119579911232
0,0,1.0,0.0007329157492536015,0.0031955575104802847
0,0,1.0,0.101317418156871,0.002614809200167656
0,0,1.0,0.0050702763431978845,0.0019323040032759309
0,0,1.0,0.0004920460362721269,0.004836748819798231
1,0,1.0,0.9907211496790426,0.9949501752853394
0,0,1.0,0.0005573961003536142,0.0031427491921931505
0,0,1.0,0.003633765521246059,0.0031337004620581865
1,0,1.0,0.9889605076773926,0.9961603879928589
0,0,1.0,0.2440696165801281,0.05932902544736862
0,0,1.0,0.0052926355075074705,0.0029678407590836287
1,0,1.0,0.9438453502671066,0.9950656294822693
0,0,1.0,0.6725804305351423,0.04139682650566101
0,0,1.0,0.0007891908156970157,0.005510551389306784
0,0,1.0,0.7046677565896763,0.12398995459079742
0,0,1.0,0.003434931508541264,0.0048565324395895
0,0,1.0,0.0009976100416985085,0.003328729420900345
0,0,1.0,0.014058935341807827,0.006538205314427614
0,0,1.0,0.0007226699903336439,0.006313144229352474
0,0,1.0,0.009217573057337256,0.025989266112446785
1,0,1.0,0.9130223374939593,0.9840520620346069
0,0,1.0,0.009349363786710039,0.016104966402053833
0,0,1.0,0.006824244354363191,0.0032132663764059544
0,0,1.0,0.0007862087552312183,0.003139843698590994
0,0,1.0,0.000156083003484879,0.004074098076671362
0,0,1.0,0.00022645574306639677,0.0017948809545487165
0,0,1.0,0.0012179540579523318,0.0045344955287873745
0,0,1.0,0.0016822568226252542,0.0019368145149201155
0,0,1.0,0.003469407773112998,0.03908582031726837
1,0,1.0,0.9280034355954034,0.9959993362426758
1,0,1.0,0.9977971046968963,0.9925075173377991
0,0,1.0,0.0016045641459680134,0.0031594231259077787
1,0,1.0,0.9930098214658105,0.9973432421684265
1,0,1.0,0.9986641559525112,0.995372474193573
0,0,1.0,7.929078407746681e-05,0.0033525368198752403
1,0,1.0,0.9996369444452475,0.9942799806594849
0,0,1.0,0.0006042154440221966,0.003806773805990815
0,0,1.0,0.005763995449641765,0.03228890523314476
1,0,1.0,0.9983961808190819,0.9673098921775818
0,0,1.0,0.004735305907103164,0.004659307189285755
0,0,1.0,0.0020417958357320156,0.004486927296966314
0,0,1.0,0.008096578569175311,0.006660054437816143
0,0,1.0,0.006438456312229047,0.003952665254473686
0,0,1.0,0.005108078670835345,0.005640967283397913
1,0,1.0,0.9995579338539223,0.9959666728973389
1,0,1.0,0.9990079042284368,0.9402332901954651
0,0,1.0,0.0005540067531133073,0.00559703866019845
0,0,1.0,0.0018946183955472192,0.005812688730657101
1,0,1.0,0.999687718459979,0.995154619216919
1,0,1.0,0.9967860990613635,0.9974626302719116
0,0,1.0,0.004938245761698609,0.0018472351366654038
0,0,1.0,0.014422182475760105,0.00205287616699934
0,0,1.0,0.0009002221707051522,0.003876469796523452
1,0,1.0,0.9995584347084727,0.9976390600204468
0,0,1.0,0.03115664782535357,0.0057305023074150085
0,0,1.0,0.0013881620924970867,0.004756992217153311
1,0,1.0,0.9935544806837205,0.9956055283546448
0,0,1.0,0.00035857829128310584,0.003794311545789242
0,0,1.0,0.0015629920695487082,0.00360108888708055
1,0,1.0,0.9978524853031866,0.9977040886878967
1,0,1.0,0.9983298645359723,0.9948890805244446
0,0,1.0,0.0018649617314468252,0.0029903328977525234
0,0,1.0,0.0006798595282600321,0.004689111839979887
0,0,1.0,0.005773901743925259,0.0036781819071620703
1,0,1.0,0.9958407345157795,0.9963464140892029
1,0,1.0,0.9871277838789394,0.9930965304374695
0,0,1.0,0.0004324679762168226,0.001832469366490841
0,0,1.0,0.0031399199334762235,0.003888866398483515
0,0,1.0,0.016683184859994933,0.14917482435703278
0,0,1.0,0.0028387875966574406,0.005721950437873602
1,0,1.0,0.9982505764842035,0.9977074861526489
0,0,1.0,0.0019423288365392687,0.006060574669390917
0,0,1.0,0.003438685126646105,0.001830321503803134
0,0,1.0,0.5231854313827212,0.9873940944671631
1,0,1.0,0.9994690707702655,0.9962775111198425
1,0,1.0,0.7216596083073326,0.39044034481048584
1,0,1.0,0.9955801795947884,0.9926791191101074
0,0,1.0,0.0020914077820395434,0.0017880960367619991
1,0,1.0,0.7569151869308799,0.8336039185523987
1,0,1.0,0.9997783798587775,0.9975537657737732
1,0,1.0,0.9995283621192445,0.9699640274047852
0,0,1.0,0.001059959987091998,0.008185474202036858
0,0,1.0,0.005253626392438299,0.0037377611733973026
0,0,1.0,0.00023605383397621565,0.0018313045147806406
0,0,1.0,0.0056673537160331095,0.009033203125
1,0,1.0,0.9994747003812672,0.9963483214378357
1,0,1.0,0.9995843328536054,0.9975489974021912
0,0,1.0,0.25557868538048434,0.005747983697801828
0,0,1.0,0.005325749290067849,0.0038443494122475386
0,0,1.0,0.0012392440362531268,0.003766787936910987
0,0,1.0,0.0006089768532492655,0.0018530013039708138
1,0,1.0,0.9999655910894655,0.9959065914154053
0,0,1.0,0.006916668935060554,0.05449914559721947
1,0,1.0,0.9995501172919362,0.9975872039794922
0,0,1.0,0.0006542712652039113,0.003922704141587019
1,0,1.0,0.9560050501399769,0.9127419590950012
0,0,1.0,0.006163382966050523,0.005752637982368469
1,0,1.0,0.9987059986646962,0.9950264096260071
1,0,1.0,0.9993886479988124,0.997657060623169
1,0,1.0,0.8948251098914999,0.8757911324501038
0,0,1.0,0.0012346422486374364,0.0038198884576559067
0,0,1.0,0.0004011822513237578,0.0030713125597685575
0,0,1.0,0.00043042418818521876,0.006289997603744268
1,0,1.0,0.9731874209807564,0.9966217279434204
0,0,1.0,0.0009226010031235624,0.0019250940531492233
0,0,1.0,0.001234027282307318,0.007178057450801134
0,0,1.0,0.00018340208227404583,0.004546344745904207
0,0,1.0,0.0011846576685374858,0.003935166168957949
0,0,1.0,0.012054089755576492,0.006257347762584686
0,0,1.0,0.05991311521097393,0.006383725441992283
1,0,1.0,0.9994917740258354,0.9952351450920105
0,0,1.0,0.00023121829531425292,0.0039095631800591946
0,0,1.0,0.015236703342300687,0.23815765976905823
0,0,1.0,0.0016848729826187863,0.05723277106881142
1,0,1.0,0.9999500429729326,0.9957925081253052
0,0,1.0,0.0005641242964610261,0.003784254426136613
0,0,1.0,0.9817308139486511,0.9027894139289856
0,0,1.0,0.0011620174057049228,0.005757808219641447
1,0,1.0,0.9971993776129068,0.987500011920929
0,0,1.0,0.3252753782509033,0.054251834750175476
1,0,1.0,0.9887054598976788,0.9970172643661499
0,0,1.0,0.0013602457575088776,0.03263864666223526
0,0,1.0,0.017716139562736228,0.06847544759511948
1,0,1.0,0.9976511677946016,0.9462613463401794
0,0,1.0,0.00019282899804416443,0.004977464210242033
0,0,1.0,0.00586149613902081,0.004300365690141916
0,0,1.0,0.0006613381336166034,0.005590969696640968
0,0,1.0,0.014137663883066138,0.00558964628726244
1,0,1.0,0.9692745328699764,0.9963297247886658
1,0,1.0,0.9997854523251499,0.9964128136634827
0,0,1.0,0.027406448164568494,0.008467597886919975
1,0,1.0,0.999050508880887,0.9963995218276978
0,0,1.0,0.0008536738224096986,0.005541798658668995
1,0,1.0,0.9589524785436958,0.8525301218032837
0,0,1.0,0.0008158374390416162,0.004578088875859976
1,0,1.0,0.8948578563683962,0.9974986910820007
1,0,1.0,0.9860718990574469,0.9763784408569336
1,0,1.0,0.9927009339721377,0.9958993792533875
0,0,1.0,0.0005066748155839756,0.004733429756015539
1,0,1.0,0.9996785024917368,0.9958475828170776
0,0,1.0,0.02086791017518208,0.2891327440738678
0,0,1.0,0.0014271710362005671,0.0031020743772387505
0,0,1.0,0.001140491826383999,0.004754220135509968
0,0,1.0,0.0004808097052549073,0.0038607472088187933
0,0,1.0,0.0006468333172942912,0.0037765218876302242
0,0,1.0,0.0008159482293719141,0.006478278432041407
0,0,1.0,0.002643409885465831,0.001797633827663958
0,0,1.0,0.024160126270013325,0.004723390098661184
0,0,1.0,0.004050859146176215,0.00703067472204566
1,0,1.0,0.9732688905934076,0.9946744441986084
1,0,1.0,0.8689413033554042,0.9878299236297607
0,0,1.0,0.00020882497984759323,0.0030139435548335314
1,0,1.0,0.9993155340249326,0.9950260519981384
1,0,1.0,0.9982415218042773,0.9963237047195435
0,0,1.0,0.01540048172297633,0.006105546373873949
0,0,1.0,0.0008170056144601894,0.006320842541754246
1,0,1.0,0.9115237088809782,0.9913971424102783
0,0,1.0,0.0004965910671174877,0.005427743773907423
0,0,1.0,0.01154980053684565,0.004595403093844652
0,0,1.0,0.00033043452320010515,0.003120827255770564
0,0,1.0,0.0006542468734942447,0.0020261264871805906
0,0,1.0,0.0006205779535229586,0.00473799416795373
1,0,1.0,0.9994756848552359,0.9977485537528992
0,0,1.0,0.0007707545896886917,0.005524379201233387
1,0,1.0,0.9971037828093167,0.9957835674285889
0,0,1.0,0.01330451864684591,0.004903176333755255
0,0,1.0,0.0029513517811548514,0.0018782055703923106
0,0,1.0,0.009739491725390275,0.030089033767580986
0,0,1.0,0.014871411045083754,0.007903967052698135
0,0,1.0,0.01679939460394122,0.007072696927934885
1,0,1.0,0.9954386386421765,0.9960904717445374
0,0,1.0,0.0010004258417304812,0.0031327682081609964
0,0,1.0,0.001701644795807591,0.003076842287555337
0,0,1.0,0.005630979644938627,0.00559838954359293
0,0,1.0,0.0033451617108424194,0.050259772688150406
1,0,1.0,0.9994445206336187,0.9961977601051331
0,0,1.0,0.0004902610282472368,0.0059255980886518955
0,0,1.0,0.005743990704638783,0.0018082037568092346
0,0,1.0,0.004535148145737371,0.004690966103225946
1,0,1.0,0.9915080691994373,0.9910277724266052
1,0,1.0,0.9725387413330063,0.9875850677490234
0,0,1.0,0.0005325228103015156,0.00555210979655385
0,0,1.0,0.04357952743233673,0.022864598780870438
0,0,1.0,0.00036314154311229986,0.0039027889724820852
0,0,1.0,0.00562002116712327,0.0019167474238201976
0,0,1.0,0.002750960809844819,0.018794294446706772
0,0,1.0,0.009799008371649801,0.0018890396459028125
1,0,1.0,0.9284082992992553,0.9943126440048218
0,0,1.0,0.01908866344177373,0.11042162775993347
0,0,1.0,0.0011846227495787842,0.004456664901226759
1,0,1.0,0.993718788694186,0.9955548644065857
0,0,1.0,0.026865679871226116,0.0019637958612293005
0,0,1.0,0.013838269916389541,0.0038745515048503876
1,0,1.0,0.9346968249761827,0.9700586199760437
0,0,1.0,0.0016870595662779484,0.0038655439857393503
0,0,1.0,0.014205676953311062,0.0019018866587430239
1,0,1.0,0.9992637011022163,0.9938595294952393
0,0,1.0,0.002687433575939609,0.005985093768686056
0,0,1.0,0.006632739117915935,0.007428864482790232
1,0,1.0,0.9176331032555475,0.9951807260513306
1,0,1.0,0.9989578912015212,0.9956693649291992
0,0,1.0,0.002498386414513664,0.0062563163228333
0,0,1.0,0.004054450803992799,0.005933883599936962
0,0,1.0,0.0005848903758271174,0.0032790175173431635
0,0,1.0,0.009217361134532065,0.05327668413519859
1,0,1.0,0.9998408841123909,0.9962326884269714
0,0,1.0,0.004524595265898879,0.006345162633806467
0,0,1.0,0.00297474729589438,0.004751493688672781
1,0,1.0,0.9601002821892521,0.9492745399475098
0,0,1.0,0.00012758966527005302,0.003908704966306686
0,0,1.0,0.005525383169950364,0.18620191514492035
0,0,1.0,0.0006187215141523545,0.0019755372777581215
0,0,1.0,0.0012250770740489005,0.003834689036011696
0,0,1.0,0.0011545976899408773,0.003079022280871868
1,0,1.0,0.9967552835886538,0.9960741996765137
1,0,1.0,0.9974540644421659,0.9972898960113525
0,0,1.0,0.0021919413427842487,0.003825432388111949
1,0,1.0,0.9998299272414186,0.9963249564170837
0,0,1.0,0.0016670754854378456,0.001820688252337277
0,0,1.0,0.0004928066680407486,0.006015604827553034
0,0,1.0,0.0375805338657217,0.003954635001718998
1,0,1.0,0.998246894366277,0.9940535426139832
0,0,1.0,0.03177003875944402,0.09183099120855331
0,0,1.0,0.00043905121353832535,0.0030640442855656147
0,0,1.0,0.00011629402327231108,0.0038702585734426975
1,0,1.0,0.9969538432589048,0.9959139227867126
0,0,1.0,0.0023510455298025455,0.0049955411814153194
0,0,1.0,0.00424442098256293,0.001875663991086185
0,0,1.0,0.0148740254544112,0.010654954239726067
1,0,1.0,0.9816546220525447,0.9892953038215637
1,0,1.0,0.9981598725637739,0.994621992111206
1,0,1.0,0.9953084311446058,0.9954981803894043
1,0,1.0,0.9999922944179518,0.9973742961883545
0,0,1.0,0.0014377146570402064,0.009037990123033524
0,0,1.0,0.0007160088246740164,0.006160496734082699
0,0,1.0,0.010953801923241056,0.07106680423021317
0,0,1.0,0.00688661502963132,0.0019186766585335135
1,0,1.0,0.9991333098412196,0.9828039407730103
0,0,1.0,0.0018418339601643599,0.0037652994506061077
0,0,1.0,0.0974961510047176,0.06594014912843704
0,0,1.0,0.000869594807564977,0.0018814746290445328
1,0,1.0,0.9748791542831403,0.9972459077835083
0,0,1.0,0.0035839169949691595,0.005684456788003445
1,0,1.0,0.9913086652725733,0.9804310202598572
0,0,1.0,0.05215919041236888,0.36010095477104187
0,0,1.0,0.00881867145925534,0.00208781729452312
0,0,1.0,0.002762178477824897,0.004535864107310772
1,0,1.0,0.9974231608408364,0.9963653087615967
0,0,1.0,0.0014120557968499959,0.0068978313356637955
0,0,1.0,0.0029434314667250872,0.0018072108505293727
0,0,1.0,0.061507130244594525,0.024643616750836372
0,0,1.0,0.023517920967925654,0.007828956469893456
1,0,1.0,0.9920247605159065,0.9920902252197266
0,0,1.0,0.0009749448131505625,0.01794995367527008
0,0,1.0,0.00014459129977963396,0.0055842953734099865
0,0,1.0,0.03662439434912162,0.20584607124328613
0,0,1.0,0.014435345346309086,0.007433440536260605
0,0,1.0,0.01244484977432975,0.0020314983557909727
0,0,1.0,0.0024398963801545172,0.005141656845808029
1,0,1.0,0.9983667404650598,0.9938517808914185
0,0,1.0,0.010763280787604784,0.007741861045360565
0,0,1.0,0.0023277806496747474,0.006376167759299278
0,0,1.0,6.46465512727135e-05,0.004782009404152632
0,0,1.0,0.003100957975445703,0.005515385419130325
0,0,1.0,0.0005929003373139753,0.005593412090092897
1,0,1.0,0.99993143023399,0.997557520866394
1,0,1.0,0.9995102674345095,0.9921185970306396
0,0,1.0,0.0015044451202484886,0.007068265229463577
1,0,1.0,0.9929182146252827,0.9939839243888855
1,0,1.0,0.9927013549300092,0.8626031875610352
0,0,1.0,0.001723245597752176,0.01484010275453329
0,0,1.0,0.005574933410626853,0.00561660248786211
1,0,1.0,0.9996873401965699,0.9964501857757568
0,0,1.0,0.00045026157962112207,0.004962388891726732
0,0,1.0,0.00415017726312146,0.0046849786303937435
0,0,1.0,0.0011894321001381385,0.00745013915002346
1,0,1.0,0.9381679494518985,0.9719741344451904
0,0,1.0,0.0003022484233823385,0.0045849233865737915
0,0,1.0,0.01811427988633072,0.008460965938866138
0,0,1.0,0.000882477790349863,0.006750505417585373
0,0,1.0,0.006466092317129902,0.008175392635166645
0,0,1.0,0.0010440100081463423,0.0018260733922943473
1,0,1.0,0.9989492993679588,0.9957265853881836
0,0,1.0,0.0008455745451058175,0.004900215193629265
0,0,1.0,0.0003653603231153643,0.005658915266394615
0,0,1.0,0.000433363180878636,0.004785382654517889
0,0,1.0,0.00022098212508531403,0.004613371565937996
0,0,1.0,0.0016596349220021776,0.004054618999361992
0,0,1.0,0.002919903368605714,0.016185877844691277
0,0,1.0,0.0009025447450686815,0.0038914757315069437
0,0,1.0,0.009297945425311323,0.00193978869356215
1,0,1.0,0.9567115804323347,0.995586633682251
0,0,1.0,8.775060009630848e-05,0.0037975735031068325
0,0,1.0,0.00021474388632124617,0.004114430397748947
0,0,1.0,0.42087773627221703,0.09989690035581589
0,0,1.0,0.0124985523969804,0.004799945745617151
0,0,1.0,0.011034884146299172,0.005007503554224968
0,0,1.0,0.004946646060650243,0.014091926626861095
0,0,1.0,0.00026157861305242794,0.0018800031393766403
0,0,1.0,0.0384986628509295,0.22447088360786438
0,0,1.0,0.00016228232126545456,0.003164101392030716
0,0,1.0,0.00016135756604446918,0.0054888008162379265
0,0,1.0,0.0121123439811737,0.0018632902065292
0,0,1.0,0.0013400691985138386,0.0018952660029754043
1,0,1.0,0.9420782322809846,0.9953762292861938
0,0,1.0,0.00276729427195244,0.0038417447358369827
0,0,1.0,0.0009298350374909257,0.00184454838745296
1,0,1.0,0.6738904131316383,0.2236117124557495
0,0,1.0,0.02860406625324242,0.0028102868236601353
0,0,1.0,0.014732611905484687,0.11659819632768631
0,0,1.0,0.8649002357101361,0.7243849635124207
0,0,1.0,0.0008037414061702796,0.004474306013435125
0,0,1.0,0.0015905099238727335,0.003042822703719139
0,0,1.0,0.015273030004790647,0.002215673914179206
0,0,1.0,0.045295037051009804,0.0055037569254636765
0,0,1.0,0.013219686723611556,0.01666327379643917
0,0,1.0,0.004061580838497066,0.00571039691567421
0,0,1.0,0.00303273719811262,0.003712709527462721
0,0,1.0,0.029380705229749577,0.22020688652992249
0,0,1.0,0.02555095604490315,0.006519017741084099
0,0,1.0,0.043635541268824345,0.015171968378126621
0,0,1.0,0.0016574198642358509,0.0018108427757397294
0,0,1.0,0.0006292338792942705,0.003230985254049301
1,0,1.0,0.9995921489957108,0.9942660927772522
0,0,1.0,0.057053571970703744,0.009029806591570377
0,0,1.0,0.0058026809750560985,0.0019197125220671296
0,0,1.0,0.038178908673166215,0.4297151267528534
1,0,1.0,0.9940701232500667,0.9973383545875549
0,0,1.0,8.841808498646142e-05,0.003956788219511509
1,0,1.0,0.9857389217895355,0.9808444976806641
0,0,1.0,0.0017096369964933347,0.003733724122866988
0,0,1.0,0.0022938777032059992,0.005933993961662054
1,0,1.0,0.9999465082309263,0.9958319067955017
0,0,1.0,0.04782244889512633,0.024334775283932686
0,0,1.0,0.0012475471081578174,0.0018467966001480818
0,0,1.0,0.004454731713359282,0.003076397581025958
0,0,1.0,0.014696216364729417,0.008486590348184109
1,0,1.0,0.9999109905340281,0.9942246079444885
1,0,1.0,0.9999108928299216,0.9926941394805908
0,0,1.0,0.0004913205393735143,0.005637688562273979
0,0,1.0,0.031108985299588134,0.8375818133354187
1,0,1.0,0.27200230432296957,0.026881778612732887
0,0,1.0,0.3914463098665145,0.013887436129152775
1,0,1.0,0.9983007737606641,0.9961567521095276
1,0,1.0,0.9937996119786222,0.9953634738922119
0,0,1.0,0.001448911672575396,0.004990214016288519
1,0,1.0,0.9705605704061511,0.9682244062423706
0,0,1.0,0.0014599163089329581,0.0038203399162739515
0,0,1.0,0.0017914121859209005,0.003718520514667034
0,0,1.0,0.0020329060003917965,0.003169154515489936
0,0,1.0,0.0006688242840889177,0.010498717427253723
0,0,1.0,0.0071294594239208415,0.009020376950502396
0,0,1.0,0.09335803987877986,0.057254962623119354
0,0,1.0,0.0010932022677962894,0.001796521944925189
0,0,1.0,9.754257878292199e-05,0.005988309159874916
0,0,1.0,0.0008163261415530019,0.004744087345898151
0,0,1.0,0.003479715158204035,0.04669798165559769
0,0,1.0,0.001018696989406381,0.005535983946174383
1,0,1.0,0.9932861131913151,0.9842221140861511
0,0,1.0,0.02231057649954575,0.02421284280717373
0,0,1.0,0.04746013116255873,0.0063005005940794945
1,0,1.0,0.9988160727791533,0.9952066540718079
1,0,1.0,0.9977993459756836,0.997433602809906
1,0,1.0,0.9972258493053158,0.970622181892395
0,0,1.0,0.03631356472662475,0.012797565199434757
0,0,1.0,0.009957732872423738,0.0019361786544322968
0,0,1.0,0.0018170942056263215,0.004679876379668713
0,0,1.0,0.0006425912834995268,0.006390415597707033
0,0,1.0,0.007376171317633306,0.18325747549533844
0,0,1.0,0.0013546044628555394,0.010053636506199837
1,0,1.0,0.696045232494866,0.009988629259169102
0,0,1.0,0.0006547199415737767,0.005824836436659098
1,0,1.0,0.9988996520573491,0.9958735108375549
1,0,1.0,0.9998229481576967,0.9954935312271118
1,0,1.0,0.9996525783839784,0.9942606687545776
0,0,1.0,0.013155876058786023,0.005556018091738224
0,0,1.0,0.0002969837616139686,0.0060004014521837234
1,0,1.0,0.9990290566881409,0.9954391121864319
1,0,1.0,0.9998813946975688,0.9932582378387451
1,0,1.0,0.9970771908753872,0.9962855577468872
0,0,1.0,0.3696492977322084,0.10246880352497101
0,0,1.0,0.0055412880779222825,0.002270306460559368
0,0,1.0,0.005120942145891098,0.003922912757843733
0,0,1.0,0.0004827328310822024,0.003515200922265649
0,0,1.0,0.001131234771832498,0.0018979376181960106
0,0,1.0,0.04326109852748097,0.0027945255860686302
1,0,1.0,0.9535015929907619,0.942963182926178
0,0,1.0,0.003568977269780536,0.006757718976587057
0,0,1.0,0.0009118865322386261,0.004643256310373545
0,0,1.0,0.0001001009568764138,0.003932113293558359
1,0,1.0,0.9981303716098802,0.9912842512130737
1,0,1.0,0.9993257951516205,0.9944449067115784
1,0,1.0,0.9994646069542136,0.9937591552734375
0,0,1.0,0.0027285432261746003,0.0017846716800704598
0,0,1.0,0.018148915764814394,0.05888646841049194
1,0,1.0,0.9936042188961272,0.9960781931877136
0,0,1.0,0.0003299489847782666,0.0018365730065852404
0,0,1.0,0.005595537102816293,0.0038591744378209114
0,0,1.0,0.01985983364307991,0.006855355110019445
1,0,1.0,0.9994168114392503,0.9937752485275269
1,0,1.0,0.9984333075193793,0.9963849782943726
0,0,1.0,0.012919425741302793,0.0038165964651852846
1,0,1.0,0.9979401022141334,0.9945935606956482
0,0,1.0,0.029509210326363108,0.19436752796173096
0,0,1.0,0.0006748043545891533,0.005515989847481251
0,0,1.0,0.004514710445601601,0.0033465740270912647
0,0,1.0,0.003671151361872369,0.016754575073719025
0,0,1.0,0.0026820407073187575,0.006241073366254568
0,0,1.0,0.0007181108048872686,0.005779571831226349
0,0,1.0,0.0003259539608452856,0.003756198799237609
1,0,1.0,0.8934064744209014,0.9913396239280701
0,0,1.0,0.01008591382257742,0.0017867999849840999
1,0,1.0,0.972876076187723,0.9976407289505005
1,0,1.0,0.979803090474972,0.8021471500396729
0,0,1.0,0.000793434871548361,0.0018199586775153875
0,0,1.0,0.01551002914666575,0.0019181754905730486
0,0,1.0,0.007651704016953221,0.0023514702916145325
1,0,1.0,0.9981968090008039,0.9957849383354187
1,0,1.0,0.9609083056705175,0.8891769051551819
0,0,1.0,0.0002473933227255292,0.003171938005834818
0,0,1.0,0.14250600562781696,0.016680322587490082
0,0,1.0,0.0003143536851806254,0.0031343710143119097
0,0,1.0,0.005174220186260427,0.0021582278423011303
0,0,1.0,0.0011428868010124218,0.0019038136815652251
0,0,1.0,0.0005735461566079349,0.004159675445407629
0,0,1.0,0.0577610759179927,0.02393604815006256
1,0,1.0,0.9837688071631514,0.9931240677833557
1,0,1.0,0.5666647319784052,0.3199074864387512
0,0,1.0,0.001737715285217755,0.0030345874838531017
0,0,1.0,0.0015670632656323178,0.0030093875247985125
0,0,1.0,0.015587906910376051,0.08254793286323547
0,0,1.0,0.0006797433712831798,0.005793359596282244
1,0,1.0,0.9878602287563016,0.5821202397346497
0,0,1.0,0.0052504598471389205,0.004202984273433685
0,0,1.0,0.0006869062432184554,0.0031120646744966507
0,0,1.0,0.0012691742653969577,0.0033036889508366585
0,0,1.0,0.0035860014905626505,0.03032112307846546
0,0,1.0,0.000248628774643275,0.0018379038665443659
1,0,1.0,0.8829848373421706,0.995499312877655
0,0,1.0,0.019063991436308107,0.0019743680022656918
0,0,1.0,0.11523593834590899,0.18004480004310608
0,0,1.0,0.7354593664991235,0.7330606579780579
0,0,1.0,0.020354045315860596,0.0035041244700551033
1,0,1.0,0.999540950854984,0.99601149559021
0,0,1.0,0.00026835291510029217,0.0038492740131914616
0,0,1.0,0.0001873335961093975,0.006012882571667433
0,0,1.0,0.0018743864658563876,0.0037756231613457203
0,0,1.0,0.025119375640504687,0.0023025409318506718
1,0,1.0,0.9980777779385495,0.9962221384048462
0,0,1.0,0.01761517038671253,0.003075119573622942
0,0,1.0,6.8676950927644e-05,0.0032193781808018684
0,0,1.0,0.0610656542625793,0.02438710629940033
1,0,1.0,0.9980986284621826,0.9949526786804199
0,0,1.0,0.0005159292433522424,0.005508338566869497
0,0,1.0,0.0018157671777807927,0.0070262993685901165
1,0,1.0,0.9987054470025017,0.9956958293914795
0,0,1.0,0.002772969886573425,0.00377848488278687
1,0,1.0,0.9998422663735669,0.9952824711799622
1,0,1.0,0.9818646781370053,0.9905849099159241
0,0,1.0,0.0017306522053251265,0.001853904570452869
0,0,1.0,0.0025124569672773235,0.0018135124118998647
0,0,1.0,0.0027560936035250267,0.19446562230587006
0,0,1.0,0.0033563840059355064,0.0048789698630571365
1,0,1.0,0.9981795231712254,0.9934086799621582
0,0,1.0,0.003178756398977765,0.004466831684112549
1,0,1.0,0.6489289294234711,0.006423247046768665
0,0,1.0,0.01864668695081429,0.053140684962272644
1,0,1.0,0.9794806351456589,0.9540313482284546
0,0,1.0,0.0004945790358856916,0.0033729923889040947
0,0,1.0,0.05060313048639931,0.006867728661745787
1,0,1.0,0.9959247625563329,0.9977123737335205
1,0,1.0,0.9978422170189724,0.9955475330352783
0,0,1.0,0.0009409818865279973,0.0030738452915102243
0,0,1.0,0.0003006750261586438,0.008267092518508434
0,0,1.0,0.0005801812030251934,0.0038374948780983686
0,0,1.0,0.0008818494279080896,0.0018970411038026214
0,0,1.0,0.0015589121929750907,0.007046758197247982
0,0,1.0,0.0036554793655225975,0.0385165736079216
0,0,1.0,0.0009958201208777858,0.005996957421302795
0,0,1.0,0.003151869713480068,0.0021342714317142963
0,0,1.0,0.006167065057155315,0.0033831207547336817
0,0,1.0,0.0028383034124429326,0.007200193125754595
1,0,1.0,0.05640271730055805,0.035684555768966675
0,0,1.0,0.004966664216339943,0.004310883115977049
1,0,1.0,0.7890604631161974,0.9746185541152954
0,0,1.0,0.00022575002137270155,0.0032443394884467125
0,0,1.0,4.216737142149915e-05,0.001898283837363124
1,0,1.0,0.7428898758238819,0.3729015290737152
0,0,1.0,0.009134926269959542,0.5371365547180176
0,0,1.0,0.03743834984871172,0.0038943449035286903
0,0,1.0,0.00025379721033645756,0.003882488003000617
1,0,1.0,0.9973571025694955,0.9842149615287781
0,0,1.0,0.01787995604054621,0.108963742852211
0,0,1.0,0.0022385432521319763,0.004800214432179928
0,0,1.0,0.0012959759011593635,0.016085727140307426
0,0,1.0,0.0021912231003487965,0.004316833335906267
1,0,1.0,0.9980457837603223,0.9976152181625366
0,0,1.0,0.001149307653020742,0.003080340102314949
0,0,1.0,0.0020209329735048688,0.0018144394271075726
1,0,1.0,0.9966436847277603,0.9815319776535034
0,0,1.0,0.004570276171975038,0.0019247697200626135
1,0,1.0,0.9993623597818835,0.9962097406387329
1,0,1.0,0.9499824465325725,0.9929748773574829
0,0,1.0,0.0024344220927249457,0.006145528983324766
0,0,1.0,0.0012702808126775207,0.005717388819903135
1,0,1.0,0.9874772731749841,0.9959316849708557
0,0,1.0,0.007224962157285863,0.010590710677206516
0,0,1.0,0.001047799627741777,0.16565105319023132
0,0,1.0,0.0013389805825502234,0.0019202041439712048
0,0,1.0,0.0001935793240953324,0.004684814251959324
1,0,1.0,0.9560408871560634,0.9930279850959778
1,0,1.0,0.7998049554328591,0.9914131164550781
0,0,1.0,0.002724886483409599,0.003348133061081171
0,0,1.0,0.0008750223107347475,0.005262676626443863
0,0,1.0,0.015056239555055074,0.2191646546125412
0,0,1.0,0.00018430479358052542,0.005655388347804546
0,0,1.0,0.005278741581554286,0.005448432173579931
0,0,1.0,0.024166570764192565,0.021113622933626175
0,0,1.0,0.0006770737761803772,0.005644568242132664
0,0,1.0,0.0011585766835098057,0.004176068585366011
0,0,1.0,0.037087949288647684,0.00208934280090034
0,0,1.0,0.0071266296244152615,0.019974470138549805
0,0,1.0,0.0014008770679800125,0.005983094219118357
0,0,1.0,0.0020785349144376215,0.0019323655869811773
1,0,1.0,0.9805425418026068,0.995945394039154
0,0,1.0,0.0126864470956808,0.0018621304770931602
0,0,1.0,0.00034965735339501623,0.004934284836053848
0,0,1.0,0.002969693472359078,0.004815489053726196
0,0,1.0,0.0024365211566651323,0.0017923307605087757
1,0,1.0,0.9993358755445441,0.9977388381958008
0,0,1.0,1.9311504998000098e-05,0.003041862742975354
1,0,1.0,0.3162728722273677,0.1314527988433838
0,0,1.0,0.006928341978634931,0.006695504300296307
0,0,1.0,0.0030792056074627006,0.007442311849445105
0,0,1.0,0.06455178177516407,0.008786294609308243
1,0,1.0,0.9984243848019717,0.9963891506195068
0,0,1.0,0.014740082440571067,0.013874519616365433
0,0,1.0,0.0018789400594173694,0.05321209132671356
0,0,1.0,0.09578531655333877,0.16708454489707947
0,0,1.0,0.0003606499994634236,0.003893520450219512
0,0,1.0,0.001353476460717347,0.294558048248291
0,0,1.0,0.030683067998151962,0.0059362780302762985
1,0,1.0,0.9981247693571065,0.9961159229278564
0,0,1.0,0.0028727380861330353,0.0057627237401902676
0,0,1.0,0.0003672707632229411,0.0037100331392139196
1,0,1.0,0.9454056409216063,0.9676011204719543
1,0,1.0,0.9874505912129079,0.9958833456039429
0,0,1.0,0.000990675897844559,0.004630087409168482
0,0,1.0,0.010733089416462992,0.0069549973122775555
0,0,1.0,0.0025504812992482445,0.0017876345664262772
1,0,1.0,0.999722185754127,0.9956433773040771
0,0,1.0,0.00027880498325742764,0.0021111799869686365
1,0,1.0,0.7458952605611434,0.8011622428894043
0,0,1.0,0.015224084185187958,0.02818349376320839
0,0,1.0,0.002213549076647247,0.023280922323465347
1,0,1.0,0.9915722676831779,0.9570138454437256
0,0,1.0,0.0006283241906341744,0.0019061247585341334
0,0,1.0,0.00111141789149871,0.003002885263413191
0,0,1.0,0.005259316575355147,0.0031340760178864002
1,0,1.0,0.9133777727293995,0.9788548350334167
1,0,1.0,0.08020028434493569,0.017086397856473923
0,0,1.0,0.0004665667244381743,0.0018638913752511144
0,0,1.0,0.09048738823094447,0.25587770342826843
0,0,1.0,0.0015776296622075478,0.005144709255546331
0,0,1.0,0.001023032055367937,0.004021240398287773
1,0,1.0,0.9987430881543444,0.771700382232666
0,0,1.0,0.007321425883108762,0.008586974814534187
0,0,1.0,0.005973287883783627,0.0033933401573449373
0,0,1.0,0.0007898329909436331,0.0037619168870151043
1,0,1.0,0.999290613130245,0.9935286641120911
0,0,1.0,0.0710013986762733,0.01382519956678152
1,0,1.0,0.9958769022602715,0.9975677132606506
0,0,1.0,0.0011541943251916025,0.004367767833173275
1,0,1.0,0.9972829299272641,0.9962379932403564
0,0,1.0,0.0002213020928102525,0.003566509345546365
0,0,1.0,0.00022023515075935907,0.0018616190645843744
0,0,1.0,0.0029946964167488852,0.005989027209579945
0,0,1.0,0.03295885546508334,0.022580165416002274
0,0,1.0,0.0018782340014781502,0.0030911536887288094
1,0,1.0,0.9995624205437128,0.9957574009895325
1,0,1.0,0.992341037895454,0.9915270209312439
0,0,1.0,0.00855658049954434,0.005998313892632723
1,0,1.0,0.6532307699349951,0.6272905468940735
0,0,1.0,0.0061566221145700475,0.0032036679331213236
0,0,1.0,0.00011798493711447631,0.0037279175594449043
1,0,1.0,0.17038161233330346,0.4714522361755371
0,0,1.0,0.3337254263049134,0.1496899425983429
0,0,1.0,0.004670670656313522,0.004538646899163723
0,0,1.0,0.00028947648969470464,0.0019019190222024918
0,0,1.0,0.0001108236771619711,0.004687282722443342
1,0,1.0,0.9995769924962988,0.9958985447883606
0,0,1.0,0.07689124556896564,0.06732317805290222
0,0,1.0,0.000740018828177996,0.0037770115304738283
0,0,1.0,0.00738552228498799,0.06593747437000275
0,0,1.0,0.04165240547591702,0.02506832405924797
1,0,1.0,0.9991151967938133,0.997327446937561
0,0,1.0,0.0006495997416783694,0.005741252098232508
1,0,1.0,0.9996698870501721,0.9964113831520081
0,0,1.0,0.0075005173793093365,0.001821414683945477
0,0,1.0,0.0005095643280098133,0.005468589719384909
0,0,1.0,0.0017473989895811304,0.0038639800623059273
0,0,1.0,0.0004991635387389853,0.00467100040987134
1,0,1.0,0.9974153059193365,0.9939290285110474
1,0,1.0,0.9994016177228909,0.9951480031013489
0,0,1.0,0.00024952820381008713,0.003320756135508418
0,0,1.0,0.0052598489859435665,0.006408726330846548
0,0,1.0,0.00024759265390088747,0.003782667452469468
0,0,1.0,0.0006195918749854483,0.005661483854055405
0,0,1.0,0.0016696999893525246,0.00330749386921525
0,0,1.0,0.0014200688943514378,0.0021197181195020676
0,0,1.0,0.0009316967429627776,0.0032638919074088335
0,0,1.0,0.02399405740988293,0.0017642932943999767
0,0,1.0,0.0003684011096707542,0.004945927299559116
0,0,1.0,0.0010699166653238992,0.0064049381762743
0,0,1.0,4.21090346474075e-05,0.003852298716083169
0,0,1.0,0.0005799990931498433,0.0030736466869711876
0,0,1.0,0.0005574058187819662,0.0045473589561879635
0,0,1.0,0.00030277015980224273,0.001869914005510509
0,0,1.0,0.26577005918469604,0.045245055109262466
1,0,1.0,0.9986628206960555,0.9957795143127441
1,0,1.0,0.9993976986336822,0.99244624376297
1,0,1.0,0.9997129468589441,0.9941496849060059
0,0,1.0,0.00015991154676845594,0.004047085531055927
0,0,1.0,0.005843037359521951,0.005498797632753849
0,0,1.0,5.364780250801473e-05,0.003137012245133519
0,0,1.0,0.0014700058513206862,0.00367176067084074
0,0,1.0,0.0024979211637835147,0.0037241776008158922
0,0,1.0,0.004523358050682439,0.004051628056913614
0,0,1.0,4.421896952251858e-05,0.0040942346677184105
0,0,1.0,0.0005779756244186301,0.004504974000155926
0,0,1.0,0.0009190043941588584,0.005194530356675386
1,0,1.0,0.998778246456559,0.9938240051269531
0,0,1.0,0.0016201117015540382,0.0055224099196493626
0,0,1.0,0.0008718898134741588,0.0017950336914509535
0,0,1.0,0.003210363656566807,0.006248337682336569
1,0,1.0,0.9977017315103327,0.9896316528320312
0,0,1.0,0.0025619091507688273,0.005737953819334507
1,0,1.0,0.8084599807838182,0.9749594926834106
0,0,1.0,0.0006830641290773813,0.004505093675106764
0,0,1.0,0.001630177024435437,0.004552613943815231
0,0,1.0,0.012291979015398236,0.013015490025281906
1,0,1.0,0.9311664585792,0.9956352114677429
0,0,1.0,4.871044971126907e-05,0.0032298369333148003
0,0,1.0,0.0017459373139386183,0.0055663394741714
1,0,1.0,0.9996074606175782,0.9958206415176392
1,0,1.0,0.9951514227698157,0.9671725034713745
0,0,1.0,0.0003189764873404535,0.003074026433750987
0,0,1.0,0.0019505013125397585,0.001809620065614581
1,0,1.0,0.9865516870257361,0.9963409304618835
1,0,1.0,0.9978083353495635,0.9852191209793091
1,0,1.0,0.9972154612469443,0.992860734462738
0,0,1.0,0.011481709274454237,0.15130622684955597
0,0,1.0,0.00447704480701547,0.0019625346176326275
0,0,1.0,0.0017940895108797537,0.006420910824090242
0,0,1.0,0.00013962325427963108,0.003088877070695162
0,0,1.0,0.31614685723926095,0.959609866142273
0,0,1.0,0.0060023302557469845,0.0051726242527365685
0,0,1.0,0.000888451461071228,0.005565879866480827
0,0,1.0,0.0025326745204112253,0.016304954886436462
0,0,1.0,0.000534288550211435,0.004655496217310429
1,0,1.0,0.9939195606003813,0.9953169822692871
0,0,1.0,0.0016979896501874054,0.005916484631597996
0,0,1.0,0.006189418024066127,0.0058623808436095715
0,0,1.0,0.0020905896098811537,0.0023175051901489496
1,0,1.0,0.9864014045941605,0.9955451488494873
0,0,1.0,0.0002315020336617158,0.005701593589037657
0,0,1.0,0.005901370001443026,0.01133921928703785
1,0,1.0,0.9992416218753114,0.9957045912742615
0,0,1.0,0.00080495320716296,0.005782956723123789
1,0,1.0,0.9982543812583551,0.9908015131950378
0,0,1.0,0.010096370109351943,0.013169768266379833
0,0,1.0,0.0015696682845140557,0.004548157565295696
1,0,1.0,0.9962328095106207,0.9959710240364075
0,0,1.0,0.0043305674040765504,0.0019155526533722878
0,0,1.0,0.002218186642092632,0.0029732270631939173
0,0,1.0,0.0031204326809645172,0.0018664533272385597
0,0,1.0,0.00010327013415833203,0.005883829202502966
0,0,1.0,0.0006998911474311301,0.005544695537537336
0,0,1.0,0.003263006286134264,0.008734007366001606
0,0,1.0,0.24785005062432497,0.562993586063385
0,0,1.0,0.0011316794309680954,0.003912667278200388
1,0,1.0,0.9970130796121486,0.9959050416946411
0,0,1.0,0.00036066007992008905,0.004614602774381638
0,0,1.0,0.003411634279132247,0.004080586601048708
0,0,1.0,0.5126472711435205,0.005002391524612904
0,0,1.0,0.02781228239116308,0.0018142946064472198
0,0,1.0,0.00031701379035132973,0.004761888645589352
1,0,1.0,0.8865125464836398,0.9971553087234497
0,0,1.0,0.00011862360982547571,0.00375177594833076
0,0,1.0,0.0023681228098547157,0.007939793169498444
1,0,1.0,0.9989930770958284,0.9957914352416992
1,0,1.0,0.9998851803467538,0.9941561222076416
0,0,1.0,0.0003891399860440839,0.0038667158223688602
0,0,1.0,0.006377619714425329,0.0038018834311515093
1,0,1.0,0.9051341639067618,0.8964976072311401
0,0,1.0,0.0018406545777067058,0.0037609057035297155
0,0,1.0,0.0011565220130768112,0.013084969483315945
0,0,1.0,0.00011711971064264235,0.003148250048980117
1,0,1.0,0.9995056268962641,0.993818461894989
0,0,1.0,0.02486023507025499,0.0037548821419477463
0,0,1.0,0.0011899664478460604,0.004646779038012028
1,0,1.0,0.9998354824137733,0.9975687861442566
0,0,1.0,0.0005998222035776707,0.001834151684306562
0,0,1.0,0.04976834187694105,0.12261846661567688
0,0,1.0,0.23587714739594567,0.007069125305861235
0,0,1.0,0.005491805268194696,0.2258973866701126
0,0,1.0,0.0009661177189118753,0.0019083884544670582
1,0,1.0,0.9899329659276088,0.9930568933486938
1,0,1.0,0.8198877887668591,0.9956009387969971
0,0,1.0,0.022355506883477747,0.7967041730880737
1,0,1.0,0.9846939199961688,0.8690832853317261
0,0,1.0,0.0008412765580881829,0.005567828193306923
0,0,1.0,0.001022584359873821,0.00555343646556139
1,0,1.0,0.9846489157487439,0.9952448010444641
0,0,1.0,0.002865816695933166,0.006253112107515335
1,0,1.0,0.9981240823957452,0.9962872266769409
0,0,1.0,0.00034589046832421205,0.003972915001213551
1,0,1.0,0.9999673514030022,0.9941155910491943
1,0,1.0,0.9706453496583806,0.9769655466079712
0,0,1.0,0.00023017682992345907,0.004215095192193985
0,0,1.0,0.0006279700839867847,0.001953363884240389
0,0,1.0,0.10988678143368329,0.0695115402340889
0,0,1.0,0.0005013617918798461,0.004837837070226669
0,0,1.0,0.05211109453017441,0.27630415558815
0,0,1.0,0.012852520919264612,0.0018144671339541674
1,0,1.0,0.9444156098742217,0.22336263954639435
0,0,1.0,0.0008736752192242125,0.003154513193294406
0,0,1.0,0.0008661559557746104,0.00376041978597641
0,0,1.0,0.0010326263982268795,0.0037807670887559652
1,0,1.0,0.9992670567729425,0.9961907863616943
0,0,1.0,0.0014702643921247175,0.00515590887516737
0,0,1.0,0.000101699692145209,0.004243132192641497
0,0,1.0,0.0022419350780191884,0.0038491934537887573
0,0,1.0,0.006187081534816033,0.005596654023975134
0,0,1.0,0.0008230391592717201,0.001967337215319276
0,0,1.0,0.0006027830338430947,0.003791180206462741
0,0,1.0,0.0010773783391116675,0.00883500650525093
1,0,1.0,0.9939910923460498,0.9958531856536865
0,0,1.0,0.0025586160376573925,0.001853604568168521
0,0,1.0,0.0011450756807793781,0.004063798580318689
0,0,1.0,0.0005782803192153119,0.004125962033867836
0,0,1.0,0.033027459123207176,0.005323714576661587
1,0,1.0,0.998408575345127,0.9941161870956421
0,0,1.0,0.018088846383750357,0.0323977954685688
0,0,1.0,0.009113754277947644,0.004816211294382811
0,0,1.0,0.0007833814158997068,0.003403246169909835
0,0,1.0,7.627517482745608e-05,0.005687807686626911
0,0,1.0,0.0010122673561036026,0.0037895345594733953
1,0,1.0,0.9997001622194942,0.9936864972114563
0,0,1.0,0.01941735156728997,0.0064843702130019665
0,0,1.0,2.9680310594575697e-05,0.0031602417584508657
0,0,1.0,0.0012338068054910413,0.003335855668410659
0,0,1.0,0.07412938862544641,0.014400179497897625
0,0,1.0,0.0007079485739716622,0.0075879585929214954
0,0,1.0,0.0015325785143186373,0.004634622950106859
0,0,1.0,0.0009786922145324528,0.003840853925794363
0,0,1.0,0.0004612924900645593,0.005561430007219315
1,0,1.0,0.0486763338790872,0.004349758382886648
0,0,1.0,0.11683675215476604,0.0020044033881276846
1,0,1.0,0.9999678115042968,0.9964184761047363
1,0,1.0,0.922422592510786,0.995797872543335
0,0,1.0,0.0003713780072491151,0.0055696554481983185
0,0,1.0,0.006984625213022451,0.004799472168087959
1,0,1.0,0.9973131682133143,0.9975553154945374
0,0,1.0,0.0011705973052884404,0.003198798978701234
0,0,1.0,0.0007541927334939919,0.005816804710775614
0,0,1.0,0.001090977537187242,0.00860658846795559
0,0,1.0,0.0004233514128910942,0.003202596213668585
1,0,1.0,0.9983218993216587,0.997431218624115
0,0,1.0,0.00021285876078750603,0.005553426221013069
0,0,1.0,0.00043821145440549753,0.0021564613562077284
0,0,1.0,0.0016854288107053372,0.003806270891800523
0,0,1.0,0.0045684528926810426,0.0037402643356472254
1,0,1.0,0.956359103322234,0.6741665005683899
0,0,1.0,0.0061534743368269204,0.01109163649380207
0,0,1.0,0.0004781799556744283,0.005611896049231291
0,0,1.0,0.04388154281635599,0.0026643897872418165
1,0,1.0,0.9465453551538734,0.31891971826553345
0,0,1.0,0.010179911557082321,0.02014555037021637
0,0,1.0,0.00015564804997423985,0.002001932356506586
1,0,1.0,0.9989548577284666,0.9943848848342896
0,0,1.0,0.0008218864627519007,0.003702731104567647
0,0,1.0,0.001117963544654119,0.10336965322494507
0,0,1.0,0.009539982112043112,0.00526856305077672
0,0,1.0,0.0014696208263772178,0.0038066816050559282
0,0,1.0,0.0037438818757182424,0.002322397893294692
0,0,1.0,0.005607625001887789,0.011438179761171341
0,0,1.0,0.5181992415315667,0.9768422245979309
0,0,1.0,0.004558889015539356,0.004863205831497908
1,0,1.0,0.9995499584480588,0.9976490139961243
0,0,1.0,0.0003575611043568704,0.0018647946417331696
0,0,1.0,0.011727794572280723,0.004207866732031107
1,0,1.0,0.9889853921437171,0.9961583018302917
0,0,1.0,0.000991343972063765,0.0019316559191793203
0,0,1.0,0.006565318280874304,0.003906496800482273
1,0,1.0,0.999117206688707,0.9956379532814026
0,0,1.0,0.00012553445874386552,0.005781244486570358
0,0,1.0,0.07712935200283778,0.0310085229575634
0,0,1.0,0.011687163742338132,0.0227487962692976
0,0,1.0,0.003516029114809201,0.04344836249947548
0,0,1.0,0.000538579810141491,0.005658215377479792
0,0,1.0,0.007397985569798064,0.001961546717211604
1,0,1.0,0.9724660262093703,0.9853976964950562
1,0,1.0,0.9995825875906162,0.996376097202301
0,0,1.0,0.005146852051104983,0.00672026677057147
0,0,1.0,0.0011450067040419307,0.004612084478139877
1,0,1.0,0.9998312255834221,0.9975557327270508
0,0,1.0,0.0008781654377983655,0.0072578806430101395
1,0,1.0,0.9997320871319127,0.9960086345672607
0,0,1.0,0.001897275049286718,0.008831842802464962
1,0,1.0,0.31422802872475253,0.0033892260398715734
1,0,1.0,0.9965893126231037,0.9959302544593811
1,0,1.0,0.9966490234441904,0.9907022714614868
0,0,1.0,0.019684807478242434,0.21564540266990662
0,0,1.0,0.002684842954120335,0.0034357307013124228
0,0,1.0,0.0045397347004135745,0.008968171663582325
1,0,1.0,0.9983633914576454,0.9932617545127869
1,0,1.0,0.99916643605603,0.9941621422767639
0,0,1.0,0.01453959648724076,0.04223074018955231
0,0,1.0,0.0013525863627491651,0.00507580628618598
1,0,1.0,0.9922679177504952,0.997542142868042
1,0,1.0,0.9972469456249355,0.9949021339416504
0,0,1.0,0.0017962396247576176,0.00506169069558382
0,0,1.0,0.06591738903330606,0.016277413815259933
0,0,1.0,0.0023021589454114834,0.0039735944010317326
1,0,1.0,0.9356926821863563,0.9937049746513367
0,0,1.0,0.0027222521353319857,0.00381323485635221
1,0,1.0,0.9907512806042889,0.9728484749794006
0,0,1.0,6.941485103390118e-05,0.003084498457610607
0,0,1.0,0.0010687303659459107,0.003727319184690714
0,0,1.0,0.0027711286018865734,0.005648691672831774
0,0,1.0,0.0016992021696889941,0.00321412761695683
0,0,1.0,0.07242431082216219,0.02250034175813198
1,0,1.0,0.3469565911465214,0.9937880635261536
0,0,1.0,0.016782718750389367,0.010981032624840736
0,0,1.0,0.0007910503924008536,0.0058519355952739716
1,0,1.0,0.986773584659661,0.9889794588088989
0,0,1.0,0.0243328835258164,0.29694870114326477
0,0,1.0,0.01775316731439866,0.02598966285586357
0,0,1.0,0.6379871626961204,0.034297507256269455
1,0,1.0,0.9945834397922244,0.993205189704895
0,0,1.0,0.0012244328723592217,0.005334625951945782
0,0,1.0,0.001277981782420027,0.0019139625364914536
0,0,1.0,0.00025506815418350413,0.0017698102165013552
1,0,1.0,0.9921621415995017,0.9940764904022217
1,0,1.0,0.9996721412993733,0.9960259199142456
0,0,1.0,0.0020095676474646703,0.005939247086644173
0,0,1.0,0.014886324467317124,0.0019578663632273674
1,0,1.0,0.9983502722450924,0.9631080031394958
0,0,1.0,0.0007738849643308955,0.007039755582809448
0,0,1.0,0.00022097508708523355,0.00578188244253397
0,0,1.0,0.0017197586681698986,0.0046302564442157745
0,0,1.0,0.004282452208191675,0.011329643428325653
0,0,1.0,0.025572637551148428,0.004579097032546997
0,0,1.0,0.002252280919598915,0.0030026796739548445
0,0,1.0,0.03544754877136147,0.17472948133945465
0,0,1.0,0.0012686033445478812,0.00819525495171547
1,0,1.0,0.9986301704269976,0.995609700679779
0,0,1.0,0.0003089013490149755,0.004173525143414736
0,0,1.0,0.009011584048429944,0.015563083812594414
1,0,1.0,0.9861914227971317,0.44247937202453613
0,0,1.0,0.022408027138789657,0.015939461067318916
1,0,1.0,0.9839958385076687,0.9308868050575256
0,0,1.0,0.0006319450354630399,0.0030707665719091892
0,0,1.0,0.003242689416671386,0.013752521947026253
1,0,1.0,0.9371323529122885,0.05273802578449249
0,0,1.0,0.002252607800568746,0.004558549262583256
0,0,1.0,0.00809879748037705,0.04294344782829285
1,0,1.0,0.9966942063720144,0.9964097142219543
0,0,1.0,0.000927007985145591,0.005221519619226456
0,0,1.0,0.001484156823156172,0.005204588174819946
0,0,1.0,0.010420801107782393,0.30172106623649597
0,0,1.0,0.0032153494872530185,0.008738012984395027
0,0,1.0,0.0009500615795331298,0.005629132967442274
0,0,1.0,0.00042602615088388734,0.005489076487720013
1,0,1.0,0.9985813855914201,0.9962234497070312
1,0,1.0,0.9989915594452785,0.9963057041168213
0,0,1.0,0.0007736604803250006,0.005678942427039146
0,0,1.0,0.005756459431408145,0.008556149899959564
0,0,1.0,0.0006878652347340246,0.0056048170663416386
0,0,1.0,0.0018230713720200106,0.009391294792294502
0,0,1.0,0.0010910962421063842,0.006887800991535187
0,0,1.0,0.022121979468569936,0.011104416102170944
1,0,1.0,0.9991169762338666,0.996063768863678
0,0,1.0,0.01759674433555029,0.00526861846446991
0,0,1.0,0.02745988054925975,0.004259282257407904
0,0,1.0,0.014373797962272821,0.019212206825613976
1,0,1.0,0.9994780412915871,0.9962648749351501
0,0,1.0,0.0009188098233990177,0.0057179066352546215
1,0,1.0,0.9990934512613683,0.9920861124992371
0,0,1.0,0.004105681305268381,0.007798768579959869
1,0,1.0,0.9993577475401496,0.9961953163146973
0,0,1.0,0.009317442232080038,0.004684838466346264
0,0,1.0,0.0005952381400168923,0.0021808769088238478
0,0,1.0,0.009639367953890782,0.004822272341698408
0,0,1.0,0.00054043856307302,0.0017720077885314822
1,0,1.0,0.9692177652761518,0.9974911212921143
0,0,1.0,0.018469791094358215,0.005596464965492487
1,0,1.0,0.9996353801338985,0.9976714253425598
0,0,1.0,0.0015142460832399047,0.015232032164931297
0,0,1.0,0.0043815880137805414,0.01342749036848545
0,0,1.0,0.00140615137123965,0.0031416083220392466
1,0,1.0,0.9853241622047665,0.9951004385948181
1,0,1.0,0.9996424495977148,0.9963968396186829
1,0,1.0,0.8146178463617063,0.16606219112873077
0,0,1.0,0.011604420160271816,0.10153146833181381
0,0,1.0,0.0036296579172140813,0.011084192432463169
0,0,1.0,0.0030854097450137984,0.0017936135409399867
0,0,1.0,0.008113976074350479,0.003802855499088764
1,0,1.0,0.9980420090767942,0.996146559715271
1,0,1.0,0.9524597135036721,0.9949506521224976
0,0,1.0,0.009841783088955641,0.0672450140118599
0,0,1.0,0.34874114004211587,0.5657668709754944
0,0,1.0,0.0023321961643678175,0.0038092266768217087
0,0,1.0,0.012156500765516437,0.005956690758466721
1,0,1.0,0.11891575635747367,0.43377965688705444
0,0,1.0,0.011491891656442956,0.0031996413599699736
0,0,1.0,0.3824102370429319,0.1223919615149498
0,0,1.0,0.005688543559591619,0.01540706492960453
0,0,1.0,0.0007357521906308401,0.003787160851061344
1,0,1.0,0.9858381129046228,0.979079008102417
1,0,1.0,0.9930813996951959,0.9975672960281372
1,0,1.0,0.9989769201470045,0.9962388277053833
0,0,1.0,0.0004961329634407077,0.0030956976115703583
0,0,1.0,0.00038042405246047924,0.0038396792951971292
1,0,1.0,0.9874476676369863,0.9474320411682129
1,0,1.0,0.6291815669746357,0.996154248714447
0,0,1.0,0.009113727387789705,0.0019483717624098063
0,0,1.0,0.0036790416772213013,0.003028587903827429
1,0,1.0,0.9994490533502265,0.9872531294822693
1,0,1.0,0.9998349627550862,0.9939868450164795
0,0,1.0,0.08713325909894967,0.10659807920455933
0,0,1.0,0.0018372868333306695,0.0059632048942148685
1,0,1.0,0.5457537309380978,0.9048774838447571
0,0,1.0,0.030458974466895123,0.006408759392797947
1,0,1.0,0.9962975638826885,0.9941919445991516
0,0,1.0,0.0005228319786707519,0.0018451368669047952
0,0,1.0,0.007138864271697868,0.004155746195465326
0,0,1.0,0.0007763966508895863,0.0037925797514617443
0,0,1.0,0.024935715901589103,0.15359096229076385
1,0,1.0,0.9986125357188589,0.9960196614265442
0,0,1.0,0.8089773786473146,0.8964825868606567
1,0,1.0,0.9153798859976536,0.9489836096763611
0,0,1.0,0.001627896572207052,0.0018304972909390926
0,0,1.0,0.0016817951436326431,0.002152784960344434
0,0,1.0,0.0009210063404828134,0.0055438750423491
1,0,1.0,0.9967599103407436,0.9928081035614014
0,0,1.0,0.0017133253390641454,0.0018287976272404194
0,0,1.0,0.0034171395025605305,0.003386958735063672
0,0,1.0,0.11996153651621232,0.0020737445447593927
1,0,1.0,0.978860620931625,0.8928291201591492
0,0,1.0,0.0016642727620303005,0.004640563856810331
0,0,1.0,0.0031129632669208165,0.005678088869899511
0,0,1.0,0.0008043113564006826,0.006632681470364332
1,0,1.0,0.9493896273759087,0.9972280859947205
1,0,1.0,0.9987877956051127,0.9962204098701477
0,0,1.0,0.6353650182075296,0.4663090109825134
0,0,1.0,0.01383072137607522,0.012766999192535877
1,0,1.0,0.9566788811134583,0.9903477430343628
0,0,1.0,0.003649222928826274,0.010144129395484924
0,0,1.0,0.0023011304566636507,0.02979252301156521
0,0,1.0,0.012026160811279695,0.019715644419193268
0,0,1.0,0.003304220094139451,0.005122149363160133
0,0,1.0,0.0029265805602734225,0.0018579881871119142
0,0,1.0,0.026127932771603437,0.006612902041524649
1,0,1.0,0.9909638539856092,0.9840606451034546
0,0,1.0,0.05227147078554415,0.004474911373108625
0,0,1.0,0.0012324470485068463,0.0032680146396160126
0,0,1.0,0.0014813492934276024,0.005582468584179878
0,0,1.0,0.00832853958052494,0.007240393199026585
1,0,1.0,0.678231852554425,0.40953654050827026
0,0,1.0,0.006680415631451358,0.008636037819087505
0,0,1.0,0.0005078339952742849,0.003700070781633258
0,0,1.0,0.004484699067191238,0.001875963993370533
0,0,1.0,0.04126089088156437,0.059929993003606796
0,0,1.0,0.007288131201315715,0.005607294850051403
0,0,1.0,0.0059148456181790186,0.0063949101604521275
0,0,1.0,0.0011114337070154212,0.003123730421066284
1,0,1.0,0.9183297268764449,0.9853264093399048
0,0,1.0,0.0004378540119284114,0.003966549877077341
0,0,1.0,0.004744210280032745,0.005901119206100702
0,0,1.0,0.003978945237753255,0.0038269152864813805
0,0,1.0,0.0006626338500621732,0.0036375850904732943
0,0,1.0,0.11449396650803749,0.023350628092885017
0,0,1.0,0.0018520094544191117,0.003983546979725361
1,0,1.0,0.9956823684206285,0.9933642148971558
0,0,1.0,0.1383092098272504,0.022816602140665054
0,0,1.0,0.002684738817948228,0.004124555736780167
0,0,1.0,0.0022977020192255435,0.006026420276612043
1,0,1.0,0.9997742582305403,0.9930435419082642
0,0,1.0,0.0003570441493728367,0.003810969414189458
0,0,1.0,0.001024159163267059,0.004572535865008831
1,0,1.0,0.9986991878067023,0.9958634376525879
0,0,1.0,0.0008003532248233847,0.003079836256802082
0,0,1.0,0.0063450848063026,0.008285177871584892
0,0,1.0,0.0017915474773853284,0.0017970504704862833
0,0,1.0,0.4567500943448408,0.008391044102609158
0,0,1.0,0.004068364400121801,0.012193477712571621
0,0,1.0,0.001415010791725399,0.0018802627455443144
0,0,1.0,0.0010466912628352186,0.004599579609930515
0,0,1.0,0.0021701450317355587,0.06486757844686508
0,0,1.0,0.0042066302316782125,0.003806270891800523
0,0,1.0,0.000705988116407011,0.005517237354069948
0,0,1.0,0.0007297195746964958,0.0038795662112534046
0,0,1.0,7.261806309829334e-05,0.005709719844162464
0,0,1.0,0.020992918381728787,0.039327897131443024
0,0,1.0,0.0006721383371133553,0.0017747832462191582
0,0,1.0,0.004389109181334495,0.011550012975931168
0,0,1.0,0.018102500625914692,0.026415009051561356
0,0,1.0,0.003939799773589855,0.001754677970893681
0,0,1.0,0.017997835565020073,0.006463851314038038
0,0,1.0,0.05777450816388472,0.23390160501003265
0,0,1.0,0.002627023337332805,0.005884219892323017
0,0,1.0,0.016344720994648235,0.005167861003428698
1,0,1.0,0.9816598982323088,0.9946579337120056
0,0,1.0,0.00039733521248130915,0.004580560140311718
0,0,1.0,0.0008060335393255853,0.0037758350372314453
0,0,1.0,0.007775188052950475,0.004898509010672569
0,0,1.0,0.019649732983291562,0.016115253791213036
1,0,1.0,0.9989870461899684,0.9869332313537598
0,0,1.0,0.0015446607416157681,0.003816853975877166
0,0,1.0,0.0010129586679177233,0.003913276828825474
0,0,1.0,0.002811860749132892,0.0018287234706804156
1,0,1.0,0.9925953333570361,0.9909535646438599
0,0,1.0,0.0021556065069412806,0.0030643329955637455
0,0,1.0,0.0002587639551105463,0.005584459286183119
0,0,1.0,0.00977516699675,0.003876502625644207
0,0,1.0,0.000878247471777654,0.004577321466058493
1,0,1.0,0.9907543031796238,0.992572546005249
0,0,1.0,0.009780697126863466,0.005909360013902187
0,0,1.0,0.00425929773644641,0.003713964018970728
0,0,1.0,0.016320574225659794,0.01052124984562397
1,0,1.0,0.9996389304034818,0.9943370223045349
0,0,1.0,0.00019266320067074782,0.005650924984365702
0,0,1.0,0.0038623560792570705,0.0019297831458970904
0,0,1.0,0.004190765248234883,0.03356539085507393
0,0,1.0,0.0014932150019460828,0.0054653724655508995
0,0,1.0,0.0007428905568963224,0.0031229525338858366
0,0,1.0,0.0007003095900366657,0.001840305863879621
1,0,1.0,0.9996934142379921,0.9939431548118591
0,0,1.0,0.013294002875727842,0.016507137566804886
0,0,1.0,0.0012261047919245552,0.004881878849118948
0,0,1.0,0.00021456965025458302,0.004159041680395603
0,0,1.0,0.000458402457924245,0.005502793006598949
0,0,1.0,0.001728982347771441,0.006062025669962168
1,0,1.0,0.9998851922483751,0.9897943139076233
1,0,1.0,0.9980608882540499,0.9975773692131042
0,0,1.0,0.019385273811880956,0.013544713146984577
0,0,1.0,0.00041232007461531846,0.0018622776260599494
0,0,1.0,0.003704284358357025,0.0062699769623577595
0,0,1.0,0.010404148063572755,0.008345638401806355
1,0,1.0,0.9566613801590946,0.6501445174217224
0,0,1.0,0.01606872374747902,0.010100107640028
0,0,1.0,4.374491555920324e-05,0.0031095922458916903
1,0,1.0,0.9988254688372719,0.9934938549995422
0,0,1.0,0.019424993083143025,0.007732592057436705
0,0,1.0,0.1969301359342626,0.008715135976672173
0,0,1.0,0.013345931168133974,0.04277496784925461
1,0,1.0,0.9994886922837543,0.9977325201034546
0,0,1.0,0.005873259236280557,0.003153688507154584
0,0,1.0,0.00047515333190506487,0.004791911691427231
0,0,1.0,0.00035770259316575685,0.004296526778489351
0,0,1.0,0.0012062261513179169,0.0038513990584760904
0,0,1.0,0.028484065175773267,0.022802555933594704
0,0,1.0,0.004313921620588696,0.003384890966117382
0,0,1.0,0.000658742264940796,0.00489436648786068
0,0,1.0,0.005335165239275486,0.0061132339760661125
0,0,1.0,0.001778262409927694,0.003053755033761263
1,0,1.0,0.995291289192058,0.9943880438804626
0,0,1.0,0.013398166519027449,0.04880334064364433
1,0,1.0,0.9985134786871365,0.9976933598518372
0,0,1.0,0.00014320826162040153,0.004578214604407549
0,0,1.0,0.007860385434958485,0.005782164633274078
1,0,1.0,0.8856967166361674,0.9904725551605225
0,0,1.0,0.0001698488982977951,0.004587779752910137
1,0,1.0,0.8801356804929448,0.678405225276947
0,0,1.0,0.010225213658896235,0.003199878381565213
0,0,1.0,0.0007671572394730824,0.004553895443677902
0,0,1.0,0.16802221515950483,0.10465680807828903
0,0,1.0,0.004961262138652433,0.003347754245623946
0,0,1.0,0.000548073117953013,0.00485491007566452
1,0,1.0,0.9999663131856166,0.995650589466095
1,0,1.0,0.9889235883172294,0.9590389132499695
0,0,1.0,0.004827658090005034,0.016778621822595596
0,0,1.0,0.02332273951166913,0.013201293535530567
1,0,1.0,0.8981765109513266,0.9910619258880615
1,0,1.0,0.9997654823136263,0.9974258542060852
0,0,1.0,0.003221248014357938,0.014131737872958183
1,0,1.0,0.9601615480511911,0.9948582649230957
1,0,1.0,0.46688746659448804,0.9037202596664429
0,0,1.0,0.007670892178322929,0.003265964798629284
0,0,1.0,0.003760755983292014,0.015572312287986279
0,0,1.0,0.2926266285284075,0.04133296385407448
1,0,1.0,0.9996080316404278,0.9976388216018677
0,0,1.0,0.010733098075574371,0.005740886554121971
0,0,1.0,0.0012476114814603978,0.0018928112694993615
0,0,1.0,0.0009667223820854989,0.0038434001617133617
0,0,1.0,0.0017866644807261812,0.0030041958671063185
1,0,1.0,0.5674810232536819,0.9594645500183105
0,0,1.0,0.004801642841893713,0.003126980736851692
1,0,1.0,0.9764484170153706,0.9954073429107666
0,0,1.0,0.001714682596245012,0.00186530954670161
1,0,1.0,0.9998592856697571,0.9939980506896973
0,0,1.0,0.010027842667306946,0.005743998568505049
1,0,1.0,0.99964751965922,0.9960499405860901
0,0,1.0,0.00042538712773610186,0.0048259347677230835
0,0,1.0,0.00016105498997210854,0.001908780075609684
0,0,1.0,0.0010827306335228185,0.005237253848463297
1,0,1.0,0.9958711367737613,0.9934013485908508
0,0,1.0,0.0013258045197291084,0.005418882705271244
0,0,1.0,0.0029885278077253874,0.0018171888077631593
0,0,1.0,0.0008239284945826112,0.003258730284869671
1,0,1.0,0.9908125533182713,0.9886025786399841
0,0,1.0,0.0005961381239855445,0.005545570980757475
0,0,1.0,0.0024955531672962734,0.014003659598529339
0,0,1.0,0.0013880526600352206,0.0038744283374398947
0,0,1.0,0.0006855559227710009,0.003639903385192156
0,0,1.0,0.00024552944056875604,0.003459145314991474
0,0,1.0,0.04347119646513688,0.00474198255687952
0,0,1.0,0.011522869166854107,0.006471376400440931
0,0,1.0,0.006625310127120308,0.004952591843903065
0,0,1.0,0.0025855274153944708,0.008148837834596634
0,0,1.0,0.0005091098659164916,0.005587246268987656
0,0,1.0,0.0041084300959984485,0.005991727113723755
1,0,1.0,0.9987408325973235,0.9693798422813416
0,0,1.0,0.00013675404548959375,0.0038294882979243994
0,0,1.0,0.0013178651381160018,0.00786401703953743
0,0,1.0,0.00026115033518084253,0.0047340430319309235
1,0,1.0,0.991561569323486,0.9962911605834961
0,0,1.0,0.006554375294046757,0.023282499983906746
0,0,1.0,0.00946457468788671,0.09149603545665741
1,0,1.0,0.9995821168566081,0.9964035749435425
0,0,1.0,0.0005192051529388121,0.00418604863807559
0,0,1.0,0.0012728699796955925,0.003883163444697857
0,0,1.0,0.0004892303896845197,0.0034904214553534985
0,0,1.0,9.053694502274081e-05,0.004583981353789568
0,0,1.0,0.0009529090846661326,0.0017585527384653687
0,0,1.0,0.0013610967493394713,0.0020418872591108084
0,0,1.0,0.0024455509046143555,0.005889415740966797
0,0,1.0,0.0020239811689742758,0.0038953865878283978
0,0,1.0,0.01314504953701063,0.013659943826496601
0,0,1.0,0.000344544383902394,0.0017974001821130514
0,0,1.0,0.0003647756622626103,0.0018889083294197917
1,0,1.0,0.6651121299750149,0.4955490529537201
1,0,1.0,0.9990435271701912,0.9976383447647095
0,0,1.0,0.0070609284903678775,0.004319851286709309
0,0,1.0,0.0001649216085899398,0.0038777366280555725
0,0,1.0,0.0008049622253656855,0.005463138222694397
1,0,1.0,0.9202744200361532,0.9974732995033264
1,0,1.0,0.9966257646099799,0.9958881735801697
1,0,1.0,0.9819889095981582,0.9977359771728516
1,0,1.0,0.9995342260043079,0.9941155910491943
0,0,1.0,0.01110269470844888,0.05112862586975098
1,0,1.0,0.9987169675614741,0.9974759221076965
0,0,1.0,0.004474777289674078,0.0038280736189335585
0,0,1.0,0.00040423163992711814,0.0018289959989488125
0,0,1.0,0.002083899877703016,0.00565373944118619
1,0,1.0,0.9520340428896543,0.9687361717224121
1,0,1.0,0.99919106509979,0.9929320812225342
1,0,1.0,0.9989337580510009,0.9949876070022583
1,0,1.0,0.9981153816936176,0.9882281422615051
1,0,1.0,0.9969870222463273,0.9959010481834412
0,0,1.0,0.000394211673474333,0.004604507703334093
0,0,1.0,0.0022692697982235064,0.001920381560921669
0,0,1.0,0.0009494707412456495,0.0030772036407142878
0,0,1.0,0.0019917573954503684,0.0077400123700499535
1,0,1.0,0.9700728384242752,0.9974552989006042
1,0,1.0,0.9988208539643235,0.9976280331611633
0,0,1.0,0.059567174433946775,0.01963197812438011
0,0,1.0,0.07355593720830035,0.04054531827569008
1,0,1.0,0.9982620598891775,0.989541232585907
0,0,1.0,0.002387836734783684,0.00358428037725389
0,0,1.0,0.0056443062206427905,0.015297982841730118
0,0,1.0,0.004497540727136367,0.0018303171964362264
0,0,1.0,0.08035428398643607,0.009050601162016392
1,0,1.0,0.9995316628088069,0.9941295385360718
0,0,1.0,0.00013477441526152845,0.005565321072936058
0,0,1.0,0.0003322346414211016,0.005594403482973576
1,0,1.0,0.9993211734560266,0.9976853132247925
1,0,1.0,0.9998162240777998,0.9938733577728271
0,0,1.0,0.14685846808709985,0.1987578272819519
0,0,1.0,0.0031982246143872927,0.007226237095892429
0,0,1.0,0.0011761105976722962,0.00372718321159482
0,0,1.0,0.0022530316737391794,0.003944113850593567
0,0,1.0,0.013753956426025527,0.009138641878962517
0,0,1.0,0.003585114716454095,0.00336004002019763
1,0,1.0,0.9957829533524638,0.996037483215332
0,0,1.0,0.0014663547676708722,0.018186749890446663
1,0,1.0,0.9989255742924347,0.9923833012580872
1,0,1.0,0.9994192863362178,0.9964183568954468
0,0,1.0,0.0007301903594290933,0.0018406773451715708
0,0,1.0,0.0002348068543428646,0.004088398069143295
0,0,1.0,0.017245763950181427,0.023886006325483322
0,0,1.0,0.0006113816411517164,0.005804336629807949
0,0,1.0,0.0007086204363089461,0.003272854955866933
0,0,1.0,0.003952233481236119,0.005474479869008064
0,0,1.0,0.00048675848679272555,0.003063555108383298
0,0,1.0,0.0019547506935798753,0.0057904901914298534
0,0,1.0,0.00023724976806488264,0.003954546991735697
0,0,1.0,0.27548732047161245,0.10694625228643417
0,0,1.0,0.00042385086917050513,0.001832907204516232
0,0,1.0,0.003050130158898075,0.0018239711644127965
0,0,1.0,0.007431967074006202,0.003005341626703739
1,0,1.0,0.9905129158798001,0.7611285448074341
0,0,1.0,0.00018581970166590435,0.005646193400025368
1,0,1.0,0.48493794206393553,0.018445979803800583
1,0,1.0,0.9624524456787139,0.9943032264709473
0,0,1.0,0.0017704038593759008,0.0019071282586082816
0,0,1.0,0.0010912068144814414,0.0017925652209669352
1,0,1.0,0.9998050829688231,0.9961483478546143
0,0,1.0,0.0007953045389115567,0.0017713600536808372
0,0,1.0,0.0045486418722970115,0.004749437794089317
0,0,1.0,0.02383452151040139,0.010105329565703869
0,0,1.0,0.0012303937416694875,0.0030881809070706367
0,0,1.0,0.12395996243543109,0.23481833934783936
0,0,1.0,0.0003502100451383079,0.005637004505842924
0,0,1.0,0.003826594634037134,0.0045833587646484375
0,0,1.0,0.008599899877149807,0.0019063088111579418
1,0,1.0,0.9984417055075095,0.9961462020874023
0,0,1.0,0.00038882996469223927,0.0045365020632743835
0,0,1.0,0.017921676874323514,0.04366542771458626
0,0,1.0,0.0069698964769134555,0.005007166415452957
0,0,1.0,0.028335376156645883,0.005841982085257769
0,0,1.0,0.002103956321848843,0.0018113486003130674
1,0,1.0,0.6156034277430623,0.17688801884651184
1,0,1.0,0.9991954895633859,0.997383177280426
0,0,1.0,0.0035825788593059566,0.005062219221144915
0,0,1.0,0.0012082670733646092,0.0064026168547570705
0,0,1.0,0.013529305649622377,0.016537604853510857
0,0,1.0,0.005584192766317613,0.009515929967164993
0,0,1.0,0.001634622878998219,0.004213978536427021
0,0,1.0,0.17024989576450575,0.8070274591445923
0,0,1.0,0.0012666960027661516,0.003897707909345627
0,0,1.0,0.0007380552124897183,0.006060227286070585
1,0,1.0,0.9999495911145676,0.9964646100997925
1,0,1.0,0.9744419772509962,0.9974201917648315
0,0,1.0,0.0070264363231342716,0.01430961862206459
1,0,1.0,0.9942121128211683,0.9962033629417419
0,0,1.0,0.0013888975004247598,0.004727451596409082
0,0,1.0,0.000544921464139321,0.0031807536724954844
0,0,1.0,0.008277006934760878,0.05548351630568504
0,0,1.0,0.005044671969327186,0.0018567921360954642
0,0,1.0,0.00943418744125749,0.02695721946656704
0,0,1.0,0.0012584263279203033,0.01594439148902893
1,0,1.0,0.4786411947184514,0.13489851355552673
1,0,1.0,0.14255293604360308,0.8358185291290283
1,0,1.0,0.9928125019799067,0.9959558248519897
1,0,1.0,0.9592825914549356,0.9735286235809326
0,0,1.0,0.000838833777087313,0.007001205813139677
0,0,1.0,0.0014529935566098833,0.006757155992090702
0,0,1.0,0.05644808036072577,0.15422619879245758
0,0,1.0,0.0006471491168197428,0.001815118477679789
0,0,1.0,0.895831183702348,0.9435555338859558
0,0,1.0,0.00744700101565622,0.009302920661866665
0,0,1.0,0.0004817241670161913,0.001956494525074959
0,0,1.0,0.000846285414535197,0.02052648924291134
1,0,1.0,0.9722741962929814,0.9824449419975281
1,0,1.0,0.9997830981973166,0.9909148216247559
0,0,1.0,0.001542904890026786,0.0032183928415179253
0,0,1.0,0.011245755676908966,0.10784199833869934
1,0,1.0,0.9977948221918655,0.995669960975647
1,0,1.0,0.9993051792647812,0.9942051768302917
1,0,1.0,0.971873963953737,0.9909303784370422
0,0,1.0,0.02216254552713321,0.0043454524129629135
0,0,1.0,0.000513753752747652,0.001922515919432044
1,0,1.0,0.9584348394559757,0.985089898109436
0,0,1.0,0.0018493891841628596,0.001973522361367941
0,0,1.0,0.0005796654109960071,0.0038506011478602886
1,0,1.0,0.9799897740450392,0.9858383536338806
0,0,1.0,0.0007008257707209068,0.006199749186635017
1,0,1.0,0.9566799230511661,0.7381190657615662
1,0,1.0,0.9988228617562941,0.9960881471633911
1,0,1.0,0.9948197822751881,0.90867018699646
0,0,1.0,0.00020334913193012136,0.005601522512733936
1,0,1.0,0.9861058799449157,0.9928579330444336
1,0,1.0,0.9723333272418037,0.9960297346115112
0,0,1.0,0.0016309403372127993,0.010972040705382824
0,0,1.0,0.0020261890054333554,0.004542498849332333
1,0,1.0,0.9981404052575381,0.9958019852638245
0,0,1.0,0.009789547314936281,0.005453302524983883
0,0,1.0,0.006939220068658674,0.03822155296802521
0,0,1.0,0.0009908784904733132,0.0018311101011931896
0,0,1.0,0.6763663372236478,0.32494524121284485
1,0,1.0,0.9182197616522902,0.9365676641464233
0,0,1.0,0.03618521589686955,0.4574585556983948
0,0,1.0,0.0007190185291141752,0.005522501654922962
1,0,1.0,0.991640331645008,0.9938645958900452
0,0,1.0,0.00206694471422348,0.0017758759204298258
0,0,1.0,0.0003895183404046887,0.003464763518422842
1,0,1.0,0.9996040758959881,0.9937446713447571
0,0,1.0,0.006469845134847076,0.00531592033803463
1,0,1.0,0.9959338848993,0.9889323711395264
0,0,1.0,0.0008690886671113425,0.0040583680383861065
1,0,1.0,0.9986074871314718,0.9958279728889465
1,0,1.0,0.9117313209781909,0.9966865181922913
0,0,1.0,0.0010350869006596317,0.004631867632269859
0,0,1.0,0.014604424636496938,0.00454750144854188
1,0,1.0,0.9918156283139402,0.9943650960922241
0,0,1.0,0.0022726343792738406,0.005641274619847536
0,0,1.0,0.03689741154334567,0.05060514807701111
0,0,1.0,0.0029567690656147,0.015671055763959885
0,0,1.0,0.0004856953692163407,0.0055816639214754105
0,0,1.0,0.00039822548369616785,0.0020852398592978716
0,0,1.0,0.012712722054335013,0.007634179200977087
0,0,1.0,0.008565005950474358,0.003031095489859581
0,0,1.0,0.002663211554802463,0.003963275346904993
1,0,1.0,0.9709771358869482,0.9956235289573669
0,0,1.0,0.003064215544308345,0.004148957785218954
0,0,1.0,0.00029715004275674756,0.032408732920885086
1,0,1.0,0.9979474133740889,0.9957127571105957
0,0,1.0,0.0004322067263883489,0.003073030151426792
1,0,1.0,0.9792383232623472,0.99471515417099
0,0,1.0,0.0002576597579856826,0.005638263653963804
0,0,1.0,0.02878370926148789,0.006131646689027548
0,0,1.0,0.004234803545546241,0.014856829307973385
0,0,1.0,0.029265238409429774,0.0051188841462135315
0,0,1.0,0.001032729986481426,0.0055974554270505905
0,0,1.0,0.02230694349228103,0.0024596634320914745
0,0,1.0,0.0019148970973486752,0.004788933787494898
0,0,1.0,0.02780736864070191,0.002044954104349017
0,0,1.0,0.000491903670112971,0.0038056892808526754
0,0,1.0,0.05760950167740326,0.23641352355480194
1,0,1.0,0.9960935115298091,0.9899879097938538
1,0,1.0,0.9996833586118976,0.9932284951210022
0,0,1.0,0.3503303536527416,0.011968650855123997
0,0,1.0,0.0019490098221786295,0.005516989156603813
0,0,1.0,0.018779711942746462,0.0023062177933752537
1,0,1.0,0.9994237580897752,0.994175136089325
0,0,1.0,0.00013723960407212486,0.003738571424037218
1,0,1.0,0.9993095028595387,0.9942561984062195
0,0,1.0,0.00015806231821963073,0.0033062901347875595
0,0,1.0,0.002310907239459608,0.003652835264801979
0,0,1.0,0.0010317387280858628,0.006539314053952694
0,0,1.0,0.0007431808023195362,0.005711753852665424
0,0,1.0,0.011375223826939701,0.008235136047005653
0,0,1.0,0.0026482428824313674,0.002053962554782629
0,0,1.0,0.0034174131135666663,0.003892880165949464
0,0,1.0,0.05930706817366982,0.11514300107955933
0,0,1.0,0.0019969979786193187,0.0017870950978249311
0,0,1.0,0.0007168001545433844,0.001930359983816743
0,0,1.0,0.0011677499033716182,0.0069356090389192104
0,0,1.0,0.0004749401309475009,0.0020661139860749245
0,0,1.0,0.005736345994606386,0.4670403003692627
1,0,1.0,0.8973774480225418,0.9865698218345642
0,0,1.0,0.007743745275194099,0.005817449651658535
0,0,1.0,0.0009148927665179495,0.001800732221454382
0,0,1.0,0.0011470021766304937,0.0031392911914736032
0,0,1.0,0.006770857701167801,0.014025316573679447
0,0,1.0,0.0006402868926809079,0.005671825259923935
0,0,1.0,0.01946457475099428,0.003730830503627658
1,0,1.0,0.9999571425258844,0.9963149428367615
0,0,1.0,0.012369319192797705,0.4270287752151489
1,0,1.0,0.9998931980430303,0.9976624250411987
0,0,1.0,0.001815146949362748,0.14094288647174835
0,0,1.0,0.0007866535620023842,0.005515725817531347
1,0,1.0,0.9991484107559252,0.9941707253456116
1,0,1.0,0.9350104218837497,0.9907642602920532
1,0,1.0,0.9943599963163007,0.9413148164749146
1,0,1.0,0.998300887449142,0.992561399936676
0,0,1.0,0.0002147965119639437,0.005563011858612299
0,0,1.0,0.0013934484324336378,0.00572434114292264
1,0,1.0,0.9993559998441773,0.9955283999443054
0,0,1.0,0.00039169049124880665,0.0038042899686843157
0,0,1.0,0.0004059649107385762,0.0034810947254300117
1,0,1.0,0.9957857489064601,0.9930723309516907
0,0,1.0,3.812812679187266e-05,0.0020796942990273237
1,0,1.0,0.9163753541941374,0.9941257238388062
0,0,1.0,0.0025742808430730597,0.010755305178463459
0,0,1.0,0.0042888705890173125,0.008394294418394566
0,0,1.0,0.037622337742804345,0.16152074933052063
1,0,1.0,0.9993939518298549,0.9964298605918884
0,0,1.0,0.3773328816749201,0.1766560971736908
0,0,1.0,0.002942050773926173,0.003915638197213411
0,0,1.0,0.0036418745103140118,0.0033623434137552977
0,0,1.0,0.008397986375122107,0.029012508690357208
0,0,1.0,0.0035847021195614284,0.00961124524474144
0,0,1.0,0.0016377959576620374,0.001901200506836176
0,0,1.0,0.0795365161179248,0.14455905556678772
0,0,1.0,0.0004700363650263771,0.0066849649883806705
0,0,1.0,0.11268108541614165,0.02300693467259407
1,0,1.0,0.9880894569685781,0.9350252747535706
0,0,1.0,0.021629494541876557,0.6897556781768799
0,0,1.0,0.018561931926823722,0.005619964096695185
0,0,1.0,0.017434504062545028,0.004287795163691044
0,0,1.0,0.0004302661700835738,0.005614733323454857
1,0,1.0,0.9882720281379522,0.9927995204925537
0,0,1.0,0.0005364963198923594,0.00576694356277585
0,0,1.0,0.0019421904894938345,0.005362759344279766
0,0,1.0,0.0007881386039318622,0.0037454257253557444
1,0,1.0,0.9978948549414814,0.9852423071861267
0,0,1.0,0.006764130022845734,0.0038149741012603045
0,0,1.0,0.0017157975034276648,0.010924279689788818
0,0,1.0,0.001420598019378861,0.006037636194378138
1,0,1.0,0.9941743710239125,0.9913128018379211
1,0,1.0,0.9998329485034768,0.9960691928863525
1,0,1.0,0.9986699559885431,0.9899771213531494
0,0,1.0,0.05580875037290567,0.0017706393264234066
0,0,1.0,0.0004364693638546491,0.005612300243228674
0,0,1.0,0.002230549188340868,0.005267414264380932
0,0,1.0,0.013746380102245132,0.0048649003729224205
0,0,1.0,0.0012006195535519879,0.001793041592463851
0,0,1.0,0.003957367020811638,0.004235303960740566
0,0,1.0,0.09471865189812956,0.16397275030612946
0,0,1.0,0.04255053271140886,0.0038693358656018972
0,0,1.0,0.008923230647645766,0.007533114403486252
1,0,1.0,0.9994373894390293,0.9976488947868347
0,0,1.0,0.0006702288650321412,0.0018156024161726236
0,0,1.0,0.0009408311686415453,0.004598693456500769
0,0,1.0,0.0008476329813650207,0.0033441144041717052
0,0,1.0,0.021338327772112545,0.04841579869389534
0,0,1.0,0.6238937957292722,0.7073913812637329
0,0,1.0,0.0013311325923690527,0.0039459518156945705
1,0,1.0,0.9582450403412639,0.9883472323417664
1,0,1.0,0.9998200366133277,0.9931928515434265
0,0,1.0,0.00023174474536824757,0.005529340356588364
1,0,1.0,0.9979538781505647,0.9959273934364319
0,0,1.0,0.010307059350453817,0.20334650576114655
0,0,1.0,0.0008551461483572415,0.0037549000699073076
0,0,1.0,0.00045466681252321115,0.001769383205100894
0,0,1.0,0.0006550649162705471,0.003994576632976532
0,0,1.0,0.0018134431925968422,0.003303365781903267
0,0,1.0,0.010565209153986083,0.0026196364779025316
0,0,1.0,0.0016957689853442826,0.006811498198658228
0,0,1.0,0.006373889130716613,0.0027631563134491444
0,0,1.0,0.012114094045598114,0.0022399695590138435
0,0,1.0,0.32539833588771006,0.5217517018318176
0,0,1.0,0.00038060135393392654,0.003013517940416932
0,0,1.0,0.002293895866845745,0.0056520430371165276
0,0,1.0,0.08675294501402624,0.013339504599571228
0,0,1.0,0.003411682048620979,0.006870349869132042
0,0,1.0,0.0006935104396181996,0.0030793093610554934
0,0,1.0,0.0006464737582446063,0.00421300670132041
0,0,1.0,0.00018474093735011845,0.0030274882446974516
0,0,1.0,0.0006964329555210902,0.0017850284930318594
0,0,1.0,0.13877333965935104,0.6376994848251343
1,0,1.0,0.9606539222325773,0.9960222840309143
1,0,1.0,0.8702295908260459,0.4474445581436157
0,0,1.0,0.000454189022249583,0.003018744057044387
0,0,1.0,0.011165831388667492,0.0064645069651305676
0,0,1.0,0.00598515234723787,0.0054803634993731976
0,0,1.0,0.017459561760292886,0.010671759955585003
1,0,1.0,0.999577892446062,0.9926930665969849
0,0,1.0,0.00011999622585635061,0.005588936619460583
0,0,1.0,0.0025415963298724997,0.0018824089784175158
0,0,1.0,0.009891693735602895,0.08255177736282349
1,0,1.0,0.9997286743937847,0.994234025478363
1,0,1.0,0.9950968850663149,0.9899964332580566
0,0,1.0,0.2641660522006169,0.007723564747720957
0,0,1.0,0.028046343893763634,0.003855740651488304
0,0,1.0,0.0003902434842336765,0.006239263340830803
0,0,1.0,0.0013818807960064366,0.0031344781164079905
0,0,1.0,0.0005447223061852147,0.0018522825557738543
0,0,1.0,0.000922984895771388,0.002007393864914775
0,0,1.0,0.0004586973262922739,0.0041840095072984695
0,0,1.0,0.0028233742765153584,0.004079104401171207
0,0,1.0,0.0033467677617732314,0.008186767809092999
0,0,1.0,0.0019979149804331964,0.0017961310222744942
1,0,1.0,0.9896003941645636,0.995654821395874
1,0,1.0,0.9719113285299987,0.9361364245414734
0,0,1.0,0.014076491222683642,0.008809460327029228
0,0,1.0,0.9563605135482035,0.8392502665519714
1,0,1.0,0.9943997397422961,0.996893048286438
1,0,1.0,0.9995178475077504,0.9975636005401611
0,0,1.0,0.038790725959206,0.018271949142217636
0,0,1.0,0.0012835583281906617,0.0030935818795114756
0,0,1.0,0.05494485358254235,0.0035162167623639107
0,0,1.0,0.0025112740847890985,0.0052111451514065266
1,0,1.0,0.9998385547624291,0.994282603263855
0,0,1.0,0.0014326321934553972,0.005670542828738689
1,0,1.0,0.8086547700490825,0.00724860979244113
1,0,1.0,0.999055177846767,0.9961926937103271
0,0,1.0,0.011281650989843517,0.006811979226768017
0,0,1.0,0.012701849572417583,0.007809424307197332
0,0,1.0,0.0008824947757358317,0.0034174334723502398
1,0,1.0,0.9886242047409127,0.9925143122673035
0,0,1.0,0.0010158752435992656,0.004150681663304567
1,0,1.0,0.9934799352941389,0.9947192668914795
0,0,1.0,0.0015862612292554315,0.005562278907746077
0,0,1.0,0.016807900769575314,0.00671736802905798
1,0,1.0,0.9999596858346111,0.997590184211731
1,0,1.0,0.9985729088314323,0.9975175857543945
0,0,1.0,0.00956322549750896,0.00861533172428608
0,0,1.0,0.2679094688572706,0.12405581772327423
1,0,1.0,0.9998036625690315,0.995895504951477
0,0,1.0,0.0051176903773981494,0.0060843294486403465
0,0,1.0,0.03579638867845948,0.03346402198076248
0,0,1.0,0.002994336389822295,0.001998912775889039
1,0,1.0,0.6688671710790978,0.8584521412849426
0,0,1.0,0.003958283684976877,0.0018729226430878043
0,0,1.0,0.0030076745492229797,0.001853309222497046
0,0,1.0,0.00022925713710793174,0.00329540460370481
0,0,1.0,0.0008412343088215337,0.0038191392086446285
0,0,1.0,0.002925668503799286,0.0031491736881434917
0,0,1.0,0.0006609206019340981,0.0031114211305975914
1,0,1.0,0.1933537680188708,0.1115625649690628
1,0,1.0,0.7851354368126124,0.9276452660560608
1,0,1.0,0.9983915400443185,0.9934843182563782
0,0,1.0,0.0013194041754658627,0.004735032096505165
1,0,1.0,0.971122829797238,0.9709240198135376
1,0,1.0,0.998974459931987,0.9976412057876587
0,0,1.0,0.02161111527632413,0.12862123548984528
0,0,1.0,0.0007013170299616042,0.005288312211632729
0,0,1.0,0.016064986391199725,0.0049206470139324665
0,0,1.0,0.0035398856476056033,0.005936433095484972
0,0,1.0,0.0013944834890194824,0.004539769608527422
1,0,1.0,0.9989973717933394,0.9964234232902527
1,0,1.0,0.9912013811881624,0.9871307015419006
0,0,1.0,0.0010909475237955613,0.004012659192085266
0,0,1.0,0.0007232509214210371,0.0019449569517746568
1,0,1.0,0.9800809773105413,0.9242266416549683
0,0,1.0,0.004442243780584549,0.005381578113883734
0,0,1.0,0.0001810012289585072,0.00455834623426199
0,0,1.0,0.005778026419181655,0.005385356489568949
0,0,1.0,0.0012845805709080424,0.004579279571771622
1,0,1.0,0.7805315703962489,0.8566139340400696
0,0,1.0,0.010124498548129352,0.0036367676220834255
1,0,1.0,0.9769219636247272,0.9958944320678711
0,0,1.0,0.0006128751077805085,0.010241237469017506
1,0,1.0,0.9990878883940985,0.9957347512245178
0,0,1.0,0.1582705337598491,0.7021027207374573
0,0,1.0,0.06553863707607868,0.016585996374487877
0,0,1.0,0.02312163876612585,0.004724533297121525
0,0,1.0,0.0006125336524960676,0.004166655708104372
0,0,1.0,0.13919196156961394,0.018498767167329788
0,0,1.0,0.00015488441065130578,0.00324811483733356
1,0,1.0,0.935758680003012,0.9855288863182068
0,0,1.0,0.0013529978822941552,0.005353876855224371
0,0,1.0,0.00145471419667062,0.0038344941567629576
0,0,1.0,0.006066035472669725,0.003751888405531645
0,0,1.0,0.00045291276515337786,0.0038977765943855047
0,0,1.0,0.002557183551042433,0.00854126550257206
1,0,1.0,0.9973341523151119,0.9933306574821472
0,0,1.0,0.011283762768854545,0.0045913937501609325
1,0,1.0,0.9858354050516862,0.9904983639717102
0,0,1.0,0.0021580390328536235,0.007965638302266598
0,0,1.0,0.0005225037914645025,0.005437059793621302
0,0,1.0,0.0011693341538608103,0.005077918525785208
0,0,1.0,0.001244738442736426,0.001881473115645349
1,0,1.0,0.8477183984290876,0.9952762126922607
0,0,1.0,0.034368251136468464,0.0023424169048666954
0,0,1.0,0.0013559699027197955,0.0030372128821909428
0,0,1.0,0.0002124376841780957,0.0057088760659098625
0,0,1.0,0.0049841856438191745,0.006164821796119213
1,0,1.0,0.9894462441874015,0.9899671077728271
1,0,1.0,0.9995180152474773,0.9954878687858582
0,0,1.0,0.004900782279379141,0.0019401430618017912
0,0,1.0,4.54019059226792e-05,0.003877673763781786
1,0,1.0,0.9993792221164837,0.9959927797317505
0,0,1.0,0.00026721005593538717,0.001965753734111786
0,0,1.0,0.0014889720921647624,0.0037933054845780134
0,0,1.0,0.0015225628100536254,0.0017923826817423105
1,0,1.0,0.93980007826794,0.9956862926483154
1,0,1.0,0.9967997402548257,0.9941391944885254
0,0,1.0,0.02315158301561658,0.035585466772317886
0,0,1.0,0.00020635578691120606,0.0031109123956412077
1,0,1.0,0.999555986282236,0.9959048628807068
0,0,1.0,0.0015689863460963407,0.005685173906385899
0,0,1.0,0.0017657626591344032,0.006583266891539097
1,0,1.0,0.9981476980174643,0.9934344291687012
1,0,1.0,0.9974148752435491,0.9918898940086365
0,0,1.0,0.002500177639673685,0.005831791087985039
1,0,1.0,0.9386635609049087,0.9810226559638977
0,0,1.0,0.009878920743264696,0.030973810702562332
0,0,1.0,0.00017856474910705835,0.0038022955413907766
1,0,1.0,0.9980496779454792,0.9976473450660706
1,0,1.0,0.9899193238837474,0.9939634203910828
0,0,1.0,0.0007472869863363422,0.00595680670812726
0,0,1.0,0.00025214660242284405,0.003105912357568741
0,0,1.0,0.040229723372939404,0.031140156090259552
0,0,1.0,0.024853729199236528,0.001982841407880187
1,0,1.0,0.9582230616718653,0.9555745720863342
0,0,1.0,0.00043241305514010747,0.003059289650991559
1,0,1.0,0.9984946591666569,0.9974616765975952
0,0,1.0,0.0038844384803331847,0.0033795644994825125
1,0,1.0,0.8494437463547555,0.9634355306625366
1,0,1.0,0.9999197728146647,0.9961099028587341
0,0,1.0,0.0014598190036868664,0.0037465880159288645
1,0,1.0,0.9818281982761703,0.9934340715408325
1,0,1.0,0.9763597444933992,0.9954532384872437
0,0,1.0,0.005540756578319961,0.005577920004725456
0,0,1.0,0.018931191677335646,0.2815415561199188
0,0,1.0,0.0002659662764452586,0.004630696028470993
0,0,1.0,0.020700181257522078,0.001983227441087365
0,0,1.0,0.0006226454601597012,0.004219412803649902
1,0,1.0,0.9999670496745392,0.9960893392562866
0,0,1.0,0.00018553174239648279,0.005614317953586578
0,0,1.0,0.0025348872352634827,0.0018090121448040009
0,0,1.0,0.00022174336086001726,0.004045451991260052
0,0,1.0,0.00024359338765887992,0.004255467560142279
0,0,1.0,0.007901608090657822,0.004851419012993574
0,0,1.0,8.515191718204792e-05,0.0031277895905077457
0,0,1.0,0.015770513956474445,0.011146042495965958
0,0,1.0,0.0610792367077334,0.012009703554213047
1,0,1.0,0.7730083995987426,0.993796706199646
1,0,1.0,0.9995953162636614,0.9958683252334595
0,0,1.0,0.27680260785029365,0.048819802701473236
1,0,1.0,0.9990278363414651,0.9938633441925049
0,0,1.0,0.0002685611561671705,0.0038675698451697826
0,0,1.0,0.0011627580748698415,0.006219223607331514
0,0,1.0,0.032951228038926,0.008093737997114658
0,0,1.0,0.0004031769161631683,0.004132629372179508
0,0,1.0,0.0011460049800279947,0.00405319407582283
0,0,1.0,0.0032550832388767176,0.0050978222861886024
0,0,1.0,0.0013841755296069376,0.0020912932232022285
1,0,1.0,0.7228366568941058,0.9804316163063049
0,0,1.0,0.0038463977773842447,0.0030209652613848448
1,0,1.0,0.9983325473715035,0.9963489770889282
1,0,1.0,0.9805666087475222,0.9950350522994995
0,0,1.0,0.001029882403263951,0.007186898961663246
0,0,1.0,0.004393056103373302,0.004701109137386084
0,0,1.0,0.0015652760142341841,0.003968717064708471
0,0,1.0,0.008898466456413085,0.002036393154412508
1,0,1.0,0.9957253275405245,0.9955366849899292
1,0,1.0,0.9950133640490956,0.9960132837295532
0,0,1.0,0.00042027222725246925,0.0038123999256640673
1,0,1.0,0.9955891191687064,0.9790681600570679
0,0,1.0,0.0005066251957907455,0.0038905886467546225
0,0,1.0,0.0022287952041202485,0.0018753409385681152
0,0,1.0,0.0015780913914474086,0.005004168953746557
0,0,1.0,0.0011323584596414388,0.006428867112845182
0,0,1.0,0.03306088589261479,0.0019503160146996379
1,0,1.0,0.9987879578893915,0.9971101880073547
1,0,1.0,0.9871743118424142,0.997349739074707
0,0,1.0,0.00042424174324807285,0.006178225390613079
0,0,1.0,0.0024621130897857233,0.006525435484945774
0,0,1.0,0.0002099114718398089,0.009585081599652767
0,0,1.0,0.008142946844774509,0.00792762916535139
0,0,1.0,0.004233439961510651,0.0020240461453795433
0,0,1.0,0.0007484437058817951,0.0031075752340257168
0,0,1.0,0.029925614182691723,0.0436071902513504
1,0,1.0,0.8321980538393614,0.9735938310623169
0,0,1.0,0.0001904880878638007,0.005616453476250172
0,0,1.0,0.26701305481476745,0.46812954545021057
0,0,1.0,0.0019103613942549863,0.00594828836619854
0,0,1.0,0.0005614097443618928,0.003063031006604433
0,0,1.0,0.017427350598439452,0.005615279544144869
1,0,1.0,0.9998766011928311,0.9941563606262207
0,0,1.0,0.00018881559559063733,0.004571468103677034
0,0,1.0,0.020933032932871062,0.00444738520309329
0,0,1.0,0.0010613588068816551,0.0018958515720441937
1,0,1.0,0.9996120122947517,0.9939969778060913
0,0,1.0,0.0013432932474678465,0.00785604864358902
0,0,1.0,0.017453160226065852,0.021327180787920952
0,0,1.0,0.00016042952297624626,0.0020440658554434776
0,0,1.0,0.00036954715432883277,0.0019913502037525177
0,0,1.0,0.004002468296154288,0.005896256770938635
0,0,1.0,0.00020609675768148742,0.004706542938947678
0,0,1.0,0.10134867876786006,0.05479322001338005
0,0,1.0,0.0034755780175125743,0.0019586847629398108
0,0,1.0,0.0035712720637956353,0.0032192221842706203
1,0,1.0,0.9985158379164881,0.9812551736831665
0,0,1.0,0.01176479502620551,0.006446116603910923
0,0,1.0,0.0013015840807878488,0.003908371087163687
0,0,1.0,0.37153535104611,0.31656762957572937
0,0,1.0,8.60873986440093e-05,0.003999930340796709
1,0,1.0,0.9965106946303111,0.9964367151260376
0,0,1.0,0.0011190998170368257,0.004455700516700745
0,0,1.0,0.0007729786838370614,0.005401855334639549
0,0,1.0,0.0007919105744345307,0.005849894136190414
0,0,1.0,0.00171057832669558,0.00624602846801281
0,0,1.0,0.0024940422798477332,0.004114566836506128
0,0,1.0,0.00023230900374012894,0.004109404515475035
0,0,1.0,0.01290800390694185,0.002718880772590637
0,0,1.0,0.000597047529473706,0.003208460519090295
0,0,1.0,0.039163228184812236,0.061661962419748306
0,0,1.0,9.959387698563352e-05,0.003333217464387417
1,0,1.0,0.7252863328738363,0.9521478414535522
0,0,1.0,0.0047051300739117735,0.004904146771878004
0,0,1.0,0.010696910274947421,0.006996923591941595
0,0,1.0,0.002135154145797455,0.0057977670803666115
0,0,1.0,0.0010790383869856912,0.0075736274011433125
0,0,1.0,0.0017033535402227354,0.004899101797491312
0,0,1.0,0.0017864215326262578,0.005530738737434149
0,0,1.0,0.0009165708356127609,0.0056116459891200066
0,0,1.0,0.0022182205352862367,0.001817697542719543
0,0,1.0,0.005215183392672233,0.017168572172522545
1,0,1.0,0.999625402533112,0.9925783276557922
0,0,1.0,0.005415305724364433,0.006159784737974405
0,0,1.0,0.001504553201647669,0.0020545765291899443
0,0,1.0,0.0004737635939046753,0.003832641988992691
0,0,1.0,0.002288342717257,0.003781298641115427
1,0,1.0,0.9869499457679659,0.984169602394104
0,0,1.0,0.002900859133281144,0.003788297763094306
0,0,1.0,0.02184527384028409,0.008574124425649643
0,0,1.0,0.005387932210875977,0.007934468798339367
0,0,1.0,0.004166209255711348,0.005706319119781256
1,0,1.0,0.9985631785861344,0.9960107803344727
1,0,1.0,0.9990448177472899,0.9946538209915161
0,0,1.0,0.013998413523973232,0.007007013540714979
1,0,1.0,0.991993645643395,0.9877209067344666
1,0,1.0,0.9972250508463525,0.989250898361206
1,0,1.0,0.9784622937084497,0.8894898295402527
0,0,1.0,0.001971345881503505,0.025397684425115585
0,0,1.0,0.0004598170434997653,0.005724821239709854
1,0,1.0,0.999732496625402,0.9961460828781128
0,0,1.0,0.0018508332918305238,0.013731764629483223
0,0,1.0,0.0009185130503411892,0.022372564300894737
0,0,1.0,0.04069737126520091,0.025951366871595383
0,0,1.0,0.00034906415229448204,0.005549182649701834
1,0,1.0,0.9999076002229502,0.9960902333259583
0,0,1.0,0.0014557709399849864,0.004897419363260269
0,0,1.0,0.006451505667205137,0.005756418686360121
0,0,1.0,0.004563934580022497,0.013188396580517292
0,0,1.0,0.0009741253137320099,0.007401349954307079
0,0,1.0,0.006069150025046734,0.00611337274312973
1,0,1.0,0.9999639677385058,0.997666597366333
1,0,1.0,0.8451330375025529,0.904337465763092
0,0,1.0,0.0004212340939165932,0.0031542701181024313
0,0,1.0,0.004174619843376362,0.007493350654840469
1,0,1.0,0.9884759715106382,0.9885812401771545
1,0,1.0,0.9999125700300009,0.9961511492729187
0,0,1.0,0.0009161885317220151,0.004569769371300936
0,0,1.0,0.00020423129907174432,0.003856473369523883
1,0,1.0,0.9985953193095068,0.9961687922477722
1,0,1.0,0.9998872629582419,0.9937213659286499
0,0,1.0,0.33814979529270334,0.9878657460212708
0,0,1.0,0.0007433568956050862,0.006060551851987839
1,0,1.0,0.9993959223166183,0.9940990209579468
0,0,1.0,0.000348423887686172,0.004199933726340532
0,0,1.0,0.5683877321382478,0.8851637244224548
0,0,1.0,0.0002459524062168223,0.005620540119707584
0,0,1.0,0.0004331332039952816,0.001791141927242279
1,0,1.0,0.9996255029318235,0.9916541576385498
0,0,1.0,5.883243422787124e-05,0.004084161948412657
1,0,1.0,0.9994931376952906,0.9942173957824707
1,0,1.0,0.9560244607149562,0.9539962410926819
0,0,1.0,0.00018246296057646547,0.003102421062067151
1,0,1.0,0.9999788586777465,0.9960674047470093
1,0,1.0,0.9992298680596206,0.9938427209854126
0,0,1.0,0.00829018331088692,0.0019003431079909205
0,0,1.0,0.002011253204954443,0.002306691836565733
1,0,1.0,0.963011375351905,0.9310925006866455
0,0,1.0,0.03813697607671323,0.03824280574917793
0,0,1.0,0.011035916599145207,0.005499816965311766
0,0,1.0,0.02629899142957649,0.0068212891928851604
1,0,1.0,0.9957935138312806,0.9924142956733704
1,0,1.0,0.999707905601192,0.9962365031242371
0,0,1.0,0.008846752607322818,0.0022216220386326313
0,0,1.0,0.005411496435781506,0.004991423804312944
0,0,1.0,0.000894136848274375,0.0033030076883733273
0,0,1.0,0.002691085764772438,0.0018482296727597713
1,0,1.0,0.998036980602079,0.9977571368217468
0,0,1.0,0.006554277561494696,0.004618097562342882
0,0,1.0,0.011409320315537071,0.004462404176592827
0,0,1.0,0.009067009035191316,0.008328882977366447
0,0,1.0,0.0001616196532307283,0.0031302529387176037
0,0,1.0,0.00032336999869507325,0.005608176812529564
1,0,1.0,0.998998948226636,0.9940871000289917
0,0,1.0,0.006004499929728138,0.005193285644054413
0,0,1.0,0.0007756360878477276,0.0018459652783349156
0,0,1.0,8.659491449916187e-05,0.004523181356489658
1,0,1.0,0.9996488004264386,0.996260404586792
1,0,1.0,0.9998986057054008,0.9960164427757263
0,0,1.0,0.009673915597646101,0.0018919395515695214
0,0,1.0,0.0038208325527082374,0.008340095169842243
0,0,1.0,0.010458665433961723,0.007200084161013365
0,0,1.0,0.013151202955966702,0.005362456198781729
0,0,1.0,0.007441615254566428,0.0024401694536209106
1,0,1.0,0.896621327011467,0.7493722438812256
0,0,1.0,0.001873801212633894,0.004580262117087841
0,0,1.0,0.0024312658401255973,0.0017846205737441778
0,0,1.0,0.019876522740020438,0.005543693900108337
0,0,1.0,0.008231481766632963,0.0018396577797830105
0,0,1.0,0.0001310866925815523,0.0038447752594947815
0,0,1.0,0.015979006146037835,0.0061725745908916
0,0,1.0,0.0016057182011102794,0.0029827579855918884
0,0,1.0,0.0011633999746498216,0.003750575240701437
1,0,1.0,0.9999430541339309,0.9959667921066284
0,0,1.0,0.013502703262562935,0.018556805327534676
1,0,1.0,0.9991798454392148,0.995585560798645
0,0,1.0,0.0012130541915111753,0.00304554495960474
0,0,1.0,0.007181656792532382,0.0044284239411354065
0,0,1.0,0.02610189576276518,0.0041528563015162945
0,0,1.0,0.0008548559328759792,0.005572115071117878
0,0,1.0,0.004904444188130325,0.005211908835917711
0,0,1.0,0.00013342531386256225,0.002022362081333995
1,0,1.0,0.9979086541175871,0.9977267384529114
1,0,1.0,0.998947331702096,0.9959428906440735
1,0,1.0,0.9121378113626892,0.17655815184116364
0,0,1.0,0.0036231618929134742,0.01032527256757021
0,0,1.0,7.871186740058647e-05,0.0032604436855763197
0,0,1.0,0.000423100284561479,0.003820906626060605
1,0,1.0,0.9961028790831149,0.9895768165588379
0,0,1.0,0.0008278454331912199,0.0017755385488271713
0,0,1.0,0.04960138996951048,0.03686312586069107
0,0,1.0,0.012598162282445131,0.01829058863222599
0,0,1.0,0.0022657061771469283,0.005891024135053158
1,0,1.0,0.9996889228612563,0.9975650310516357
0,0,1.0,0.09169945907530194,0.3880372941493988
0,0,1.0,0.05822498816757347,0.0176533255726099
0,0,1.0,0.19089392572448657,0.005529909860342741
0,0,1.0,0.002812604945032124,0.0039653899148106575
0,0,1.0,0.000290770665005509,0.0019806534983217716
1,0,1.0,0.9787385726006388,0.9799930453300476
0,0,1.0,0.005310745739891002,0.005596911069005728
0,0,1.0,0.0023545619435229067,0.0035551281180232763
0,0,1.0,0.0013204797340802517,0.003834233619272709
1,0,1.0,0.9768125838564641,0.9970309734344482
0,0,1.0,0.002503653834255186,0.0019008766394108534
0,0,1.0,0.002056292250679484,0.004680140875279903
0,0,1.0,0.010521582685249985,0.0018563573248684406
1,0,1.0,0.9625444561328691,0.9947713017463684
0,0,1.0,0.0005076446353079094,0.0017805107636377215
0,0,1.0,0.00038993573340260633,0.0019173960899934173
1,0,1.0,0.9997550881678158,0.9964072108268738
0,0,1.0,0.0010226121042406719,0.0020139492116868496
0,0,1.0,0.0002931530919662184,0.004680262878537178
0,0,1.0,0.0007359664836031145,0.0038252430967986584
0,0,1.0,0.020329426445965023,0.17514657974243164
1,0,1.0,0.9972229504908912,0.9933862090110779
0,0,1.0,0.030839405536325096,0.01060844399034977
1,0,1.0,0.9983040037593567,0.9950776696205139
0,0,1.0,0.004367389348455378,0.0070838709361851215
0,0,1.0,0.0004999573378658176,0.003842273959890008
1,0,1.0,0.9923442389646424,0.9957727789878845
0,0,1.0,0.00017230470098347086,0.003033882239833474
0,0,1.0,0.00016210914955687477,0.003330589970573783
1,0,1.0,0.9999531599271824,0.9961336851119995
0,0,1.0,0.026855469403075576,0.00506606325507164
1,0,1.0,0.9764510477949945,0.9974775910377502
0,0,1.0,0.0012506356864296687,0.00317618646658957
0,0,1.0,5.7503324628003334e-05,0.003102189628407359
1,0,1.0,0.9958480273703516,0.9976143836975098
0,0,1.0,0.023382911157830182,0.003771731397137046
0,0,1.0,0.013614057509147024,0.005171316210180521
0,0,1.0,0.001110400746291972,0.004771018400788307
0,0,1.0,0.0018234944044461681,0.0017925534630194306
0,0,1.0,0.0014774238699220765,0.01376378070563078
0,0,1.0,0.0014152191237511752,0.0038225401658564806
1,0,1.0,0.962465110297693,0.9976054430007935
0,0,1.0,0.0015540963537516682,0.0018684737151488662
0,0,1.0,0.0038003707374966674,0.0040124040096998215
1,0,1.0,0.9994661349034156,0.9961392283439636
1,0,1.0,0.9995460066250741,0.996335506439209
1,0,1.0,0.9994944788447846,0.9959291815757751
0,0,1.0,0.0005289129483179977,0.002153035020455718
0,0,1.0,0.003230328203268836,0.0030744795221835375
0,0,1.0,0.0016916973029697149,0.00467756437137723
0,0,1.0,0.0022770076248057676,0.0018762302352115512
0,0,1.0,0.007293485202077985,0.003169829258695245
1,0,1.0,0.9955545708619611,0.9977540373802185
0,0,1.0,0.015885387997637113,0.006055868696421385
0,0,1.0,0.031786615672786046,0.0032778754830360413
0,0,1.0,0.0009829357348136378,0.003961160313338041
0,0,1.0,0.0068557116906081544,0.007094671484082937
0,0,1.0,0.0004573874679667198,0.004804512951523066
0,0,1.0,0.0031313469190731467,0.006121411919593811
0,0,1.0,0.0007484291694959396,0.006106614135205746
0,0,1.0,0.0003612662790429977,0.004661636892706156
1,0,1.0,0.9961484218458432,0.9975413084030151
1,0,1.0,0.9965072465751613,0.9929423332214355
0,0,1.0,0.0007948196665314057,0.0018251785077154636
1,0,1.0,0.9994805327354859,0.9941601753234863
0,0,1.0,0.089209556393337,0.8393862843513489
1,0,1.0,0.872809288838629,0.9798657298088074
0,0,1.0,0.0032215715483087065,0.00505497120320797
0,0,1.0,0.007783052114788791,0.00507860304787755
0,0,1.0,0.0007356009511481893,0.0018574957503005862
0,0,1.0,0.10241796766673178,0.025150515139102936
0,0,1.0,0.001966788752293187,0.0017880296800285578
0,0,1.0,0.003646419478442493,0.002060976577922702
0,0,1.0,0.03084089034705604,0.002174794441089034
0,0,1.0,0.015717775620618057,0.006444929633289576
1,0,1.0,0.839250586580502,0.01914694905281067
0,0,1.0,0.004138952030282937,0.001854730537161231
1,0,1.0,0.9932569410018492,0.9960978031158447
1,0,1.0,0.7065616642719864,0.5921030640602112
0,0,1.0,0.003128934282906841,0.0019458612659946084
0,0,1.0,0.001420946269285291,0.005019858479499817
0,0,1.0,7.123097027167601e-05,0.004634384997189045
0,0,1.0,0.0002604122896663383,0.0057132188230752945
0,0,1.0,0.0003516871973784202,0.005722047761082649
1,0,1.0,0.7240161589244004,0.838319718837738
1,0,1.0,0.9374780231145422,0.992223858833313
1,0,1.0,0.9996546489622498,0.9960319399833679
1,0,1.0,0.328774216839772,0.42642447352409363
1,0,1.0,0.9910751463619163,0.9931185245513916
1,0,1.0,0.9776217392128738,0.9977107048034668
0,0,1.0,0.13504281744043103,0.18535089492797852
1,0,1.0,0.9998949569015673,0.9974892139434814
1,0,1.0,0.9855994219156059,0.9934852719306946
0,0,1.0,0.0015453744958150025,0.003918332047760487
1,0,1.0,0.8939534200144624,0.823909342288971
0,0,1.0,0.0002338345956620502,0.007271425798535347
1,0,1.0,0.4776979543849467,0.7868434190750122
0,0,1.0,0.026965511091038848,0.012824660167098045
0,0,1.0,0.41294536487945926,0.004822896793484688
1,0,1.0,0.9997776563975309,0.9941668510437012
0,0,1.0,0.005655149620007666,0.003905108431354165
1,0,1.0,0.9999498291032861,0.9952821135520935
1,0,1.0,0.9998393508843929,0.9941118359565735
1,0,1.0,0.9997690836257591,0.9964166879653931
1,0,1.0,0.9973074360396371,0.9950704574584961
0,0,1.0,0.00041578558262498033,0.004316298291087151
0,0,1.0,0.0010354929686477747,0.004167330451309681
1,0,1.0,0.9895010194261389,0.9885655045509338
0,0,1.0,0.14835595458446585,0.0032866233959794044
1,0,1.0,0.9997909337078001,0.996005117893219
0,0,1.0,0.00962471116937605,0.0018778765806928277
0,0,1.0,0.001627573149325103,0.005993741564452648
0,0,1.0,0.0013194990264616157,0.004499680362641811
0,0,1.0,0.003855485317241696,0.001846047700382769
1,0,1.0,0.9945320432907715,0.9974386692047119
0,0,1.0,0.005252608250222037,0.005572117865085602
0,0,1.0,0.0014520654364472867,0.004136033821851015
1,0,1.0,0.9931105158674555,0.995253324508667
0,0,1.0,0.005397404740010626,0.0047583444975316525
0,0,1.0,0.0034566454222085805,0.005858136340975761
0,0,1.0,0.0007298005000969877,0.007398334331810474
1,0,1.0,0.9989562829710416,0.9963868856430054
1,0,1.0,0.9995945147963508,0.9976206421852112
1,0,1.0,0.9979219826371001,0.9939073920249939
0,0,1.0,0.0031903068469318163,0.0018821734702214599
1,0,1.0,0.3387776224702729,0.18015164136886597
0,0,1.0,0.0007296055110018789,0.0018871327629312873
1,0,1.0,0.9983101324360666,0.8317705392837524
0,0,1.0,0.007314904355282451,0.011332811787724495
0,0,1.0,0.2873376390020157,0.0019370182417333126
0,0,1.0,0.0006582961319207107,0.0030402925331145525
0,0,1.0,0.0004496788936230812,0.005450458265841007
1,0,1.0,0.9895507573183631,0.9910973310470581
0,0,1.0,0.0111668761130929,0.0045678699389100075
1,0,1.0,0.9992427430145082,0.9958070516586304
0,0,1.0,0.03169688643106036,0.007825279608368874
1,0,1.0,0.9809664799280545,0.01022443175315857
0,0,1.0,0.0006682609227742545,0.004854258149862289
1,0,1.0,0.9788910226822738,0.7734773755073547
0,0,1.0,0.0031962848213144958,0.001940299989655614
0,0,1.0,0.0020741302233873624,0.004724502097815275
0,0,1.0,0.07890888314509337,0.8717060685157776
0,0,1.0,0.021302158978955342,0.002255902625620365
0,0,1.0,0.012863734284684989,0.0020680311135947704
0,0,1.0,0.000503086122316928,0.003167286980897188
0,0,1.0,0.00047214972689904513,0.0019476726884022355
1,0,1.0,0.9444867156741852,0.9947918057441711
0,0,1.0,0.0006102946613715068,0.004563674330711365
0,0,1.0,0.0029891837647988517,0.0030963877215981483
0,0,1.0,0.0004520481888413468,0.004921207670122385
0,0,1.0,0.03983788215838379,0.005065977107733488
0,0,1.0,0.006946138433997465,0.003404448041692376
0,0,1.0,0.006573255181710836,0.006266864016652107
0,0,1.0,0.02053295866446973,0.004682702012360096
0,0,1.0,0.00023551943913973215,0.0019575105980038643
0,0,1.0,0.056843538562374285,0.20469795167446136
0,0,1.0,0.0056414657826817744,0.023358749225735664
1,0,1.0,0.9995863775477503,0.996364951133728
1,0,1.0,0.9608950050386174,0.9972910284996033
0,0,1.0,0.0015328370751326488,0.00725311366841197
0,0,1.0,0.5335678168965423,0.279142826795578
1,0,1.0,0.9999394428736178,0.997636079788208
0,0,1.0,0.10058486891140428,0.9544203877449036
0,0,1.0,0.11141130398110845,0.02564079500734806
0,0,1.0,0.000496802554027845,0.00547758350148797
0,0,1.0,0.008738492530479734,0.0033463197760283947
0,0,1.0,0.0008161861178254901,0.005551475565880537
1,0,1.0,0.9992810488017564,0.994205892086029
0,0,1.0,0.004188058947093149,0.0030756534542888403
0,0,1.0,0.011290808409830818,0.00640165526419878
0,0,1.0,0.022126724487531824,0.007128279656171799
0,0,1.0,0.0010640347924243828,0.003240572987124324
0,0,1.0,0.0011319615040085332,0.00571142602711916
1,0,1.0,0.9998510233614235,0.9956660270690918
0,0,1.0,0.0015301122848997543,0.007768107112497091
1,0,1.0,0.9983462601144376,0.9935253858566284
0,0,1.0,0.02766794453435548,0.06487876921892166
0,0,1.0,0.0005178741441385701,0.005710150580853224
0,0,1.0,0.06713146389269396,0.052148349583148956
1,0,1.0,0.9999799062102966,0.9938710927963257
0,0,1.0,0.0011017436181626537,0.00318727339617908
1,0,1.0,0.974947931683025,0.9957939386367798
1,0,1.0,0.9991514354365313,0.9947468638420105
0,0,1.0,0.002365869820501837,0.003908638842403889
0,0,1.0,0.008934103412057599,0.0038610962219536304
0,0,1.0,0.10611177900055287,0.009300434030592442
0,0,1.0,0.03301169987989303,0.00184539332985878
1,0,1.0,0.993172197489366,0.9906506538391113
1,0,1.0,0.9999382702109318,0.9974203109741211
0,0,1.0,0.03258923313656301,0.00423064362257719
0,0,1.0,0.004326691347263565,0.0018231398425996304
0,0,1.0,0.00027933931209104596,0.0020595411770045757
0,0,1.0,0.03294189798464716,0.0027029700577259064
1,0,1.0,0.9997043817041755,0.9955680966377258
0,0,1.0,0.001019996608551939,0.005703038070350885
0,0,1.0,0.00026809313394576877,0.0019374191761016846
1,0,1.0,0.9997979754191584,0.9962965846061707
0,0,1.0,0.02784385143901932,0.0017902886029332876
0,0,1.0,0.0031859290595599894,0.01161288470029831
1,0,1.0,0.821279546456739,0.8976709842681885
0,0,1.0,0.09616972505532471,0.0035944581031799316
0,0,1.0,0.0019559737987530574,0.006694192066788673
0,0,1.0,0.0025394397054839465,0.006506411824375391
0,0,1.0,0.028851181302804996,0.002131527289748192
0,0,1.0,0.017816039717089862,0.0017945219296962023
0,0,1.0,0.0002890040335532371,0.004601684864610434
0,0,1.0,0.00016051134097442646,0.0038924182299524546
1,0,1.0,0.9996991186070026,0.9956289529800415
1,0,1.0,0.9934892124324642,0.989855170249939
1,0,1.0,0.8559005670927647,0.9587722420692444
0,0,1.0,0.0008197757575679013,0.007244534324854612
0,0,1.0,0.0003482809149346138,0.004589569754898548
0,0,1.0,0.0027708964696956224,0.005664372816681862
0,0,1.0,0.004642478274767628,0.0031184812542051077
0,0,1.0,0.000858906937995286,0.007448309566825628
0,0,1.0,0.00228351686521499,0.001867996179498732
0,0,1.0,0.13806386950545582,0.09836306422948837
0,0,1.0,0.0027514810287377627,0.0017673830734565854
0,0,1.0,0.0004788259792129382,0.005571132060140371
1,0,1.0,0.9974237947021379,0.9962892532348633
0,0,1.0,0.0026272988370292486,0.005351523868739605
1,0,1.0,0.9996084579032438,0.9896506071090698
0,0,1.0,0.002835766430102178,0.0018150501418858767
0,0,1.0,0.005715555807060048,0.005261628422886133
0,0,1.0,0.0002907932498861309,0.003764329943805933
1,0,1.0,0.9998525076988535,0.9962276220321655
0,0,1.0,0.0012405342022057259,0.0021541561000049114
0,0,1.0,0.00029716737147072016,0.005565600004047155
0,0,1.0,0.012094297469324448,0.04694204032421112
0,0,1.0,0.0025234084490202823,0.011163724586367607
0,0,1.0,0.001606886418803433,0.0032696877606213093
0,0,1.0,0.0021892007573422693,0.004776273388415575
0,0,1.0,0.055622531221618664,0.041186269372701645
0,0,1.0,0.0002016542646444411,0.0036990230437368155
1,0,1.0,0.9993282114527227,0.9939404726028442
0,0,1.0,0.058848278162019,0.03997042030096054
0,0,1.0,0.010078919463447373,0.005956095177680254
0,0,1.0,0.007167789693219957,0.007437639404088259
0,0,1.0,0.0142093693629278,0.013495254330337048
0,0,1.0,0.0010450657489829139,0.0038398578763008118
0,0,1.0,0.00040779463395922865,0.005650375969707966
1,0,1.0,0.9490479119052888,0.9958800077438354
0,0,1.0,0.0017289112524604805,0.0018833151552826166
0,0,1.0,0.002747149308207992,0.0020932506304234266
0,0,1.0,4.7364613195512774e-05,0.0031968667171895504
0,0,1.0,0.023177146885545192,0.004852178506553173
1,0,1.0,0.9298699785989218,0.9939687252044678
0,0,1.0,0.0073937087725547985,0.002995086368173361
0,0,1.0,0.0012673884822466774,0.060944296419620514
0,0,1.0,0.0017937973842830155,0.003807119093835354
1,0,1.0,0.9817426064423656,0.9959683418273926
0,0,1.0,0.007733800311778505,0.00524942809715867
1,0,1.0,0.8740806931008919,0.987528920173645
1,0,1.0,0.9992182667209853,0.9975606203079224
0,0,1.0,0.0004144185811444626,0.001891006133519113
1,0,1.0,0.9925015906105004,0.9956887364387512
0,0,1.0,0.017174051216645066,0.009345500729978085
0,0,1.0,0.0009787608371801349,0.0018647521501407027
0,0,1.0,0.00029899890324617054,0.0018480820581316948
0,0,1.0,0.00683120494114869,0.004311045166105032
1,0,1.0,0.9695314321821072,0.9890747666358948
1,0,1.0,0.9997219041229874,0.9975396394729614
1,0,1.0,0.9995601692362921,0.995360791683197
0,0,1.0,0.00022243609516620641,0.003937192726880312
0,0,1.0,0.027955702835933544,0.0045264544896781445
0,0,1.0,0.01321870764639705,0.005185473244637251
1,0,1.0,0.9989131669421801,0.9920166730880737
1,0,1.0,0.9997619242971996,0.9937660694122314
1,0,1.0,0.9997230358218447,0.9963499307632446
1,0,1.0,0.998632540831294,0.9936025738716125
1,0,1.0,0.9062015213161646,0.0727669820189476
0,0,1.0,0.022392280068633728,0.004171549342572689
0,0,1.0,0.0005820201089810066,0.00561277661472559
0,0,1.0,0.0006821824314689695,0.001819478115066886
0,0,1.0,0.011346311222794331,0.00563943712040782
0,0,1.0,0.008177720218578627,0.001809807843528688
0,0,1.0,0.04474144301539588,0.06573460251092911
1,0,1.0,0.9959762085664692,0.9974614381790161
0,0,1.0,0.01678378413955815,0.020326318219304085
0,0,1.0,0.0003028469946882987,0.0039316387847065926
0,0,1.0,0.004229891676576277,0.0019030057592317462
1,0,1.0,0.9791537686742158,0.9657942652702332
0,0,1.0,0.0027464354082671963,0.003875860245898366
0,0,1.0,0.0036510894743799894,0.005805115681141615
0,0,1.0,0.004338493589082905,0.0021198359318077564
0,0,1.0,0.006998798936400965,0.003475450212135911
0,0,1.0,0.0032064428358787745,0.01357293501496315
1,0,1.0,0.9998887183319979,0.9960826635360718
0,0,1.0,0.010962410234252271,0.028920767828822136
1,0,1.0,0.9974322429716707,0.993005096912384
0,0,1.0,0.0010843261272367956,0.003110947785899043
0,0,1.0,0.04388622392373282,0.11147429049015045
0,0,1.0,0.0010715761114391611,0.005690996069461107
0,0,1.0,0.019302223575721873,0.17830847203731537
0,0,1.0,0.006533698629352651,0.21415650844573975
1,0,1.0,0.9999475214164979,0.9964333772659302
0,0,1.0,0.000925814121129908,0.006649576593190432
1,0,1.0,0.9954965949844864,0.12273308634757996
0,0,1.0,0.0029572946076142914,0.005556347779929638
1,0,1.0,0.9993781952308006,0.1130213811993599
1,0,1.0,0.9954447117407509,0.9975507855415344
0,0,1.0,0.004467636552626368,0.008397108875215054
0,0,1.0,0.00040061880558747644,0.005592791363596916
1,0,1.0,0.9955258680436043,0.9974448680877686
0,0,1.0,0.0071396523699375535,0.002024615416303277
0,0,1.0,0.001168913506519063,0.0018927915953099728
0,0,1.0,0.011117082324868768,0.001842233119532466
1,0,1.0,0.9999043478185068,0.994263231754303
0,0,1.0,0.0008632380692221725,0.0019235151121392846
0,0,1.0,0.0026310814817563518,0.005517198238521814
0,0,1.0,0.0017667945937921144,0.0018073992105200887
0,0,1.0,0.0036319651502274334,0.0039267269894480705
1,0,1.0,0.9957251107041258,0.9959027171134949
0,0,1.0,0.0013552896535639321,0.010434062220156193
0,0,1.0,0.0005589059389266913,0.0030664370860904455
0,0,1.0,0.0007138784711857557,0.006314675323665142
0,0,1.0,0.031341185152525944,0.00793397706001997
1,0,1.0,0.9634659336067252,0.2092266082763672
0,0,1.0,0.05173813315326094,0.012974764220416546
1,0,1.0,0.9836125033255644,0.9905676245689392
1,0,1.0,0.9833929946599481,0.9956226944923401
0,0,1.0,0.0006182650996585478,0.0019411775283515453
0,0,1.0,0.0011627309112012256,0.001794933807104826
0,0,1.0,0.01684434065609847,0.002035471610724926
0,0,1.0,0.012062091948092938,0.005198176018893719
0,0,1.0,0.0002405624812596144,0.004785539582371712
1,0,1.0,0.9875965560355077,0.9959993362426758
0,0,1.0,0.011418972229313762,0.00939030572772026
1,0,1.0,0.9975869298349225,0.9849440455436707
1,0,1.0,0.9906190586155911,0.9970337152481079
1,0,1.0,0.9991371894837304,0.9942222237586975
0,0,1.0,0.0003134164861037928,0.0030684727244079113
0,0,1.0,0.0008240836708516687,0.001753916498273611
1,0,1.0,0.9988754640536407,0.9801341891288757
0,0,1.0,0.0007071343706026629,0.0018918709829449654
1,0,1.0,0.9980349976759222,0.9900661706924438
0,0,1.0,0.1884456071038396,0.008455268107354641
0,0,1.0,0.0047387642552484815,0.0027407449670135975
0,0,1.0,0.00044966558699923733,0.003108065575361252
0,0,1.0,0.0018888101353146845,0.002037499099969864
0,0,1.0,0.0018485675649737739,0.001933939871378243
0,0,1.0,0.00043297328638257024,0.0050714160315692425
0,0,1.0,0.24970534807803146,0.642929196357727
1,0,1.0,0.9997810788629717,0.995898425579071
0,0,1.0,0.00043226775083534286,0.0030955502297729254
0,0,1.0,0.11005094621981275,0.025026492774486542
1,0,1.0,0.8634724445666674,0.993996262550354
0,0,1.0,0.0020492527294022653,0.005848859902471304
1,0,1.0,0.6639726237941543,0.9786065816879272
0,0,1.0,0.03152339654943208,0.0019349708454683423
0,0,1.0,0.0006364874920998881,0.004437995608896017
0,0,1.0,0.0007064613235544557,0.003969880286604166
0,0,1.0,0.01764676123648479,0.0018836234230548143
0,0,1.0,0.0036521436361489582,0.0038183447904884815
1,0,1.0,0.9990600418408969,0.7632595300674438
0,0,1.0,0.33402438670122836,0.19873645901679993
0,0,1.0,0.001307383932413008,0.0018044518074020743
0,0,1.0,0.0034809742870968545,0.0018367792945355177
0,0,1.0,0.007300597259422591,0.0019623255357146263
0,0,1.0,0.0023452766285192864,0.050812456756830215
0,0,1.0,0.0009906089035305748,0.00662070931866765
0,0,1.0,0.00046481146723281833,0.003908482380211353
0,0,1.0,0.0023225258020202334,0.006029031239449978
0,0,1.0,0.003966396161737437,0.0035716865677386522
0,0,1.0,0.0026919455879248146,0.00586498249322176
0,0,1.0,0.028825095521944753,0.00613934313878417
1,0,1.0,0.9927354401929644,0.9977380037307739
1,0,1.0,0.9914134935568815,0.9565181732177734
1,0,1.0,0.9929814223049135,0.994256317615509
0,0,1.0,0.000729002105822161,0.007003443781286478
0,0,1.0,0.0002598373152864004,0.0038146190345287323
0,0,1.0,0.00403510142643712,0.0055682905949652195
0,0,1.0,0.000311497361838984,0.006618593353778124
1,0,1.0,0.9917045039774643,0.9960511326789856
0,0,1.0,0.0005391102063144915,0.0038007788825780153
0,0,1.0,0.0005515718738761326,0.005475593730807304
1,0,1.0,0.9353404156633633,0.4054494798183441
0,0,1.0,0.001557273498194339,0.001813066890463233
1,0,1.0,0.9995984372314776,0.9976569414138794
0,0,1.0,0.010040379122708155,0.007133623585104942
0,0,1.0,0.007297884773044782,0.012452444061636925
0,0,1.0,0.013786087869824805,0.0018224578816443682
1,0,1.0,0.9996029649513912,0.9962118864059448
0,0,1.0,0.0007393269999470202,0.001973604317754507
0,0,1.0,0.0016226853645832456,0.003925999626517296
1,0,1.0,0.9997634977485156,0.995955228805542
0,0,1.0,0.02159677909512332,0.005415931344032288
0,0,1.0,0.0014392606304336494,0.004650216083973646
0,0,1.0,0.0037024684009580953,0.0030512867961078882
0,0,1.0,0.002354609545626755,0.006596466992050409
1,0,1.0,0.9969422696694955,0.9971297383308411
0,0,1.0,0.005016219391570153,0.004054354969412088
1,0,1.0,0.9979418853398353,0.9958052635192871
0,0,1.0,0.003952527973776142,0.02981160581111908
0,0,1.0,0.00371386773172759,0.001918289577588439
0,0,1.0,0.004092024335868286,0.004847424570471048
1,0,1.0,0.9992356002412733,0.99764484167099
0,0,1.0,0.0018097887465259792,0.0018345166463404894
0,0,1.0,0.0007617715748307908,0.007586900144815445
0,0,1.0,0.00032268466336726135,0.003024861216545105
0,0,1.0,0.24054544829518698,0.4345618784427643
0,0,1.0,0.027355469086197154,0.06004456430673599
1,0,1.0,0.9932253634320103,0.9067209959030151
1,0,1.0,0.9857440880685495,0.9798620939254761
1,0,1.0,0.9998895143478409,0.9963101744651794
0,0,1.0,0.0007551090590375404,0.0030555122066289186
0,0,1.0,0.0011984160489363184,0.0018689282005652785
1,0,1.0,0.9941409593125446,0.9958001971244812
0,0,1.0,0.0026395480713743815,0.005120900459587574
1,0,1.0,0.9675537022377971,0.9912163019180298
0,0,1.0,0.04925910762742858,0.0041274516843259335
0,0,1.0,0.0019195422969988008,0.003008274594321847
0,0,1.0,0.031240749588786206,0.008491558954119682
0,0,1.0,0.012123280236721079,0.0068678162060678005
0,0,1.0,0.00018538837292504304,0.0030478506814688444
0,0,1.0,0.0026772591730789626,0.003092691069468856
0,0,1.0,6.930336938128605e-05,0.004422423895448446
0,0,1.0,0.010493910442578736,0.004162155091762543
0,0,1.0,0.0015365834503662896,0.003513566218316555
1,0,1.0,0.699980511645358,0.03194659203290939
1,0,1.0,0.9996331264787299,0.9956161975860596
0,0,1.0,0.010230701689717727,0.004770610481500626
1,0,1.0,0.9996389169553055,0.9937477111816406
0,0,1.0,0.007791410794894089,0.009160589426755905
0,0,1.0,0.0038252262549242576,0.0047726258635520935
1,0,1.0,0.9923949259860191,0.40701860189437866
0,0,1.0,0.0029775849580334925,0.0031654718331992626
0,0,1.0,0.0011780391977622468,0.005729149095714092
0,0,1.0,0.00046734100286535343,0.003739074105396867
1,0,1.0,0.9699887166877221,0.9865115880966187
0,0,1.0,0.0009458806757395619,0.003921875264495611
0,0,1.0,0.006388892580670346,0.005761237815022469
1,0,1.0,0.944038796829504,0.9957184195518494
0,0,1.0,0.0008848786496949233,0.0020467229187488556
0,0,1.0,0.005725882645241315,0.004647098947316408
0,0,1.0,0.043239440763520424,0.26185405254364014
1,0,1.0,0.9998584262321177,0.9960135221481323
0,0,1.0,0.02161034117071577,0.003031578380614519
0,0,1.0,0.012461244237885253,0.0018282196251675487
0,0,1.0,7.95994834575751e-05,0.0019117420306429267
0,0,1.0,0.0010552076942751275,0.0017530950717628002
1,0,1.0,0.9989567278251511,0.9976751208305359
0,0,1.0,0.0021062103646847558,0.003768140682950616
0,0,1.0,0.00020660627106376672,0.0030639078468084335
1,0,1.0,0.9885877827380289,0.9684395790100098
0,0,1.0,0.0005883254100600843,0.0038489706348627806
0,0,1.0,0.004256302764471076,0.003047681413590908
0,0,1.0,0.002312084002589047,0.014036400243639946
0,0,1.0,0.10698523496716017,0.006380976177752018
0,0,1.0,0.000285191293227222,0.003513806499540806
0,0,1.0,0.00023543006220358217,0.005560628138482571
0,0,1.0,0.022116173163928273,0.006008659489452839
1,0,1.0,0.9998664022194805,0.997631311416626
0,0,1.0,0.002271132286482097,0.0019119202625006437
1,0,1.0,0.9993828661282912,0.9874885678291321
1,0,1.0,0.9676364603297677,0.8215558528900146
0,0,1.0,9.325339973856031e-05,0.005538745783269405
1,0,1.0,0.9996123088987525,0.9918485879898071
0,0,1.0,0.014429472064879436,0.005113408900797367
0,0,1.0,0.0022483263488952254,0.004786271136254072
0,0,1.0,0.003166616148787337,0.0038483780808746815
0,0,1.0,0.005374525962358687,0.0037995707243680954
0,0,1.0,0.0013572803356183538,0.00580989196896553
0,0,1.0,0.005911068257804464,0.004915958736091852
0,0,1.0,0.00048806123554741233,0.0060067325830459595
0,0,1.0,0.007079956509999211,0.012729850597679615
0,0,1.0,0.00581248949607431,0.003839349141344428
0,0,1.0,0.0010477455953222712,0.004508397076278925
0,0,1.0,0.005661703879841323,0.009463146328926086
1,0,1.0,0.9967470533985685,0.9952682852745056
0,0,1.0,0.003328622907987418,0.0018075781408697367
0,0,1.0,0.0019322421671554304,0.0035894406028091908
0,0,1.0,7.488886332258685e-05,0.0034417719580233097
1,0,1.0,0.9999590660903924,0.9961702227592468
1,0,1.0,0.9988361942117842,0.9941273927688599
0,0,1.0,0.0045199986168252436,0.0063056135550141335
0,0,1.0,0.0010286839623450293,0.00311263557523489
0,0,1.0,0.0009659005985585436,0.00470602884888649
0,0,1.0,0.00011221339231667787,0.005704736337065697
0,0,1.0,0.000982324260211606,0.0031187688000500202
1,0,1.0,0.9996270895182405,0.9955951571464539
0,0,1.0,0.19309197011849336,0.006064045242965221
1,0,1.0,0.9993970581861412,0.9961844086647034
0,0,1.0,0.002840166012352423,0.003623561467975378
0,0,1.0,0.005613378935159793,0.004143374040722847
0,0,1.0,0.0013562803660925975,0.0017893286421895027
0,0,1.0,0.002227596593268391,0.011704642325639725
0,0,1.0,0.00013019180924785537,0.005913165397942066
1,0,1.0,0.9940098315270774,0.9976303577423096
1,0,1.0,0.9951702973433397,0.9945099353790283
0,0,1.0,0.00031748274944249277,0.003959326073527336
0,0,1.0,0.037016919889497284,0.0059514413587749004
1,0,1.0,0.997976106128317,0.9948334693908691
1,0,1.0,0.9974331997558521,0.9705547094345093
0,0,1.0,0.0008506506908375407,0.003019138937816024
0,0,1.0,0.0009533188657906437,0.005673605483025312
0,0,1.0,0.0001454367474729449,0.004352987743914127
0,0,1.0,0.01605541283480055,0.008061038330197334
0,0,1.0,0.00041974218476692753,0.004620817955583334
1,0,1.0,0.9875805093837104,0.9831448793411255
1,0,1.0,0.998466688747424,0.9949087500572205
0,0,1.0,0.0005253998375613591,0.00595452543348074
0,0,1.0,0.00031620512607864943,0.005569671280682087
0,0,1.0,0.011020547109971626,0.0017985992599278688
0,0,1.0,0.00036793225562043873,0.005507181398570538
0,0,1.0,0.0037671437240286948,0.009129885584115982
1,0,1.0,0.7662825349161292,0.9619590640068054
0,0,1.0,0.002050647442496415,0.006619627587497234
1,0,1.0,0.9771924151326707,0.9851136207580566
0,0,1.0,0.002149942711763585,0.003815039061009884
0,0,1.0,0.00033146320452007936,0.003000507829710841
0,0,1.0,0.0019080927299999024,0.005547756794840097
1,0,1.0,0.9989769956861484,0.9939349293708801
0,0,1.0,0.0010891823320230748,0.006059268023818731
0,0,1.0,0.0004773780824021866,0.003517012344673276
1,0,1.0,0.9988686346475653,0.9975939393043518
0,0,1.0,0.00011636472843980423,0.003976045176386833
0,0,1.0,0.00945710687360024,0.006186581216752529
0,0,1.0,0.005559869279039514,0.0037876374553889036
1,0,1.0,0.9914993075024655,0.9961681962013245
0,0,1.0,0.00018644118211447454,0.002983265556395054
1,0,1.0,0.9786215631811216,0.9944792985916138
0,0,1.0,0.011519651554998954,0.001837541931308806
0,0,1.0,0.004700701617793694,0.004759494215250015
1,0,1.0,0.9922083645313302,0.9835532903671265
1,0,1.0,0.9976684704573303,0.9948721528053284
0,0,1.0,0.0018220594596040222,0.0030289478600025177
0,0,1.0,0.004136271178686716,0.0037434976547956467
0,0,1.0,0.0010382188126762373,0.005839738994836807
0,0,1.0,0.002168269158122869,0.0069594974629580975
0,0,1.0,0.02100417696769225,0.005075931549072266
0,0,1.0,0.0007284995881974337,0.005256622098386288
0,0,1.0,0.0006140125051197347,0.005721244495362043
0,0,1.0,0.018047780369932893,0.9368972778320312
0,0,1.0,0.0004616610872520957,0.005945415701717138
0,0,1.0,0.030274753806477563,0.006613939069211483
0,0,1.0,0.013680269288356344,0.006152015645056963
0,0,1.0,0.0008383036025481295,0.003909535240381956
1,0,1.0,0.9995156027149449,0.9945639371871948
1,0,1.0,0.947518030709693,0.9938470721244812
0,0,1.0,0.0021518651645702795,0.004983006976544857
1,0,1.0,0.9968344335075382,0.994269847869873
1,0,1.0,0.9997248346486208,0.997722327709198
0,0,1.0,0.0054159605596500494,0.005012588109821081
0,0,1.0,0.000982475024394147,0.003897572634741664
0,0,1.0,0.0006569324281685841,0.005152153316885233
0,0,1.0,0.006225184482486063,0.006125819869339466
0,0,1.0,0.0022646246650135132,0.0017969512846320868
0,0,1.0,0.0035165054324879158,0.005461674649268389
0,0,1.0,0.004526395410407695,0.011364130303263664
1,0,1.0,0.9966780573291537,0.9871279001235962
0,0,1.0,0.000666652851987666,0.004656665958464146
1,0,1.0,0.9997609878824495,0.9958052635192871
0,0,1.0,0.005104425682676119,0.004903048276901245
0,0,1.0,0.0008574514075109759,0.0018475268734619021
0,0,1.0,0.00010272902853573634,0.005657498724758625
0,0,1.0,0.1755451432038148,0.0070790317840874195
0,0,1.0,0.0003115725347896775,0.003743472509086132
0,0,1.0,0.17383919055251432,0.5089301466941833
0,0,1.0,0.004722750875501587,0.0018802555277943611
0,0,1.0,0.0282323425638247,0.0019048713147640228
1,0,1.0,0.9977936521653299,0.9974665641784668
0,0,1.0,0.0055409611764876835,0.030097343027591705
0,0,1.0,0.007014592137649185,0.0019870309624820948
0,0,1.0,0.02355391703079209,0.02507699839770794
1,0,1.0,0.9899697332832095,0.9976599216461182
0,0,1.0,0.004327112683323441,0.010484984144568443
0,0,1.0,0.012869081958903072,0.001862298813648522
0,0,1.0,0.002219861097765991,0.00605687266215682
0,0,1.0,0.004931992677949836,0.003706465708091855
0,0,1.0,0.0013172244509455277,0.004730498883873224
1,0,1.0,0.9420481798422958,0.3664124608039856
0,0,1.0,0.0012378178195217322,0.001808722736313939
0,0,1.0,0.0598109614584803,0.052153125405311584
0,0,1.0,0.00014196691699538443,0.005333492532372475
0,0,1.0,0.0071638522302728104,0.0019150404259562492
0,0,1.0,0.0027500465827736257,0.005725830793380737
0,0,1.0,0.0025988879716549117,0.0018003860022872686
0,0,1.0,0.0003055242065634968,0.005157487001270056
0,0,1.0,0.00042502244011906874,0.0033090473152697086
0,0,1.0,0.010852629542753326,0.005133073776960373
0,0,1.0,0.003368949655041229,0.001946916338056326
0,0,1.0,0.08546635348578867,0.5521032810211182
1,0,1.0,0.9861986179113322,0.995618462562561
0,0,1.0,0.005328418790287063,0.004831450060009956
0,0,1.0,0.00020132752736889075,0.005501272156834602
0,0,1.0,0.000764833515190858,0.001878736657090485
1,0,1.0,0.9979796729600776,0.9951153993606567
0,0,1.0,0.0014770490824833255,0.01782407984137535
1,0,1.0,0.9972867049959918,0.9957839846611023
0,0,1.0,0.0025452892214802634,0.003058535046875477
0,0,1.0,0.14356782057651438,0.001901957206428051
0,0,1.0,0.005650496008900089,0.006910288240760565
1,0,1.0,0.9997686139471041,0.99611496925354
0,0,1.0,0.0017750941077332243,0.004862857982516289
0,0,1.0,0.015220380311528088,0.0018165471265092492
0,0,1.0,0.0012103170089008653,0.004345588851720095
0,0,1.0,0.005021462541802679,0.010549230501055717
0,0,1.0,0.0006216195543715063,0.005343088414520025
0,0,1.0,0.0030589998807460032,0.008052196353673935
0,0,1.0,0.0023271677612722104,0.001791358576156199
1,0,1.0,0.996420227884811,0.980358362197876
0,0,1.0,0.0015851745309710744,0.005747463554143906
0,0,1.0,0.015548966225488736,0.007230251096189022
0,0,1.0,0.0001980654117799485,0.0046043721958994865
0,0,1.0,0.005923342503989289,0.003835286246612668
1,0,1.0,0.9965306381832927,0.9941478967666626
0,0,1.0,0.0010381946361976244,0.0038281988818198442
1,0,1.0,0.9968115890524978,0.9931358098983765
0,0,1.0,0.0010112359669954718,0.002073652809485793
1,0,1.0,0.9911217526280157,0.986270010471344
0,0,1.0,0.09630199808264381,0.017249712720513344
0,0,1.0,0.0006009338381846645,0.0054464866407215595
0,0,1.0,0.005269099467994161,0.005774242337793112
1,0,1.0,0.9994596076126019,0.9942014813423157
1,0,1.0,0.9950281041404628,0.9953455328941345
0,0,1.0,0.03635525140426821,0.005561305675655603
1,0,1.0,0.9993623944770106,0.9943537712097168
0,0,1.0,0.0072350094648455055,0.00574766518548131
0,0,1.0,0.0007514078057186237,0.003631591098383069
0,0,1.0,0.004033005660269539,0.003542531980201602
0,0,1.0,0.002832827926707213,0.008388751186430454
0,0,1.0,0.00027076169825898287,0.0030555441044270992
0,0,1.0,0.0032376636513856286,0.006447360385209322
0,0,1.0,0.0006220699561763078,0.004539521876722574
0,0,1.0,0.0023532539036950997,0.005828560329973698
0,0,1.0,0.0010494001697627401,0.0017974814400076866
0,0,1.0,0.21019397101383502,0.15764907002449036
1,0,1.0,0.9917502587946846,0.9659031629562378
0,0,1.0,0.003716862057104525,0.00646407762542367
1,0,1.0,0.9948254034161154,0.9931836724281311
0,0,1.0,0.47856120932946117,0.031191455200314522
0,0,1.0,0.002330096541691961,0.0030556106939911842
1,0,1.0,0.9981471623761291,0.9964022636413574
0,0,1.0,0.00013802943542613955,0.005683742463588715
1,0,1.0,0.36739476211768496,0.7687917947769165
0,0,1.0,0.0004529537952627989,0.004539758898317814
0,0,1.0,0.003584741401294565,0.0038210786879062653
1,0,1.0,0.9473789684735443,0.9600988030433655
0,0,1.0,0.006384192942213017,0.0030278365593403578
1,0,1.0,0.9996182578240569,0.9967634677886963
0,0,1.0,0.002368885287646576,0.0030923751182854176
0,0,1.0,0.00020637350109957607,0.005994761362671852
0,0,1.0,0.0056881329836445905,0.007561347912997007
0,0,1.0,0.00020354180365577806,0.005653249099850655
0,0,1.0,0.12011149020971854,0.011676550842821598
0,0,1.0,0.0010016392573537153,0.0019614933989942074
0,0,1.0,0.0027027961886247217,0.01610437035560608
0,0,1.0,0.007018077659068115,0.02119358256459236
0,0,1.0,0.0032540565217216454,0.0031497678719460964
0,0,1.0,0.0005389519090588431,0.0020773622673004866
0,0,1.0,0.04813435003565474,0.05988934636116028
0,0,1.0,0.0007009132615638389,0.005547056905925274
0,0,1.0,0.0018187835189140702,0.008874847553670406
1,0,1.0,0.9885979116937619,0.9896870255470276
0,0,1.0,0.0061275152456447424,0.01026041992008686
0,0,1.0,0.02797976687348699,0.00398207874968648
0,0,1.0,0.007037502051541385,0.003881529439240694
0,0,1.0,0.3980306809708083,0.29768550395965576
0,0,1.0,0.005310755105361934,0.0053954338654875755
0,0,1.0,0.002843507298859159,0.0058065857738256454
1,0,1.0,0.9851710879214227,0.9957048296928406
0,0,1.0,0.004632034073644555,0.0019511637510731816
0,0,1.0,0.01638267330569755,0.00701808650046587
0,0,1.0,0.029290872331173858,0.025652656331658363
1,0,1.0,0.9730776097578188,0.9823284149169922
1,0,1.0,0.9990177510203901,0.9974379539489746
1,0,1.0,0.9855632987683752,0.9926002025604248
0,0,1.0,0.00015394826314667846,0.005559534300118685
0,0,1.0,0.003535157470774524,0.009445707313716412
0,0,1.0,0.00903720623693172,0.002460248302668333
0,0,1.0,0.16954938424823998,0.0033752387389540672
0,0,1.0,0.00428413832406997,0.005938129499554634
0,0,1.0,0.0035099367659410913,0.014478574506938457
0,0,1.0,0.0013659324062140572,0.005246473476290703
0,0,1.0,0.0018397261508326435,0.006188718602061272
0,0,1.0,0.00458104630744938,0.0031759492121636868
0,0,1.0,0.004113274768278609,0.005177970975637436
0,0,1.0,0.00044562438547295405,0.004656943958252668
0,0,1.0,0.0004181329670520071,0.0018014541128650308
0,0,1.0,0.00044569046869401345,0.003925032448023558
1,0,1.0,0.9962859890856479,0.978122353553772
0,0,1.0,0.008270256033612764,0.005518378224223852
1,0,1.0,0.9982327160325246,0.9883897304534912
1,0,1.0,0.9994015408481225,0.9962483048439026
0,0,1.0,0.02454527423057079,0.022791370749473572
0,0,1.0,0.0005499771629093243,0.004605598747730255
0,0,1.0,0.0007380412833186518,0.0017694192938506603
0,0,1.0,0.0022412747289557384,0.0018273801542818546
0,0,1.0,0.0010507979804940245,0.0019249264150857925
0,0,1.0,0.00024100168090243108,0.00576101103797555
0,0,1.0,0.001998297786783247,0.00462318304926157
0,0,1.0,0.00043104253116333166,0.0018944093026220798
0,0,1.0,0.000725198537186148,0.0020653109531849623
0,0,1.0,0.0018838057679336508,0.0038454451132565737
0,0,1.0,0.005273804812206077,0.0017937484662979841
1,0,1.0,0.6407660555939012,0.4894464910030365
0,0,1.0,0.0003683231177979106,0.004708633758127689
0,0,1.0,0.05487538642120779,0.019401995465159416
0,0,1.0,0.0018460319297734242,0.0018947068601846695
0,0,1.0,0.0005257683210294143,0.0045318445190787315
1,0,1.0,0.8858043828213613,0.9437679648399353
0,0,1.0,0.02613618399893015,0.0069481730461120605
0,0,1.0,0.004733700470806491,0.003345559583976865
0,0,1.0,0.0017797051109772791,0.04599101468920708
0,0,1.0,9.535764436101149e-05,0.004667476750910282
0,0,1.0,0.00014512188520437414,0.003130383789539337
0,0,1.0,0.002790673251134508,0.0032355617731809616
0,0,1.0,0.0004287611582845388,0.004554297309368849
0,0,1.0,0.01791129217510737,0.0022241941187530756
0,0,1.0,0.014041179378482285,0.2880991995334625
1,0,1.0,0.9943644244291306,0.9940894842147827
0,0,1.0,0.002169045456225509,0.0038552044425159693
0,0,1.0,0.013224764638202442,0.007245213724672794
0,0,1.0,0.00042284711336952694,0.0019617353100329638
1,0,1.0,0.9912972643696184,0.9897269606590271
0,0,1.0,0.012542860491900773,0.003430743236094713
1,0,1.0,0.9244441059793956,0.9224634766578674
0,0,1.0,0.0033367373436389057,0.008637961000204086
0,0,1.0,0.005566869469431295,0.0040220157243311405
0,0,1.0,0.000255558670574484,0.005758790764957666
0,0,1.0,0.0006291994152127992,0.0075386567041277885
1,0,1.0,0.9982766039733006,0.9922019243240356
0,0,1.0,0.13736564513654204,0.007038915529847145
0,0,1.0,0.008854651860975353,0.00559643842279911
0,0,1.0,0.0007812989228400528,0.0017886688001453876
0,0,1.0,0.005161062787121559,0.002143389079719782
0,0,1.0,0.012662590958775727,0.0019038780592381954
1,0,1.0,0.9997456994119617,0.9971544742584229
0,0,1.0,0.0038120709608156,0.004687536507844925
0,0,1.0,0.0048096900689332785,0.004129620268940926
0,0,1.0,0.05490223827727901,0.002129147993400693
1,0,1.0,0.9994809693885842,0.9844760298728943
0,0,1.0,0.0776374546995896,0.007091115228831768
0,0,1.0,0.0020617414850709155,0.003107657888904214
0,0,1.0,0.00023793400824807234,0.006471247412264347
0,0,1.0,0.03601667618317169,0.032219018787145615
0,0,1.0,0.001896452032951156,0.0020056588109582663
0,0,1.0,0.002139245881260804,0.00196640333160758
0,0,1.0,0.005092403275333279,0.004057531710714102
1,0,1.0,0.9981602664090451,0.9956784844398499
0,0,1.0,0.01122187528862389,0.0021924879401922226
0,0,1.0,0.0023258547141654547,0.0030531047377735376
0,0,1.0,0.000926638784319979,0.003821501974016428
1,0,1.0,0.9981599133759033,0.9912030696868896
0,0,1.0,0.04815179358064262,0.004586806520819664
0,0,1.0,0.004110580620139717,0.006538738030940294
0,0,1.0,0.0027060500984696393,0.0031459447927773
1,0,1.0,0.999403109995164,0.9960494637489319
0,0,1.0,0.0024093726032923214,0.006137295626103878
0,0,1.0,0.0013380663902849985,0.0018537722062319517
1,0,1.0,0.9988420649062981,0.9958776235580444
1,0,1.0,0.9992684191389678,0.9944766163825989
1,0,1.0,0.9197676649848834,0.8976122140884399
1,0,1.0,0.4653437158323915,0.7527512907981873
0,0,1.0,0.0011086824740664917,0.0033226001542061567
0,0,1.0,0.0036191894995898223,0.005434837192296982
0,0,1.0,0.05929179686190247,0.5183457732200623
0,0,1.0,0.1559615044764086,0.005364860408008099
1,0,1.0,0.9992327538118786,0.9976364374160767
0,0,1.0,0.0033520049727018587,0.003768432652577758
1,0,1.0,0.9989925605750227,0.9213210344314575
1,0,1.0,0.9942031460584428,0.9974116683006287
1,0,1.0,0.996885780642307,0.9960357546806335
0,0,1.0,0.009432842009931773,0.04109986126422882
0,0,1.0,0.001512928454967302,0.0019067933317273855
0,0,1.0,0.00011598965202754437,0.0039652371779084206
1,0,1.0,0.7385060091672312,0.9821813106536865
0,0,1.0,0.014509209033970146,0.0049894158728420734
1,0,1.0,0.9661668768964752,0.9898349642753601
0,0,1.0,0.00043998480284311586,0.005966957192867994
0,0,1.0,0.0008014379114728518,0.001916654291562736
0,0,1.0,0.0027132003887851957,0.0017871420131996274
1,0,1.0,0.9852108601331079,0.995902955532074
0,0,1.0,0.01746923117791132,0.008998910896480083
0,0,1.0,0.0002733347014165381,0.001893913373351097
1,0,1.0,0.9998422973888693,0.9900798797607422
0,0,1.0,0.00583100504572586,0.03661464527249336
1,0,1.0,0.9887626995683058,0.9966926574707031
1,0,1.0,0.9986913922082605,0.9962820410728455
1,0,1.0,0.9997574636968592,0.997663140296936
0,0,1.0,0.001196328609239881,0.0038614370860159397
1,0,1.0,0.999061609800867,0.9957424998283386
1,0,1.0,0.995206894974848,0.9966332316398621
0,0,1.0,0.0020046193689859187,0.2770449221134186
0,0,1.0,0.3311828564550186,0.002064046449959278
1,0,1.0,0.999139586445642,0.9019089937210083
0,0,1.0,0.3378610074270361,0.20768648386001587
0,0,1.0,0.010922457932156068,0.006221112795174122
0,0,1.0,0.0012246202215730236,0.0031297882087528706
1,0,1.0,0.9982892416516166,0.9973469972610474
0,0,1.0,0.0020748484593574924,0.0018927069613710046
0,0,1.0,0.0008380803791826819,0.005646053235977888
0,0,1.0,0.0005215308710815028,0.0030328279826790094
1,0,1.0,0.952774098508055,0.9944171905517578
0,0,1.0,0.004505399589880419,0.0040929121896624565
0,0,1.0,0.001080736962517149,0.0017909142188727856
0,0,1.0,0.0032038882412823216,0.004578310064971447
0,0,1.0,0.0001561796766915833,0.0046751610934734344
1,0,1.0,0.9983806517232938,0.9894087314605713
0,0,1.0,0.0016518249228451563,0.008431721478700638
0,0,1.0,0.08787605906607944,0.00965404137969017
1,0,1.0,0.9668406443583448,0.9926902651786804
0,0,1.0,0.02122862786702445,0.024133067578077316
0,0,1.0,0.004194291447897956,0.004628110211342573
0,0,1.0,7.383860651094655e-05,0.0043884762562811375
1,0,1.0,0.970054045953763,0.9959580302238464
0,0,1.0,0.0013082081791574423,0.00996697973459959
0,0,1.0,0.005676285826429027,0.0018721483647823334
0,0,1.0,0.01094550103103317,0.001814641640521586
0,0,1.0,0.007350150053059778,0.005970354657620192
0,0,1.0,0.0017265174716936276,0.0038318047299981117
0,0,1.0,0.00987669827468185,0.024171132594347
0,0,1.0,0.0004968696585857626,0.0037402145098894835
0,0,1.0,0.06661594305475023,0.003954073879867792
1,0,1.0,0.9996776023866112,0.9950136542320251
0,0,1.0,0.013251182508398397,0.002352326177060604
0,0,1.0,0.00046640345387107814,0.0019843471236526966
0,0,1.0,0.00606390694078522,0.0035885691177099943
0,0,1.0,0.00888840246107455,0.0033835291396826506
0,0,1.0,0.06580873247506454,0.013592509552836418
0,0,1.0,0.00022599232846869539,0.005126031581312418
0,0,1.0,0.026764471926927852,0.011693847365677357
0,0,1.0,0.0003436188542954104,0.003138085827231407
1,0,1.0,0.9857829376355262,0.948447585105896
1,0,1.0,0.9983234198316946,0.990329384803772
1,0,1.0,0.9809874756806042,0.9967814683914185
0,0,1.0,0.007662936049964792,0.005053954664617777
1,0,1.0,0.027146694014743806,0.017316121608018875
1,0,1.0,0.8409842925231042,0.951068639755249
0,0,1.0,0.0008790659491800615,0.0039046097081154585
0,0,1.0,0.001629590509538961,0.0038820914924144745
1,0,1.0,0.9848582194014496,0.9872084259986877
1,0,1.0,0.9963716944241079,0.9960814118385315
0,0,1.0,0.0008234549223180761,0.004621300846338272
0,0,1.0,0.002057563480810984,0.00382213550619781
0,0,1.0,0.05562789678249515,0.01205721590667963
0,0,1.0,0.011498182567051925,0.004071274306625128
1,0,1.0,0.9998576453774626,0.9949344992637634
0,0,1.0,0.03242771662439132,0.00261925021186471
0,0,1.0,0.46036032069382044,0.017719170078635216
0,0,1.0,0.0016582567097582414,0.004038721788674593
1,0,1.0,0.9989135439794408,0.9933165311813354
1,0,1.0,0.999677992512151,0.9963411688804626
0,0,1.0,0.00314446790747477,0.0029704775661230087
0,0,1.0,0.001085452563641362,0.003020930802449584
1,0,1.0,0.9998989766569237,0.9975878000259399
0,0,1.0,0.00028939833890114717,0.006502692587673664
1,0,1.0,0.9924540007496501,0.9731904864311218
1,0,1.0,0.9070121196821208,0.9887028932571411
0,0,1.0,0.0005366464725200085,0.0018251879373565316
0,0,1.0,0.0007631670834842151,0.003813236951828003
0,0,1.0,0.12605744504512645,0.1895616203546524
0,0,1.0,0.017218750792588524,0.00871029682457447
1,0,1.0,0.9968359887053181,0.9857698678970337
0,0,1.0,0.004536684538998359,0.0018130954122170806
1,0,1.0,0.9908632135445214,0.997557520866394
0,0,1.0,0.0013566841717809499,0.004543074406683445
0,0,1.0,0.012801374619232,0.060204941779375076
0,0,1.0,0.00030497922512985696,0.0020611118525266647
0,0,1.0,0.0006259757066513849,0.00907022226601839
1,0,1.0,0.11080603433854652,0.02922825701534748
1,0,1.0,0.9644838651180359,0.9920157194137573
1,0,1.0,0.9702322449460218,0.9847187399864197
0,0,1.0,0.000570684188787926,0.003094644285738468
0,0,1.0,0.0010489978097397692,0.0032173343934118748
1,0,1.0,0.9891725691743164,0.9868380427360535
0,0,1.0,0.012068501501696981,0.10716846585273743
1,0,1.0,0.9411876784973131,0.9935004115104675
0,0,1.0,0.00045189854921962014,0.004529829137027264
0,0,1.0,0.000655374639097174,0.0019115674076601863
1,0,1.0,0.9976952965808028,0.992256760597229
0,0,1.0,0.0005011574249433843,0.005562033504247665
0,0,1.0,0.0008216204235446378,0.0031634941697120667
0,0,1.0,0.005030914573051743,0.0393238365650177
1,0,1.0,0.9996568789200246,0.9957746863365173
1,0,1.0,0.9880454571563229,0.9975849390029907
0,0,1.0,0.0036210738646972624,0.003594790818169713
0,0,1.0,0.0026889714067476565,0.004598383791744709
0,0,1.0,0.00016702312458253068,0.004666218534111977
0,0,1.0,0.005586578200390095,0.0018139336025342345
0,0,1.0,0.007642439510977063,0.003312743967399001
1,0,1.0,0.9998592906531086,0.9960598349571228
0,0,1.0,0.01973407666257301,0.019124554470181465
1,0,1.0,0.9998995351308425,0.9693596959114075
0,0,1.0,0.03430299137136515,0.005881860386580229
0,0,1.0,0.0007703540869843276,0.007009803783148527
0,0,1.0,0.0013124029248641439,0.004996487405151129
0,0,1.0,0.0022128885591269224,0.006104483734816313
0,0,1.0,0.0025521755766037342,0.0020312953274697065
0,0,1.0,0.0734939633538354,0.001888840808533132
0,0,1.0,0.0002173994574852003,0.004012684337794781
0,0,1.0,0.020543143407506608,0.005482975859194994
1,0,1.0,0.4659310941096984,0.011332368478178978
1,0,1.0,0.9987899933113858,0.9942875504493713
0,0,1.0,0.0015889827279330243,0.004670535214245319
0,0,1.0,0.003049609309362902,0.0070041473954916
1,0,1.0,0.9222382061624992,0.985536515712738
0,0,1.0,0.00033083067298594096,0.0019276646198704839
0,0,1.0,0.002885632683057987,0.004032571334391832
0,0,1.0,0.0029796410072736174,0.005577965173870325
1,0,1.0,0.06944456109201684,0.005689779296517372
0,0,1.0,0.002012244327276437,0.011877669021487236
0,0,1.0,0.0027603079780543186,0.002008667681366205
0,0,1.0,0.008537494096241645,0.001969520002603531
0,0,1.0,2.1013517587426203e-05,0.004239716567099094
1,0,1.0,0.9860157821155835,0.9797866344451904
0,0,1.0,0.07725562806336925,0.028902802616357803
1,0,1.0,0.9292264777198568,0.9848309755325317
0,0,1.0,0.0016844291573278863,0.003701426088809967
1,0,1.0,0.9964278355323267,0.994093120098114
1,0,1.0,0.9990839471103161,0.9944731593132019
0,0,1.0,0.00018834663071433464,0.003184123896062374
1,0,1.0,0.9997013621671484,0.996482253074646
0,0,1.0,0.0004571953448905253,0.0031974201556295156
1,0,1.0,0.9988788821325925,0.994086503982544
0,0,1.0,0.005659483014391919,0.0041282083839178085
0,0,1.0,0.00041118187581277554,0.0039933971129357815
1,0,1.0,0.9998907762672411,0.9939815402030945
0,0,1.0,0.00048450331919937614,0.003365665441378951
0,0,1.0,6.637893547080108e-05,0.004675558768212795
0,0,1.0,0.03113476598593615,0.007360680960118771
0,0,1.0,0.007009080257039809,0.0044288067147135735
0,0,1.0,0.004091382875631449,0.012094373814761639
0,0,1.0,0.04537682786899001,0.024817483499646187
0,0,1.0,0.19563201339526723,0.029835745692253113
0,0,1.0,0.013959646634268344,0.002369559369981289
0,0,1.0,9.14329408297619e-05,0.0019668906461447477
0,0,1.0,0.004193166750287532,0.007000645622611046
1,0,1.0,0.9997383392699785,0.9964665174484253
0,0,1.0,0.011178640670157078,0.04273603484034538
0,0,1.0,0.008120894348656555,0.004575933795422316
1,0,1.0,0.9976619686848025,0.9961745738983154
1,0,1.0,0.9998051572229935,0.9975851774215698
1,0,1.0,0.9249931718869207,0.9976963400840759
0,0,1.0,0.0007918666127597579,0.006579441484063864
1,0,1.0,0.9923410304491906,0.9958945512771606
0,0,1.0,0.0028551217904269474,0.00545056676492095
1,0,1.0,0.8964855737865155,0.8577423095703125
0,0,1.0,0.0024954063851056266,0.004458599258214235
0,0,1.0,0.009239149266489536,0.0018787045264616609
0,0,1.0,0.002660786983737759,0.004801549483090639
0,0,1.0,0.0071462230216735746,0.003866914426907897
0,0,1.0,0.007394510391424178,0.005426315125077963
0,0,1.0,0.039240397965495624,0.002003708854317665
0,0,1.0,0.002446945367330142,0.00518757151439786
0,0,1.0,0.00044546131757253036,0.006381484214216471
0,0,1.0,0.00029224327668313406,0.0018712736200541258
0,0,1.0,0.00021597355249896444,0.0038226526230573654
0,0,1.0,0.19967023839583672,0.008467821404337883
0,0,1.0,0.002977617670417203,0.0049633001908659935
0,0,1.0,0.48398915355183214,0.11704764515161514
0,0,1.0,0.0003052321381475807,0.004695055540651083
0,0,1.0,0.0025832669225769943,0.003087825607508421
0,0,1.0,0.0003596462632117731,0.0018543052719905972
1,0,1.0,0.9980289695724603,0.997669517993927
0,0,1.0,0.0010909486360021119,0.00467719417065382
1,0,1.0,0.9969580676393446,0.9972368478775024
0,0,1.0,0.002539556163783351,0.003075293730944395
0,0,1.0,0.004092866376696188,0.0022583059035241604
0,0,1.0,0.0006890292407702085,0.0054789939895272255
0,0,1.0,0.012626903724226708,0.0034628459252417088
0,0,1.0,0.008883125756095076,0.6355811953544617
0,0,1.0,0.17696823407916173,0.005129415076225996
0,0,1.0,0.0004606090782173112,0.005612423177808523
0,0,1.0,0.00179350952989419,0.004344421438872814
0,0,1.0,0.02641429547351342,0.09838438034057617
1,0,1.0,0.9997958796779709,0.9937543272972107
0,0,1.0,0.00535154311954641,0.025545205920934677
1,0,1.0,0.9994856432482985,0.9958639144897461
0,0,1.0,0.000360775375184238,0.004996017552912235
1,0,1.0,0.9997412046196569,0.9953932762145996
0,0,1.0,0.00027694515075881316,0.003962755668908358
0,0,1.0,0.0023030524649440046,0.0018144689965993166
0,0,1.0,0.0011311572737567346,0.017396559938788414
0,0,1.0,0.0009934717503761086,0.001927459379658103
0,0,1.0,0.0015609509070226078,0.003135138424113393
0,0,1.0,0.0006863331238494099,0.048249393701553345
0,0,1.0,0.012615368297388343,0.029699860140681267
1,0,1.0,0.9945917714729651,0.9974750876426697
0,0,1.0,0.00042266825118454903,0.006020039785653353
1,0,1.0,0.9858757102483998,0.9820384979248047
0,0,1.0,0.3140195877253029,0.5299564003944397
0,0,1.0,0.008913828699596648,0.006097741425037384
0,0,1.0,0.0037643316763001796,0.06315360218286514
0,0,1.0,0.00669439935394745,0.0050079599022865295
0,0,1.0,0.021988864216152846,0.07850777357816696
0,0,1.0,0.0018066944120453195,0.00642003770917654
0,0,1.0,0.14369028694384206,0.07694188505411148
0,0,1.0,0.00020037856122817122,0.0038648610934615135
0,0,1.0,0.0002092176771025048,0.0056492299772799015
0,0,1.0,0.0014687234950843979,0.005666312295943499
1,0,1.0,0.9996556892311853,0.9945375323295593
1,0,1.0,0.9650255898895344,0.1299305409193039
0,0,1.0,0.0055242991148806,0.005996761843562126
0,0,1.0,0.0026364599701969665,0.004004119895398617
0,0,1.0,0.003218544932211973,0.0031844007316976786
0,0,1.0,0.002043468650230469,0.002225687727332115
1,0,1.0,0.999643952614694,0.9954223036766052
0,0,1.0,0.0004013056700828206,0.0037884993944317102
0,0,1.0,0.002367427289307784,0.003753211349248886
0,0,1.0,0.0014238281280563585,0.0037868658546358347
0,0,1.0,0.00031671791789001833,0.008183198049664497
0,0,1.0,0.016789403397404295,0.0017968314932659268
1,0,1.0,0.9997230435027791,0.9942396879196167
0,0,1.0,0.013311443363704588,0.007423213217407465
0,0,1.0,0.00017142791726007127,0.002073773182928562
0,0,1.0,0.006489145874743998,0.5233314037322998
1,0,1.0,0.998001122179247,0.996286153793335
0,0,1.0,0.07557736583951298,0.001931842416524887
1,0,1.0,0.9998407582421642,0.9959601759910583
0,0,1.0,0.0032575109248734694,0.0017919682431966066
0,0,1.0,0.02667780630693632,0.034409284591674805
0,0,1.0,0.00064927521750453,0.003105305368080735
1,0,1.0,0.9996383251618518,0.9958648681640625
0,0,1.0,0.00031239600441073506,0.004142272286117077
1,0,1.0,0.5001359472694675,0.9885891675949097
1,0,1.0,0.9991941455305099,0.9961391091346741
0,0,1.0,0.012899784630994582,0.004033914301544428
0,0,1.0,0.00014639436666078474,0.005951805040240288
0,0,1.0,0.005129779617076385,0.1052277684211731
0,0,1.0,0.012422205585383596,0.0052685183472931385
1,0,1.0,0.9999484994018395,0.9959657192230225
0,0,1.0,0.017280999557421926,0.012717736884951591
0,0,1.0,0.000382950563593973,0.004773749504238367
0,0,1.0,8.03216104199524e-05,0.003819679608568549
1,0,1.0,0.9998570774418468,0.9975131750106812
1,0,1.0,0.9151004640326247,0.9905727505683899
0,0,1.0,0.08062252885970583,0.0479104183614254
0,0,1.0,0.0007194113186259164,0.003750575240701437
0,0,1.0,0.0009057771687844414,0.004671302158385515
0,0,1.0,0.0015462037201860795,0.0037677325308322906
0,0,1.0,0.0007933850487202274,0.005983239505439997
0,0,1.0,0.0029925659512960493,0.009177233092486858
0,0,1.0,0.0015540702148021596,0.008035748265683651
0,0,1.0,0.0006506476367505078,0.005045320373028517
0,0,1.0,0.0014372584876688787,0.00421906029805541
0,0,1.0,0.005295731513423205,0.03886779770255089
1,0,1.0,0.9315082802716493,0.9676327705383301
0,0,1.0,0.007226007907879184,0.0018109185621142387
1,0,1.0,0.9796906456424759,0.9836933016777039
0,0,1.0,0.06950915845508082,0.013392583467066288
1,0,1.0,0.9999200825716135,0.9976831674575806
1,0,1.0,0.985837386840159,0.3240761458873749
0,0,1.0,0.0011772555823996009,0.003023560158908367
0,0,1.0,0.0014512688743033486,0.004808376077562571
0,0,1.0,0.00013585596159267093,0.004633178003132343
0,0,1.0,0.01022485191281454,0.0019001656910404563
0,0,1.0,0.007907162181884543,0.0019751160871237516
0,0,1.0,0.05993168555339356,0.0019241523696109653
1,0,1.0,0.9923798248094313,0.992916464805603
1,0,1.0,0.9994547821245207,0.9963615536689758
0,0,1.0,0.004795070783330517,0.004089714493602514
0,0,1.0,0.003203376662540091,0.003446919610723853
1,0,1.0,0.9976479848818812,0.9915406107902527
1,0,1.0,0.9875279783161058,0.9970234036445618
1,0,1.0,0.8967096970580183,0.9968717694282532
0,0,1.0,0.0021664555538774433,0.004032546654343605
0,0,1.0,0.003032167916686311,0.0025525023229420185
0,0,1.0,0.0009160389395957938,0.006280452478677034
1,0,1.0,0.9996364500537613,0.9961767196655273
1,0,1.0,0.9962315577880788,0.9950549602508545
1,0,1.0,0.9993622488044867,0.9977586269378662
1,0,1.0,0.9988513505633917,0.9975128173828125
1,0,1.0,0.9955746078884877,0.9410673975944519
0,0,1.0,0.005120299503058719,0.01078756432980299
0,0,1.0,0.0040640964029175185,0.0038225254975259304
1,0,1.0,0.9998091024926755,0.9933546781539917
1,0,1.0,0.9940884753302689,0.9933998584747314
1,0,1.0,0.999585244770722,0.9953218102455139
0,0,1.0,0.00870295904887645,0.004082484636455774
0,0,1.0,0.002289361351645426,0.0017880441155284643
0,0,1.0,0.0004428054883790583,0.003986554220318794
0,0,1.0,0.014929323829620778,0.0032413338776677847
0,0,1.0,0.003350933170714428,0.004002866335213184
1,0,1.0,0.9977901223525696,0.997611403465271
1,0,1.0,0.999826400314503,0.9960534572601318
0,0,1.0,0.007830736050561353,0.006422461476176977
0,0,1.0,0.011706434985178664,0.014381999149918556
0,0,1.0,0.001453341862895116,0.004200970754027367
0,0,1.0,0.0007975609995239818,0.003941862843930721
0,0,1.0,0.0006310390433019418,0.0017948792083188891
0,0,1.0,0.005626312397279417,0.0030240085907280445
1,0,1.0,0.9889641728016872,0.9958712458610535
0,0,1.0,0.0014423467576937324,0.004509642720222473
0,0,1.0,0.003772063572287436,0.003151917364448309
1,0,1.0,0.9929836970816188,0.9861818552017212
1,0,1.0,0.9980809286203187,0.9972673654556274
0,0,1.0,0.001838559004487403,0.005031093489378691
1,0,1.0,0.8955039713914926,0.9956240057945251
0,0,1.0,0.0016805280852859458,0.005565801169723272
0,0,1.0,0.0023375397846314458,0.0062993247993290424
1,0,1.0,0.9971110583543148,0.9941678047180176
1,0,1.0,0.94272298947551,0.977220356464386
0,0,1.0,0.064556835447446,0.0019218471134081483
1,0,1.0,0.9999524210197477,0.9963825941085815
0,0,1.0,0.0004301628354302403,0.005608597304672003
1,0,1.0,0.9837686572812407,0.8859773278236389
0,0,1.0,0.00016221416237392492,0.0055572777055203915
0,0,1.0,0.02012431346584369,0.012596135959029198
1,0,1.0,0.9923295951784376,0.9909868836402893
0,0,1.0,0.002499557892165362,0.0031422278843820095
1,0,1.0,0.5075917112176507,0.7314754724502563
0,0,1.0,0.013785585571255546,0.008510191924870014
0,0,1.0,0.0036999682980417407,0.0037392908707261086
0,0,1.0,0.006429672952915816,0.00464513199403882
0,0,1.0,0.005612099335388502,0.0018980823224410415
0,0,1.0,0.010027949860834327,0.002127394312992692
1,0,1.0,0.9996871436915251,0.9961321353912354
1,0,1.0,0.9997202216600718,0.994009256362915
0,0,1.0,0.0036122612242667097,0.003748849034309387
1,0,1.0,0.9980479683480362,0.9263521432876587
0,0,1.0,0.022278602936378258,0.12233233451843262
0,0,1.0,0.0010089007335339724,0.0192143265157938
0,0,1.0,0.0004718583686254384,0.005575426388531923
0,0,1.0,0.0008466126411398009,0.0018715985352173448
0,0,1.0,0.00610409059527266,0.001971615944057703
0,0,1.0,0.00019867898407929232,0.005546480882912874
0,0,1.0,0.002017981292369605,0.0029904197435826063
0,0,1.0,0.0004960611470294655,0.0037620633374899626
0,0,1.0,0.0015624879875762423,0.0018081925809383392
0,0,1.0,0.0012074963724506352,0.0031409929506480694
0,0,1.0,0.01868004081418899,0.005779248662292957
0,0,1.0,0.00972085591462486,0.0020466335117816925
0,0,1.0,0.0009157038216337937,0.003082919865846634
1,0,1.0,0.9922350152954375,0.9836327433586121
0,0,1.0,0.000117929712525821,0.0030226660892367363
1,0,1.0,0.9927350402552387,0.9933903217315674
0,0,1.0,0.0015640087718748325,0.0018431110074743629
0,0,1.0,0.010554138750192272,0.007738569285720587
1,0,1.0,0.19224898278988323,0.6667754054069519
0,0,1.0,0.033413930937671935,0.8263640999794006
0,0,1.0,0.005047374570428589,0.012502344325184822
0,0,1.0,0.007184711001326743,0.0022979271598160267
1,0,1.0,0.978660778428844,0.9863808751106262
0,0,1.0,0.00025962801993564415,0.003884137375280261
0,0,1.0,0.010975631151306989,0.012214390560984612
0,0,1.0,0.00039349332785163453,0.00561652472242713
0,0,1.0,0.018620168622555725,0.0775519609451294
0,0,1.0,0.0001907770854864752,0.005844145081937313
0,0,1.0,0.008927778100124227,0.0037568288389593363
0,0,1.0,0.0022011377350593803,0.008529437705874443
1,0,1.0,0.6579625031852255,0.6122786402702332
0,0,1.0,0.0009543264617729532,0.001987654948607087
0,0,1.0,0.00045289804152044753,0.0040894621051847935
1,0,1.0,0.9868567930508412,0.9690978527069092
0,0,1.0,0.07136318431118331,0.004781308118253946
1,0,1.0,0.9996345437783803,0.9975413084030151
0,0,1.0,0.0032780838344834322,0.005560390651226044
0,0,1.0,0.00276552472301505,0.0018094220431521535
1,0,1.0,0.9965213263678283,0.9913527369499207
0,0,1.0,0.16020924061230282,0.011562218889594078
0,0,1.0,0.0012852239815415566,0.0025230750907212496
0,0,1.0,0.00881660114205952,0.003139625769108534
0,0,1.0,0.01024087522168064,0.0030017662793397903
0,0,1.0,0.0009933121580493805,0.004209246952086687
0,0,1.0,7.703244366880691e-05,0.004687540698796511
1,0,1.0,0.9958664857186593,0.9962993264198303
0,0,1.0,0.00021662144792087098,0.0038797229062765837
0,0,1.0,0.0007357343334579014,0.004561190027743578
0,0,1.0,0.003870695244002218,0.005788574460893869
1,0,1.0,0.9999782760041844,0.9975733160972595
1,0,1.0,0.9766233075578242,0.9848737716674805
0,0,1.0,0.0002150454765638834,0.005820751655846834
0,0,1.0,0.0012153376404385199,0.0018556321738287807
0,0,1.0,0.00015662544435962486,0.005483537446707487
1,0,1.0,0.9995637528244642,0.9937114715576172
0,0,1.0,0.00617796706224074,0.006825095508247614
0,0,1.0,0.007465291996596688,0.0038130879402160645
0,0,1.0,0.00012823016682034306,0.0032143995631486177
0,0,1.0,0.0008284074968111643,0.0018323541153222322
1,0,1.0,0.9530301654007745,0.9892471432685852
1,0,1.0,0.9999695544892873,0.9938470721244812
0,0,1.0,0.16552199280267665,0.8889830708503723
1,0,1.0,0.9056374825405367,0.9909148216247559
0,0,1.0,0.007341396367933469,0.008505924604833126
0,0,1.0,0.0003087333725467982,0.003431105287745595
1,0,1.0,0.9889663957145891,0.9959320425987244
1,0,1.0,0.9991959095858018,0.9919533133506775
0,0,1.0,0.00270886437025738,0.00404517725110054
0,0,1.0,0.0010817039893378467,0.0037558276671916246
0,0,1.0,0.015773788755613773,0.003799406811594963
0,0,1.0,0.001981111297204575,0.00587858259677887
0,0,1.0,0.00043021031129605625,0.0018741649109870195
0,0,1.0,0.27458228755965497,0.02444414794445038
0,0,1.0,0.006572814240810905,0.005228541325777769
0,0,1.0,0.00632496760688325,0.001810531597584486
0,0,1.0,0.006059108419603473,0.054478373378515244
1,0,1.0,0.8785881679157902,0.9892526268959045
0,0,1.0,0.0020991741477746975,0.012178599834442139
0,0,1.0,0.012676217896543916,0.0023168008774518967
0,0,1.0,0.00016867267106697944,0.0030813475605100393
0,0,1.0,0.02420856581061836,0.08049025386571884
0,0,1.0,0.0007377055718552327,0.0018319007940590382
0,0,1.0,0.0059382329752128,0.004902133718132973
0,0,1.0,0.0004633060666227574,0.003587183076888323
1,0,1.0,0.9993034356916357,0.9963142275810242
0,0,1.0,0.009416753336174552,0.0037819400895386934
0,0,1.0,0.0005733213524355902,0.003217958379536867
0,0,1.0,0.0014317284453816968,0.005412857048213482
0,0,1.0,0.002551632007661434,0.0020488998852670193
1,0,1.0,0.9974589928546135,0.995995283126831
0,0,1.0,0.00040630377694472557,0.005715085659176111
1,0,1.0,0.9971271333002902,0.9957267045974731
1,0,1.0,0.9999374595339742,0.9957376718521118
1,0,1.0,0.9997225509698447,0.9936703443527222
0,0,1.0,0.0019660735129009175,0.005131751764565706
0,0,1.0,0.4077398719647137,0.8782500624656677
1,0,1.0,0.9958911523359052,0.9958827495574951
0,0,1.0,0.014427788371876924,0.003061590949073434
0,0,1.0,0.005620845974164715,0.0021229307167232037
1,0,1.0,0.9859905736785286,0.9919642210006714
0,0,1.0,0.1929735245448168,0.004576726350933313
0,0,1.0,0.0006994128196560055,0.004658726043999195
0,0,1.0,0.0005622400359055202,0.002176289213821292
0,0,1.0,0.0021133830378607197,0.0017499360255897045
0,0,1.0,0.0019508936130023687,0.003750514704734087
1,0,1.0,0.9904404516186143,0.9944546818733215
0,0,1.0,0.001746020760521051,0.0069595929235219955
0,0,1.0,0.002851568305173285,0.003127126721665263
0,0,1.0,0.006001178672194335,0.006281949579715729
1,0,1.0,0.9991015597603589,0.997647225856781
1,0,1.0,0.9517939932692034,0.993285059928894
0,0,1.0,0.00044340960967975077,0.00745409308001399
0,0,1.0,0.0054151338502196784,0.004512525163590908
0,0,1.0,0.0023943665219704684,0.003854698734357953
0,0,1.0,0.007499471369741581,0.004800863564014435
0,0,1.0,0.000649806058426773,0.001774886273778975
0,0,1.0,0.015078277733015897,0.0034130902495235205
1,0,1.0,0.9984112929997963,0.9960259199142456
0,0,1.0,0.002636266481750081,0.04186362400650978
1,0,1.0,0.999336757672121,0.9962778687477112
0,0,1.0,0.0012128309238495735,0.0018689095741137862
0,0,1.0,0.0010430804890476267,0.0066753593273460865
0,0,1.0,0.0006871907395564299,0.0031370013020932674
0,0,1.0,0.0008286528083194615,0.0019347969209775329
0,0,1.0,0.003105944796676318,0.004657616373151541
0,0,1.0,0.015806774962063952,0.0032350681722164154
0,0,1.0,0.010642560024487782,0.007375297136604786
1,0,1.0,0.9931734776149213,0.9781796932220459
0,0,1.0,0.08433274330764211,0.010184437967836857
1,0,1.0,0.8411630595633138,0.8533098697662354
1,0,1.0,0.9988532089537014,0.9955228567123413
0,0,1.0,0.017311767473691526,0.020871929824352264
0,0,1.0,0.0036951297396272806,0.003177802311256528
0,0,1.0,0.0013980410349757094,0.005409895442426205
1,0,1.0,0.9985831886162791,0.9937866926193237
0,0,1.0,0.00455299825026101,0.035564303398132324
1,0,1.0,0.9996940568046891,0.9934102892875671
0,0,1.0,0.003929206603494399,0.0019040657207369804
0,0,1.0,0.010053667189858471,0.007387291174381971
1,0,1.0,0.9121080105885742,0.8938749432563782
1,0,1.0,0.9918126262425918,0.9914558529853821
1,0,1.0,0.9937297096823727,0.9562211632728577
1,0,1.0,0.9996618532877384,0.9931943416595459
0,0,1.0,0.001358923919640563,0.0038763133343309164
0,0,1.0,0.0002188930341704777,0.003338247537612915
1,0,1.0,0.9994208823922998,0.9952573180198669
0,0,1.0,0.00036446648764363123,0.0018997191218659282
0,0,1.0,0.0073325891513386305,0.0018095287960022688
0,0,1.0,0.003669487059043811,0.006033156532794237
0,0,1.0,0.003605540763856249,0.001967815915122628
0,0,1.0,0.005700968214411157,0.0032712160609662533
0,0,1.0,0.0011276710425503808,0.008497936651110649
1,0,1.0,0.8890245729702871,0.9929606318473816
1,0,1.0,0.9998421687856027,0.9976150989532471
0,0,1.0,0.00017678318437292664,0.004945204593241215
0,0,1.0,0.0008846843696115041,0.003212926909327507
0,0,1.0,0.005392528043913859,0.00523650087416172
0,0,1.0,0.10383167272198461,0.33983075618743896
0,0,1.0,0.0005533622457395353,0.006193016655743122
0,0,1.0,8.436533892747298e-05,0.0021006043534725904
1,0,1.0,0.9998666264268458,0.9959270358085632
1,0,1.0,0.9714781976743252,0.9602148532867432
0,0,1.0,0.0021555424102634095,0.002166033023968339
0,0,1.0,0.01675563289062086,0.004482890944927931
1,0,1.0,0.9939670635584678,0.9949665665626526
0,0,1.0,0.0033437586277433183,0.006188328377902508
0,0,1.0,0.0039216443340680494,0.0056450203992426395
0,0,1.0,0.0024734085052472233,0.007011533714830875
0,0,1.0,0.0013736167693489737,0.010789274238049984
1,0,1.0,0.9582255327542889,0.8852999806404114
1,0,1.0,0.9919788649669653,0.9917339086532593
0,0,1.0,0.0021040384895830615,0.014801953919231892
0,0,1.0,0.0022141096303565687,0.004089457914233208
1,0,1.0,0.9988202598146195,0.9962407350540161
0,0,1.0,0.002517850286734661,0.0038220356218516827
0,0,1.0,0.007498049757424047,0.027674386277794838
0,0,1.0,0.000349782615555392,0.003030425403267145
0,0,1.0,0.0021463987482126883,0.004789617843925953
0,0,1.0,0.005703199210957089,0.0067359390668570995
0,0,1.0,0.01839168658490305,0.09744955599308014
0,0,1.0,0.004731421538573673,0.005185731220990419
0,0,1.0,0.019673144842689307,0.03282980993390083
0,0,1.0,0.004096215770323247,0.005229855887591839
0,0,1.0,0.057820607913298794,0.1668483018875122
0,0,1.0,0.0045849978095908826,0.0030457463581115007
1,0,1.0,0.9925972517583325,0.9934077262878418
0,0,1.0,0.024779424656196362,0.0017945186700671911
0,0,1.0,0.021876630350018796,0.007811759598553181
0,0,1.0,0.0006446327321975882,0.004232051316648722
1,0,1.0,0.9860117580968669,0.9814441204071045
0,0,1.0,0.012574728513216513,0.0038236607797443867
1,0,1.0,0.9997929971732008,0.9960013031959534
0,0,1.0,0.00013094155454853852,0.0038637672550976276
0,0,1.0,0.0002869803335793388,0.0031183729879558086
0,0,1.0,0.0020595254278129678,0.001982436515390873
0,0,1.0,0.0019373424720284993,0.005453343503177166
0,0,1.0,0.0032076672347829908,0.004024698864668608
1,0,1.0,0.9969826560476804,0.9971538782119751
0,0,1.0,0.0005728783388496796,0.004570860881358385
1,0,1.0,0.9898998619103329,0.9919741749763489
0,0,1.0,0.0014845213057673053,0.008822785690426826
0,0,1.0,0.00546335625307362,0.008200802840292454
1,0,1.0,0.995162288475915,0.9956679344177246
0,0,1.0,0.002794798608564217,0.003786133835092187
1,0,1.0,0.9971615398530513,0.9546259045600891
1,0,1.0,0.9940935128739055,0.9812353849411011
0,0,1.0,0.0001698752806323908,0.003219709964469075
0,0,1.0,0.004376774506311459,0.005136311054229736
0,0,1.0,0.006570744524161074,0.03485739231109619
0,0,1.0,0.04044422159097857,0.0775672197341919
0,0,1.0,0.04267485940489831,0.02216869406402111
0,0,1.0,0.004181945141222057,0.0018773225601762533
0,0,1.0,0.01552035734342371,0.009246421977877617
0,0,1.0,0.003204192139654061,0.0046656783670187
0,0,1.0,0.0002907543381827347,0.0070809898898005486
0,0,1.0,0.00852022965834356,0.04413494095206261
0,0,1.0,0.0034625513789655234,0.00207339134067297
1,0,1.0,0.9996359370462297,0.9774987697601318
0,0,1.0,0.005894929499658915,0.004614705685526133
0,0,1.0,0.00020946630152784374,0.0030219494365155697
0,0,1.0,0.00048666732177410403,0.003482316853478551
1,0,1.0,0.9998663046996146,0.9964410662651062
0,0,1.0,0.000499148379700498,0.007212969474494457
1,0,1.0,0.9995368523146388,0.9959436058998108
0,0,1.0,0.00405487381354621,0.004481744021177292
0,0,1.0,0.0006212358702093315,0.007005556486546993
0,0,1.0,0.03492547894310646,0.004743988160043955
0,0,1.0,0.0001473820476768639,0.005783820990473032
0,0,1.0,0.002417972785705326,0.003315375419333577
0,0,1.0,0.014227663945392833,0.21234990656375885
0,0,1.0,0.004238358807810849,0.0030690215062350035
1,0,1.0,0.9435930282257446,0.9925285577774048
0,0,1.0,0.000596633641820748,0.005526871420443058
1,0,1.0,0.9971981101086054,0.9961458444595337
1,0,1.0,0.7661768688269437,0.9974775910377502
0,0,1.0,0.04911014136417105,0.009523744694888592
0,0,1.0,0.0005399425973209314,0.004657863639295101
1,0,1.0,0.9999481775122518,0.9976045489311218
0,0,1.0,0.00025399748403672834,0.002019626786932349
0,0,1.0,0.007537869096311899,0.006405441556125879
1,0,1.0,0.9999509516989692,0.993561863899231
0,0,1.0,0.0007500867418681238,0.006113285664469004
1,0,1.0,0.9968768636603108,0.9934169054031372
0,0,1.0,0.009675110769716236,0.004600577522069216
0,0,1.0,0.0016113459774518436,0.00386482453905046
0,0,1.0,0.003058402476168378,0.004769406747072935
1,0,1.0,0.42441087776547204,0.9100850820541382
0,0,1.0,0.005894740699655699,0.006431679241359234
0,0,1.0,0.021563101158823768,0.0018230859423056245
1,0,1.0,0.9257413204453555,0.9867204427719116
0,0,1.0,0.0009982510147336443,0.003884242381900549
0,0,1.0,0.009618319539449655,0.007526382803916931
0,0,1.0,0.00044780579207175135,0.0018312641186639667
0,0,1.0,0.004916574313785311,0.1971914917230606
0,0,1.0,0.00044128877610364616,0.0031143201049417257
0,0,1.0,0.00013856999386024715,0.004559230990707874
0,0,1.0,0.3896581776382022,0.022454870864748955
0,0,1.0,0.0020134659930270723,0.005443896632641554
1,0,1.0,0.999936057509356,0.996192455291748
0,0,1.0,0.0010663241049215114,0.0046235318295657635
1,0,1.0,0.7509631370358537,0.738673746585846
0,0,1.0,0.11264935798838002,0.004048044793307781
0,0,1.0,0.012212527830036325,0.005533653311431408
0,0,1.0,0.0104716718874843,0.01641223579645157
0,0,1.0,0.0006171481196710644,0.0018100101733580232
1,0,1.0,0.9873307428110792,0.9945940375328064
1,0,1.0,0.9997297151756614,0.9958990216255188
0,0,1.0,0.0037568649033628177,0.004056577570736408
0,0,1.0,0.001068027345134059,0.00299274199642241
0,0,1.0,0.013203743382910665,0.07900930941104889
0,0,1.0,0.001682436551681573,0.004291043151170015
0,0,1.0,0.0012016558727732164,0.005507385358214378
0,0,1.0,0.001492830608529667,0.004957274533808231
1,0,1.0,0.9813535929036755,0.9957354068756104
1,0,1.0,0.995920027873135,0.9846559762954712
0,0,1.0,0.0004809774540253334,0.004665503278374672
0,0,1.0,0.008947481252047421,0.006527299527078867
0,0,1.0,0.0003799767994220018,0.004631260875612497
0,0,1.0,0.0020666987968029106,0.0038242617156356573
1,0,1.0,0.9953543726542893,0.9957653284072876
0,0,1.0,0.0018581142951740012,0.0019696278031915426
1,0,1.0,0.9959765832423083,0.9883883595466614
1,0,1.0,0.9991163258532177,0.996258020401001
0,0,1.0,0.001502938863602317,0.0031969123519957066
0,0,1.0,0.0007635226920536161,0.003811693750321865
0,0,1.0,0.0006687790677573257,0.0018628573743626475
1,0,1.0,0.8585527264094671,0.9972928166389465
0,0,1.0,0.002801861110445426,0.005472294520586729
0,0,1.0,0.0008752192572567671,0.0018259917851537466
0,0,1.0,0.09467324876746971,0.0031255052890628576
0,0,1.0,0.00023264420517168143,0.002067851833999157
0,0,1.0,0.001671687088915883,0.00885673426091671
1,0,1.0,0.9338649665681411,0.9945545196533203
1,0,1.0,0.9881192022968605,0.9959420561790466
1,0,1.0,0.9990438524667827,0.9977397918701172
0,0,1.0,0.00044069882685200066,0.00195362139493227
0,0,1.0,0.008266120239975153,0.0017909127054736018
0,0,1.0,0.0019405225184681938,0.026597224175930023
0,0,1.0,0.00046133937532797216,0.003815418342128396
1,0,1.0,0.9996857706414889,0.9916195869445801
1,0,1.0,0.999402896645115,0.9958100318908691
0,0,1.0,0.0034070716758735414,0.007939890958368778
1,0,1.0,0.9976281535945736,0.995644211769104
1,0,1.0,0.9491635118696818,0.501687228679657
0,0,1.0,0.0012812481999723534,0.003043605713173747
0,0,1.0,0.0025653954492783973,0.0036491025239229202
0,0,1.0,0.009227524853230638,0.0029755516443401575
0,0,1.0,0.0007333101230838139,0.4497218728065491
0,0,1.0,0.004489909176682165,0.004291831515729427
1,0,1.0,0.9997484782369764,0.9976692795753479
0,0,1.0,0.0011705558663952398,0.005868558771908283
1,0,1.0,0.9993384840774415,0.9933203458786011
1,0,1.0,0.9713700922982432,0.9950180053710938
0,0,1.0,0.0050487577143326435,0.0019181817770004272
0,0,1.0,0.006527052781986002,0.0019477366004139185
1,0,1.0,0.99514660727716,0.9933624267578125
0,0,1.0,0.08550464107072714,0.02151883766055107
1,0,1.0,0.9994976044333501,0.994188666343689
0,0,1.0,0.004919704808725041,0.010431960225105286
0,0,1.0,0.006098827877504705,0.00628557289019227
1,0,1.0,0.9999778134830861,0.9976625442504883
1,0,1.0,0.9997491400026711,0.9964470267295837
0,0,1.0,0.0007975737367654605,0.003002017270773649
1,0,1.0,0.7065919291371349,0.9970609545707703
0,0,1.0,0.0079270836505713,0.007923572324216366
0,0,1.0,0.00017476434801903261,0.003824956016615033
1,0,1.0,0.9999034985140849,0.9964531660079956
1,0,1.0,0.9249052800043315,0.970745861530304
0,0,1.0,0.000916860003134201,0.004663840867578983
1,0,1.0,0.8382438700084055,0.8678008913993835
0,0,1.0,0.00011095412672398982,0.0021687019616365433
0,0,1.0,0.00022626626496559282,0.004570224788039923
1,0,1.0,0.9997652912811092,0.9973854422569275
1,0,1.0,0.998419620391478,0.9924337863922119
0,0,1.0,0.0019921424703116327,0.00551513209939003
0,0,1.0,0.0040334190988078585,0.0400153286755085
0,0,1.0,0.0008885701392890084,0.004598549101501703
1,0,1.0,0.8902085976950384,0.8187978863716125
0,0,1.0,0.00303503509408117,0.004549540113657713
0,0,1.0,0.0016364447162245837,0.003589832689613104
1,0,1.0,0.9990937379534217,0.9977974891662598
0,0,1.0,0.000875642427462946,0.004270100966095924
0,0,1.0,0.014757225195770319,0.6538555026054382
0,0,1.0,0.0005506240309486011,0.005450013559311628
1,0,1.0,0.999960085273326,0.996260404586792
1,0,1.0,0.9959563759985407,0.9961552023887634
0,0,1.0,0.0028161596113120417,0.004531728103756905
1,0,1.0,0.9669680075863536,0.7408982515335083
0,0,1.0,0.001661891201008803,0.00409883726388216
0,0,1.0,0.006183920632656587,0.0039915465749800205
0,0,1.0,0.04264390766494737,0.00518711656332016
0,0,1.0,6.472866254770517e-05,0.0042558759450912476
0,0,1.0,0.007138649041714476,0.005647759418934584
0,0,1.0,0.0015456305534566378,0.005507489666342735
0,0,1.0,0.0032748685784387242,0.0031895467545837164
0,0,1.0,0.00038754196637086666,0.005893869791179895
0,0,1.0,0.0013734577373092647,0.002982306992635131
0,0,1.0,0.06386407558826986,0.2939886450767517
1,0,1.0,0.9998579663691005,0.9959940910339355
1,0,1.0,0.9969396102055049,0.9962171912193298
0,0,1.0,0.0014046006901809588,0.006052009295672178
0,0,1.0,0.011717281334484202,0.0037878318689763546
0,0,1.0,0.01494866149735061,0.0037919869646430016
1,0,1.0,0.9959292952725267,0.9417547583580017
0,0,1.0,0.0004112506422304058,0.00613977387547493
0,0,1.0,0.0008430914399047843,0.0046798186376690865
1,0,1.0,0.9974956637813934,0.9863942265510559
1,0,1.0,0.9994460176743183,0.9907402992248535
0,0,1.0,0.00035325292769486664,0.005495119374245405
0,0,1.0,0.03508150480686498,0.0048059578984975815
0,0,1.0,0.0070401842566000196,0.0018436998361721635
0,0,1.0,0.003696815704674434,0.01052124984562397
0,0,1.0,0.0005777155961669653,0.003251883666962385
1,0,1.0,0.9943258085881391,0.9911589026451111
0,0,1.0,0.026675524520445897,0.04540921375155449
1,0,1.0,0.999781047666657,0.99637371301651
0,0,1.0,0.18641889384894236,0.42476168274879456
0,0,1.0,0.0072803547615806815,0.012269691564142704
0,0,1.0,0.000532748285278668,0.00750706298276782
0,0,1.0,0.00637065601029712,0.0018950143130496144
0,0,1.0,0.005831630255722599,0.005709490273147821
0,0,1.0,0.0006319271376469287,0.006306229159235954
1,0,1.0,0.9407224962485103,0.9537095427513123
1,0,1.0,0.999288303904628,0.9975419044494629
0,0,1.0,0.0008684399090684555,0.005989436060190201
0,0,1.0,0.003462438524671684,0.00867834035307169
0,0,1.0,0.00025209487780356195,0.0020723624620586634
1,0,1.0,0.9980457273064606,0.9939624667167664
0,0,1.0,0.028551315646270097,0.018967697396874428
1,0,1.0,0.9948091834903509,0.990796685218811
0,0,1.0,0.00243162990928603,0.0030132210813462734
0,0,1.0,0.0058993185257655446,0.0018686257535591722
1,0,1.0,0.5175264323439563,0.6940000057220459
1,0,1.0,0.9993934566486083,0.9962095022201538
1,0,1.0,0.9962779469668991,0.9939680099487305
0,0,1.0,0.025766256535221858,0.010174766182899475
0,0,1.0,0.0006644340980954674,0.004570161923766136
1,0,1.0,0.37541972774266935,0.020389443263411522
1,0,1.0,0.9970956362159484,0.9940577745437622
0,0,1.0,0.0008991848666860333,0.0048433588817715645
0,0,1.0,0.01273826960309485,0.007206344977021217
1,0,1.0,0.9939510821335871,0.9906442165374756
0,0,1.0,0.0006183506322957459,0.0018745699198916554
0,0,1.0,0.00015366090386529358,0.002084505744278431
1,0,1.0,0.9805227172957708,0.9814892411231995
0,0,1.0,0.04692397775762313,0.013789299875497818
0,0,1.0,0.0026493159510060705,0.010029726661741734
1,0,1.0,0.9998816136102113,0.9942227005958557
0,0,1.0,0.0006926163962488319,0.003085425356402993
0,0,1.0,0.002005304109970274,0.006313167978078127
0,0,1.0,0.0005525138917276969,0.0034955665469169617
0,0,1.0,0.3913487855710741,0.5600971579551697
0,0,1.0,0.00111872159757261,0.004126726649701595
0,0,1.0,0.05090813709316325,0.283801794052124
0,0,1.0,0.0011368333234694562,0.003849704982712865
0,0,1.0,0.0024611942201961845,0.0059164343401789665
0,0,1.0,0.06440024547408207,0.004411702509969473
0,0,1.0,0.5976435517551042,0.15660206973552704
0,0,1.0,0.00236004359262591,0.001882578362710774
0,0,1.0,0.000627914147582052,0.0018746636342257261
0,0,1.0,0.0018735764441407392,0.0030809580348432064
1,0,1.0,0.8032328396237088,0.8261798620223999
1,0,1.0,0.2871443178992332,0.1143651157617569
1,0,1.0,0.9709828371494523,0.8233190178871155
1,0,1.0,0.20994083970084337,0.7657697200775146
0,0,1.0,0.0003553516711707024,0.004903352819383144
0,0,1.0,0.0002488851390618101,0.002015897538512945
0,0,1.0,0.00043294464219759967,0.004682866856455803
0,0,1.0,0.036314218067593385,0.011446118354797363
1,0,1.0,0.9997757159474016,0.9961158037185669
0,0,1.0,0.00018805742508029813,0.003179060760885477
0,0,1.0,0.01776114490009914,0.0018990329699590802
0,0,1.0,0.060874171569409524,0.15826675295829773
0,0,1.0,0.0012596225130378255,0.00547252781689167
0,0,1.0,0.0033989008748464503,0.005583127494901419
0,0,1.0,0.000710780263256897,0.010632733814418316
0,0,1.0,0.02507273503864475,0.010081364773213863
0,0,1.0,0.0011153109742215038,0.004296353552490473
1,0,1.0,0.999460544884188,0.9902251362800598
1,0,1.0,0.9990842596232927,0.9961590766906738
0,0,1.0,0.0007949484883878737,0.004046057350933552
0,0,1.0,0.07593123119941556,0.7597887516021729
0,0,1.0,0.009812528799456028,0.006535176653414965
0,0,1.0,0.06330156851440127,0.00485601183027029
0,0,1.0,0.0022052504056876347,0.0047168247401714325
1,0,1.0,0.9999645798933334,0.9942634701728821
0,0,1.0,0.00045255316191235946,0.0017730355029925704
1,0,1.0,0.9998714875886247,0.9939050078392029
0,0,1.0,0.004952114011984611,0.0088062584400177
1,0,1.0,0.9219762318759508,0.951779305934906
1,0,1.0,0.9910737635309921,0.9969366788864136
0,0,1.0,0.003300209342518992,0.003068832913413644
0,0,1.0,0.007277689706108069,0.19784177839756012
1,0,1.0,0.9999699496526917,0.9963770508766174
0,0,1.0,0.0007284849497040208,0.0031691936310380697
0,0,1.0,0.032052078701090586,0.07785049080848694
1,0,1.0,0.5292739805530008,0.22797125577926636
0,0,1.0,0.014301906488304704,0.021194668486714363
0,0,1.0,0.00108750171280355,0.006878582760691643
0,0,1.0,0.0005029013728924552,0.0037033241242170334
0,0,1.0,0.006035045030724518,0.003464830806478858
0,0,1.0,0.001551082647314426,0.004646419547498226
0,0,1.0,0.00947906662041992,0.03510501608252525
0,0,1.0,0.0025259151864138302,0.004735184367746115
0,0,1.0,0.010818936034080332,0.005741630215197802
0,0,1.0,0.0028447750294292623,0.008343133144080639
0,0,1.0,0.004078332727278734,0.006505745463073254
1,0,1.0,0.9571353007070532,0.9919374585151672
0,0,1.0,0.00887046249140796,0.0376116968691349
1,0,1.0,0.9837997577075529,0.9955809712409973
0,0,1.0,0.002817557956758547,0.004973460454493761
0,0,1.0,0.004199277932698792,0.007952098734676838
1,0,1.0,0.8108947953582523,0.8121864199638367
0,0,1.0,0.13884322526259538,0.03138295188546181
0,0,1.0,0.00316156010376497,0.004589258227497339
0,0,1.0,0.001903526099635208,0.00395615492016077
0,0,1.0,0.0004409341376203636,0.005650823470205069
1,0,1.0,0.9988524672582436,0.9960826635360718
0,0,1.0,0.0050776517348892665,0.0030821298714727163
0,0,1.0,0.01122246264700783,0.040684644132852554
0,0,1.0,0.0012642251791884407,0.0030689334962517023
0,0,1.0,0.022855823946354405,0.008691365830600262
1,0,1.0,0.9723825674785744,0.979241669178009
1,0,1.0,0.18136000452903844,0.07818884402513504
0,0,1.0,0.06576928365832697,0.006478259805589914
1,0,1.0,0.9999690050074465,0.9974422454833984
1,0,1.0,0.9999149593031901,0.9958606362342834
1,0,1.0,0.9957341947214767,0.9947466254234314
1,0,1.0,0.9922588729628352,0.9666205644607544
1,0,1.0,0.7963703049518603,0.6835188865661621
0,0,1.0,0.0023369326098063546,0.001871630665846169
0,0,1.0,0.007447275975178749,0.01319766603410244
0,0,1.0,0.01793192273100535,0.011672858148813248
0,0,1.0,0.001541721214347337,0.002084741834551096
0,0,1.0,0.001894954204785802,0.0017891523893922567
0,0,1.0,0.0019971819133949575,0.004948349669575691
1,0,1.0,0.9677260424878268,0.7099173665046692
1,0,1.0,0.2230952217207305,0.3158658444881439
1,0,1.0,0.9927645222065429,0.9976232647895813
0,0,1.0,0.05129660119810509,0.004040955100208521
0,0,1.0,0.07943992005437608,0.03862685710191727
1,0,1.0,0.9990105160714954,0.9976438879966736
0,0,1.0,0.0022132985881811534,0.005069717299193144
0,0,1.0,0.001068188556356282,0.006777575705200434
0,0,1.0,0.0027214896289408665,0.003130292985588312
1,0,1.0,0.6885787984717497,0.8760378360748291
1,0,1.0,0.5168700245360557,0.29095152020454407
0,0,1.0,0.007579541874673835,0.004160182550549507
0,0,1.0,0.008798920867322348,0.004722253885120153
0,0,1.0,0.007822438378718361,0.0037750599440187216
0,0,1.0,0.013529376141254093,0.006533149164170027
0,0,1.0,0.00015116030222854588,0.0017969408072531223
0,0,1.0,0.0219473432900517,0.037935271859169006
0,0,1.0,0.0027989850384820183,0.011013331823050976
0,0,1.0,0.002188976797625878,0.004689939320087433
1,0,1.0,0.9988873526295206,0.9960978031158447
0,0,1.0,9.865741722564215e-05,0.005274184048175812
0,0,1.0,0.0015062757418615018,0.0022323988378047943
0,0,1.0,0.834521639103537,0.960040271282196
0,0,1.0,0.0015817812203424736,0.0018856864189729095
0,0,1.0,0.014552475059580227,0.012190284207463264
0,0,1.0,0.016599414696993855,0.005252055823802948
1,0,1.0,0.974958367766093,0.9861002564430237
0,0,1.0,0.0017135643334100286,0.0037878428120166063
0,0,1.0,0.0006003756221058596,0.005519700236618519
0,0,1.0,0.0030108093957759126,0.004418216645717621
0,0,1.0,0.0003768488288954738,0.0023854158353060484
0,0,1.0,0.015870077386227633,0.014196842908859253
1,0,1.0,0.8111574569175252,0.833962619304657
0,0,1.0,0.0013253197780762266,0.005850068759173155
0,0,1.0,0.0008853572455757167,0.00686330022290349
1,0,1.0,0.9975314408842794,0.995187520980835
1,0,1.0,0.9896189507661752,0.9935243129730225
1,0,1.0,0.9980436747904072,0.9938583970069885
1,0,1.0,0.9863965677217306,0.9889604449272156
0,0,1.0,0.011219273988140537,0.011782145127654076
0,0,1.0,0.08362719113181986,0.18517103791236877
0,0,1.0,0.011095784866194771,0.0024303763639181852
0,0,1.0,0.00022895137877797144,0.0038180795963853598
1,0,1.0,0.9872701556897242,0.9931575655937195
0,0,1.0,0.0008531772059352232,0.005523234605789185
0,0,1.0,0.009111545181878275,0.005693525075912476
1,0,1.0,0.9808632226088533,0.9815337061882019
0,0,1.0,0.002852773226660916,0.001906887860968709
0,0,1.0,0.0012590854255300809,0.0038281551096588373
1,0,1.0,0.9972859452394006,0.9876420497894287
0,0,1.0,0.0008596977110810083,0.004002334550023079
1,0,1.0,0.9989748863207161,0.996202290058136
0,0,1.0,0.002037282425097249,0.005596446804702282
1,0,1.0,0.9946759547169487,0.994810938835144
0,0,1.0,0.00039905632899465455,0.0056608072482049465
0,0,1.0,0.000672090177438607,0.003417532192543149
1,0,1.0,0.9997833943412916,0.9973248243331909
1,0,1.0,0.8666018167067506,0.9694059491157532
0,0,1.0,0.004796703224399606,0.005979210138320923
1,0,1.0,0.9943010644326962,0.9532470107078552
0,0,1.0,0.0034143575691673515,0.0018661743961274624
0,0,1.0,0.00037935908472283314,0.0039433385245501995
1,0,1.0,0.999454559636843,0.996239423751831
0,0,1.0,0.00011274454147976983,0.00390757666900754
1,0,1.0,0.9474159565748098,0.9545494318008423
0,0,1.0,0.002291875068872241,0.006849451921880245
0,0,1.0,0.00532196792989154,0.006802043411880732
0,0,1.0,0.004773600446266379,0.006502874195575714
0,0,1.0,0.0007328933514754378,0.0037225394044071436
1,0,1.0,0.9951817670752988,0.9950844645500183
0,0,1.0,0.0006298628996466863,0.005056099034845829
0,0,1.0,0.665592134244373,0.785921573638916
1,0,1.0,0.9998327421846203,0.9962426424026489
0,0,1.0,0.004601589740368916,0.0046479105949401855
0,0,1.0,0.0025952450750406754,0.004118964076042175
0,0,1.0,0.000844252842380256,0.0034278116654604673
0,0,1.0,0.0005183755769976423,0.005664287135004997
0,0,1.0,0.00012976336565674647,0.004982600919902325
1,0,1.0,0.9997659541261064,0.9957448840141296
1,0,1.0,0.9972770813513748,0.9885576963424683
0,0,1.0,0.010845169978759792,0.0045581902377307415
1,0,1.0,0.9982733946828094,0.9961586594581604
1,0,1.0,0.9832861136253503,0.9891682863235474
0,0,1.0,0.004831271285547291,0.003950304351747036
1,0,1.0,0.9909751148345795,0.9681112170219421
0,0,1.0,0.002409169225217132,0.004605607129633427
0,0,1.0,0.02772351558284814,0.005949218757450581
1,0,1.0,0.9952562741573994,0.9932785630226135
0,0,1.0,0.005972048143744,0.005544490180909634
0,0,1.0,0.0017367660996869057,0.00441765459254384
1,0,1.0,0.9992851096871738,0.9976080656051636
0,0,1.0,0.0017836913099196407,0.006050303112715483
1,0,1.0,0.9966867836424507,0.9957732558250427
1,0,1.0,0.8315303866898693,0.9934772253036499
1,0,1.0,0.9936851833727763,0.9926981329917908
0,0,1.0,0.00053326572373682,0.003913614898920059
0,0,1.0,0.0005547740345471688,0.003811443690210581
1,0,1.0,0.9990694541604501,0.9958515167236328
0,0,1.0,0.4695285817358661,0.005377156659960747
1,0,1.0,0.9968680386901694,0.9951487183570862
1,0,1.0,0.9995298913178581,0.9977509379386902
0,0,1.0,0.12993903796385012,0.008980083279311657
0,0,1.0,0.0007634132167462509,0.0038729137741029263
0,0,1.0,0.00018678026036635806,0.005562365986406803
1,0,1.0,0.9988457145011229,0.9961413741111755
1,0,1.0,0.998844979421654,0.9961460828781128
0,0,1.0,0.1044651326962825,0.020909767597913742
0,0,1.0,0.0018121130246331566,0.003790344810113311
0,0,1.0,0.015430808983016993,0.06424304097890854
0,0,1.0,0.0024334431355174757,0.012708424590528011
0,0,1.0,0.004223262897396152,0.005120907910168171
0,0,1.0,0.24648346097588753,0.6544915437698364
1,0,1.0,0.99974443341046,0.9961394667625427
0,0,1.0,0.003593262502260633,0.0019796027336269617
0,0,1.0,0.005603692464400946,0.0030052457004785538
0,0,1.0,9.519793242823269e-05,0.005649138242006302
0,0,1.0,0.010864717194041001,0.006402210332453251
0,0,1.0,0.014404196823699754,0.005334107205271721
0,0,1.0,0.00028952159066018075,0.004543145652860403
0,0,1.0,0.0016308263418921543,0.0018089993391186
0,0,1.0,0.0012926323217884125,0.003530674846842885
0,0,1.0,0.001091143061878471,0.01171606034040451
0,0,1.0,0.0016368755518492211,0.0056478665210306644
0,0,1.0,0.001969904429597856,0.004648442380130291
0,0,1.0,0.0007881645732995953,0.0018132679397240281
0,0,1.0,0.0002792511391880217,0.0038372287526726723
1,0,1.0,0.9834578987669761,0.9939712882041931
0,0,1.0,0.0002171690762175452,0.0046690767630934715
0,0,1.0,0.0019134036906570961,0.0068305665627121925
0,0,1.0,0.0007296756133629322,0.009267006069421768
1,0,1.0,0.9989064511566135,0.9959105253219604
0,0,1.0,0.09462880682695966,0.03421495109796524
0,0,1.0,0.013128396203165232,0.06562472879886627
0,0,1.0,0.01635871821026555,0.005968549754470587
1,0,1.0,0.9617722676916204,0.9866750836372375
0,0,1.0,0.0036461499214742524,0.004960548132658005
1,0,1.0,0.9989549128194223,0.9961280822753906
1,0,1.0,0.9999518469722345,0.9941571950912476
0,0,1.0,0.00014597956344101828,0.004694970790296793
1,0,1.0,0.9843147514144912,0.9972457885742188
1,0,1.0,0.9999159969193187,0.9941058158874512
0,0,1.0,0.003342763935738214,0.00482004601508379
1,0,1.0,0.9853946887156753,0.9893425703048706
0,0,1.0,0.001778450467037322,0.004521925467997789
0,0,1.0,0.0020317775111813384,0.002098688157275319
0,0,1.0,0.012929718746641478,0.0073458063416182995
0,0,1.0,0.00036876189001107954,0.0034350596833974123
0,0,1.0,0.031461262740899484,0.060936469584703445
1,0,1.0,0.5625703651907947,0.9822323322296143
0,0,1.0,0.16980590378132085,0.099545419216156
0,0,1.0,0.002239887808419537,0.012761338613927364
0,0,1.0,0.008108300119114514,0.0032870876602828503
0,0,1.0,0.004382052540502778,0.004647917114198208
0,0,1.0,0.3107206552065517,0.5005354285240173
0,0,1.0,0.0020079718978051114,0.001801244798116386
0,0,1.0,0.23887873543792296,0.0030951339285820723
0,0,1.0,0.23252206088496077,0.07688885182142258
0,0,1.0,0.0009716284880167595,0.0030671164859086275
0,0,1.0,0.003709300394658638,0.00951448269188404
0,0,1.0,0.00031573964431038564,0.004808531608432531
0,0,1.0,0.0002039576419228791,0.0018994223792105913
0,0,1.0,0.0026012559624359424,0.004849352408200502
0,0,1.0,0.00017829373315221658,0.004727375227957964
1,0,1.0,0.9993241424066484,0.9957589507102966
1,0,1.0,0.9997942808922788,0.9962782263755798
0,0,1.0,0.0005559461212822296,0.001944609684869647
0,0,1.0,0.07412346967151077,0.14955179393291473
0,0,1.0,0.005632855090218908,0.001934374333359301
0,0,1.0,0.0003596920534882357,0.003140870714560151
1,0,1.0,0.6179043122474999,0.3568139672279358
1,0,1.0,0.9991456459898157,0.9960480332374573
1,0,1.0,0.9976518861654174,0.9905831813812256
0,0,1.0,0.0003513202089410757,0.0017768261022865772
0,0,1.0,0.0013059487483222153,0.004498702008277178
0,0,1.0,0.0019155231206792293,0.0018382241250947118
1,0,1.0,0.9995766659955361,0.9939445853233337
0,0,1.0,0.0016235683185080233,0.0018629388650879264
0,0,1.0,0.011211733258191048,0.009066387079656124
0,0,1.0,0.008435276514016425,0.004700809717178345
1,0,1.0,0.9941479416056516,0.9919277429580688
0,0,1.0,0.0032391395306943685,0.003938883543014526
0,0,1.0,0.005182790536474379,0.004768664017319679
0,0,1.0,0.0008535380031401079,0.0018358948873355985
1,0,1.0,0.9996866357844953,0.9977606534957886
0,0,1.0,0.0004943895754283635,0.005434698425233364
0,0,1.0,0.00034353643888086836,0.003239849116653204
0,0,1.0,0.005058624515717568,0.004378944169729948
0,0,1.0,0.0102086183149663,0.01803314872086048
0,0,1.0,0.0018998684065252857,0.0020675105042755604
0,0,1.0,0.0005343990593098197,0.004155310336500406
1,0,1.0,0.968559440747838,0.6506879329681396
0,0,1.0,0.0021789475052276025,0.005287657491862774
1,0,1.0,0.788849468928462,0.5768077373504639
0,0,1.0,0.001145550168922545,0.0019058117177337408
0,0,1.0,0.016035188786452045,0.005907673854380846
0,0,1.0,0.01389098031919584,0.5241135954856873
0,0,1.0,5.503721090723138e-05,0.0030612971168011427
0,0,1.0,0.00021462825086236524,0.003031205153092742
0,0,1.0,0.0024054385574947025,0.0032146195881068707
1,0,1.0,0.9810040182104586,0.9909313917160034
0,0,1.0,0.006140494227776198,0.004010746721178293
1,0,1.0,0.9997186845516718,0.9957060217857361
1,0,1.0,0.9979877615533034,0.9938249588012695
0,0,1.0,0.008919671829366397,0.004462787415832281
0,0,1.0,0.12909514847084197,0.01260159257799387
0,0,1.0,0.016855000358861776,0.001892496831715107
0,0,1.0,0.2552879235300857,0.29783394932746887
1,0,1.0,0.9995656772439339,0.9938701391220093
0,0,1.0,0.0002768619024264528,0.0052473642863333225
0,0,1.0,0.005197415475610791,0.004016995429992676
0,0,1.0,0.003929475843950298,0.005670612677931786
0,0,1.0,0.013471906687098306,0.003946525510400534
0,0,1.0,0.0004748815299542892,0.001891725929453969
0,0,1.0,0.003133514430772963,0.002032523276284337
0,0,1.0,0.00030088286370805065,0.0045107025653123856
0,0,1.0,0.00047583974234718024,0.003229305613785982
0,0,1.0,0.01152466208058089,0.0055200508795678616
0,0,1.0,0.0009621839960840536,0.0018327865982428193
1,0,1.0,0.9897566598751918,0.9527871012687683
0,0,1.0,0.0007141550471633521,0.001903884462080896
0,0,1.0,0.007239961873188635,0.005767575465142727
1,0,1.0,0.20262684967873718,0.0018971223616972566
0,0,1.0,0.00044052600952919,0.003082467010244727
0,0,1.0,0.00028896359521948003,0.0031281583942472935
0,0,1.0,0.000966449068825145,0.004789397120475769
1,0,1.0,0.9972495736355813,0.9976528286933899
0,0,1.0,0.0013134962807045702,0.004595119971781969
0,0,1.0,0.00025341924978358206,0.003880465403199196
0,0,1.0,0.08249295735849616,0.08815933018922806
0,0,1.0,0.005818458096350068,0.02693481557071209
0,0,1.0,0.001498340347528883,0.003924631047993898
0,0,1.0,0.12247958414925851,0.059532530605793
0,0,1.0,0.002032436105378025,0.01083476934581995
0,0,1.0,0.0027121326930785003,0.005610193125903606
0,0,1.0,0.009904752981187644,0.015572859905660152
0,0,1.0,0.0001356244966563748,0.003909839782863855
0,0,1.0,0.001763409385335359,0.0018601977499201894
1,0,1.0,0.9999221472137511,0.9949601888656616
0,0,1.0,0.0016329671268100606,0.0019645062275230885
0,0,1.0,0.00502186552740258,0.003888772102072835
1,0,1.0,0.025142309123148524,0.061282116919755936
0,0,1.0,0.0007342954160150396,0.005913321860134602
0,0,1.0,0.004109015086227734,0.001959155546501279
1,0,1.0,0.9939873579943834,0.9961565136909485
1,0,1.0,0.974497237969945,0.9875594973564148
1,0,1.0,0.7847511503953009,0.9726276397705078
1,0,1.0,0.9933054920961515,0.9972803592681885
0,0,1.0,0.00993210097595326,0.0031760777346789837
0,0,1.0,0.0005185578648648296,0.004664181731641293
1,0,1.0,0.9909479275465786,0.980344295501709
1,0,1.0,0.9018714249642101,0.7636012434959412
0,0,1.0,0.0009112144037935498,0.0031237630173563957
1,0,1.0,0.8942173438977098,0.7126277685165405
0,0,1.0,0.0019283237279208805,0.0021703930106014013
1,0,1.0,0.9995820724313832,0.997639536857605
0,0,1.0,0.00033823546746959677,0.0031241222750395536
1,0,1.0,0.9997201525035727,0.9960493445396423
0,0,1.0,0.0039525820454279405,0.0019485839875414968
0,0,1.0,0.0001302687111717334,0.0032008748967200518
0,0,1.0,0.0009067839504904798,0.0031294820364564657
0,0,1.0,0.008866734418800969,0.005955945234745741
0,0,1.0,0.0022694201952864986,0.004720494616776705
1,0,1.0,0.9996565974031151,0.995840311050415
1,0,1.0,0.9985073623905861,0.9964324235916138
0,0,1.0,0.015285385325612485,0.0021831057965755463
1,0,1.0,0.9992829232507923,0.9942814111709595
1,0,1.0,0.9993832897241414,0.9885962605476379
0,0,1.0,0.07525636800195383,0.16744613647460938
0,0,1.0,0.005796013832343193,0.011039684526622295
0,0,1.0,0.004937126620043005,0.005916520953178406
1,0,1.0,0.9956881853833238,0.9923242330551147
0,0,1.0,0.00450931362546366,0.005532380193471909
0,0,1.0,0.008465186072809567,0.002251393161714077
0,0,1.0,0.006586437917401821,0.007327383384108543
0,0,1.0,0.015379263424922358,0.009765682741999626
0,0,1.0,0.002202601901522036,0.0018796703079715371
0,0,1.0,0.01051643756863682,0.15578457713127136
0,0,1.0,0.0017452712253946399,0.002116869669407606
0,0,1.0,0.09153397536168936,0.33475497364997864
1,0,1.0,0.9693817742391079,0.9437929391860962
0,0,1.0,0.04237735890566502,0.015350040048360825
1,0,1.0,0.5903508611950123,0.3952634632587433
1,0,1.0,0.9972984276975726,0.9961485862731934
1,0,1.0,0.9967988941058256,0.996191143989563
1,0,1.0,0.9990265170425215,0.8122454881668091
1,0,1.0,0.9996399145947,0.9965112805366516
0,0,1.0,0.0006953437514004014,0.0029835563618689775
0,0,1.0,0.0008379532173221086,0.003924258518964052
0,0,1.0,0.0017817450766204452,0.0064234659075737
0,0,1.0,0.0024752775472863904,0.003965834155678749
0,0,1.0,0.21107659139376256,0.02786223031580448
1,0,1.0,0.9749803630363532,0.990242063999176
1,0,1.0,0.998005889434735,0.9900274872779846
0,0,1.0,0.2121748295684469,0.7145845890045166
0,0,1.0,0.00040060068407942915,0.0037792082875967026
1,0,1.0,0.9993105178991756,0.9976435303688049
0,0,1.0,0.00020031638535390127,0.004663603845983744
0,0,1.0,0.008850271626692456,0.004580195061862469
1,0,1.0,0.8991401140519069,0.8892002105712891
1,0,1.0,0.9507068229114648,0.9567418098449707
0,0,1.0,0.02785978842042563,0.001888161525130272
0,0,1.0,0.0014268606911778442,0.003252894850447774
1,0,1.0,0.9994132860295384,0.9942315816879272
0,0,1.0,0.010899632156867779,0.013449212536215782
0,0,1.0,0.00017573156181686654,0.003026889404281974
0,0,1.0,0.005690058091607605,0.0020415247417986393
0,0,1.0,0.0011191528317497988,0.0061001549474895
0,0,1.0,0.004707647924874737,0.005525256972759962
0,0,1.0,0.014988038490465932,0.017821140587329865
0,0,1.0,0.0026298450059246063,0.0018825443694368005
0,0,1.0,0.001477849379493072,0.003353486768901348
1,0,1.0,0.27945152277073815,0.12143928557634354
0,0,1.0,0.055732740155962385,0.14075198769569397
1,0,1.0,0.9837711880084059,0.9973940849304199
0,0,1.0,0.0005557018887835024,0.004645782057195902
0,0,1.0,0.0030759993973028493,0.004737800918519497
1,0,1.0,0.9911606162137693,0.9974708557128906
0,0,1.0,0.003830624355025094,0.0018980957102030516
1,0,1.0,0.9993633610215741,0.9961227774620056
0,0,1.0,0.0007897492032515526,0.003243744373321533
0,0,1.0,0.04383167595988104,0.02146436646580696
1,0,1.0,0.998681829203347,0.9827352166175842
0,0,1.0,0.0004696365791163683,0.0043197134509682655
1,0,1.0,0.9998021624287035,0.9977184534072876
0,0,1.0,0.006845677151743185,0.0037328642792999744
1,0,1.0,0.9997375672071304,0.9962226152420044
0,0,1.0,0.013520066417150922,0.001937330700457096
0,0,1.0,0.001466793540546885,0.003177572274580598
0,0,1.0,0.0006644887962597671,0.0030883806757628918
0,0,1.0,0.002852551445301189,0.0063987658359110355
0,0,1.0,0.00015534853837387766,0.004627775866538286
0,0,1.0,0.0012581015674434238,0.0065513732843101025
1,0,1.0,0.95250861426689,0.9271776080131531
1,0,1.0,0.9944490197582486,0.9949679970741272
0,0,1.0,0.0040527086788039995,0.0035300154704600573
0,0,1.0,0.0007438369042327945,0.004669925197958946
0,0,1.0,0.00018028245285585533,0.004012272693216801
0,0,1.0,0.00020694538013645532,0.005165980663150549
0,0,1.0,0.0012481420128633092,0.0023775435984134674
0,0,1.0,0.18271843762214945,0.009368520230054855
0,0,1.0,0.004718322440583979,0.006334081757813692
0,0,1.0,0.04109253073133736,0.08874142169952393
0,0,1.0,0.0031737018392678736,0.00383792188949883
0,0,1.0,0.0023170902916996557,0.001871976419351995
0,0,1.0,0.002842739804020907,0.0046296496875584126
0,0,1.0,9.331872780869576e-05,0.003940326161682606
1,0,1.0,0.3891377159705151,0.5207363963127136
0,0,1.0,0.0019638082018983934,0.0020539136603474617
1,0,1.0,0.9997696799975627,0.9942171573638916
0,0,1.0,0.00344646554001882,0.005846470594406128
0,0,1.0,0.00046465825727929017,0.005025892984122038
0,0,1.0,0.002563141310075931,0.007052660454064608
0,0,1.0,0.0005400954124054621,0.005901524797081947
0,0,1.0,0.00035257586789991013,0.005756784696131945
0,0,1.0,0.004600367650033328,0.007281844969838858
0,0,1.0,0.01644981160990908,0.006071404088288546
0,0,1.0,0.0018397625877827266,0.012788081541657448
0,0,1.0,0.0004012627724264111,0.005606348160654306
0,0,1.0,0.01962185543036585,0.09909284114837646
0,0,1.0,0.0003962568110291051,0.0018202844075858593
0,0,1.0,0.007282476166483209,0.010202773846685886
0,0,1.0,0.0009493212243651971,0.004595551174134016
1,0,1.0,0.6390184653868619,0.873405933380127
0,0,1.0,0.0005313818019336151,0.005457576364278793
1,0,1.0,0.22430240737865592,0.0800153985619545
0,0,1.0,0.6640517236918256,0.9966300129890442
1,0,1.0,0.9956317047834385,0.995694637298584
0,0,1.0,0.0003351143659409626,0.0031943530775606632
0,0,1.0,0.0005712781818410178,0.005855723284184933
1,0,1.0,0.9939257106818435,0.9360960125923157
1,0,1.0,0.9979514253976913,0.9892616271972656
0,0,1.0,0.011374934293164706,0.0038469363935291767
1,0,1.0,0.978777905955452,0.9913289546966553
0,0,1.0,0.02498371305801433,0.00184353394433856
0,0,1.0,0.01631889678065017,0.0019790243823081255
0,0,1.0,0.011736551841547944,0.034703318029642105
0,0,1.0,0.00027863633266418116,0.0030154797714203596
0,0,1.0,0.0043612864099763695,0.011218544095754623
1,0,1.0,0.9994321198632493,0.9960187077522278
1,0,1.0,0.9976875788042666,0.9937544465065002
1,0,1.0,0.9990798585247866,0.9935327768325806
0,0,1.0,0.016173148202942238,0.003157219151034951
1,0,1.0,0.9982906699068899,0.9961758852005005
0,0,1.0,0.0017104442275651171,0.0018516345880925655
0,0,1.0,0.0028939291245631336,0.0031055756844580173
0,0,1.0,0.016103679455710933,0.005991153419017792
1,0,1.0,0.9995885678699696,0.9953712821006775
1,0,1.0,0.9894896531462274,0.9941397905349731
1,0,1.0,0.9992746164260968,0.9908986687660217
1,0,1.0,0.999761793899862,0.9960209727287292
0,0,1.0,0.0018314386471669885,0.004525330848991871
0,0,1.0,0.015664110634872108,0.00596092501655221
1,0,1.0,0.9999629389156116,0.9941330552101135
0,0,1.0,0.006196952454356198,0.0030814881902188063
0,0,1.0,0.0006318355439997276,0.005603828467428684
0,0,1.0,0.08605335999137831,0.0190663430839777
0,0,1.0,0.001214850477856971,0.0032694609835743904
0,0,1.0,0.07276499669745758,0.0023844537790864706
0,0,1.0,0.03509169403628904,0.0022921336349099874
0,0,1.0,0.00010009927967191772,0.001914563705213368
1,0,1.0,0.9995023831802005,0.9960135221481323
0,0,1.0,0.0017305552537647336,0.006126731634140015
0,0,1.0,0.0071110258783787465,0.0017775334417819977
1,0,1.0,0.9998847665979127,0.9958143830299377
1,0,1.0,0.9832800591812914,0.9229901432991028
0,0,1.0,0.00048579938937034437,0.008589029312133789
0,0,1.0,0.02376128337837045,0.007257560733705759
0,0,1.0,0.0032905607591781007,0.006331528536975384
0,0,1.0,0.0014459372141590624,0.0045387656427919865
1,0,1.0,0.9974958225639717,0.9958019852638245
0,0,1.0,0.000683059662191372,0.0030353637412190437
0,0,1.0,0.0008417532624279971,0.005646958947181702
0,0,1.0,0.0784311521766944,0.018938694149255753
0,0,1.0,0.0008131183029649301,0.01424007210880518
0,0,1.0,0.0006481973904573404,0.0017750688130035996
1,0,1.0,0.9998815618804828,0.9959652423858643
1,0,1.0,0.9999521354708829,0.9942828416824341
0,0,1.0,0.0004795769572531263,0.023470940068364143
0,0,1.0,0.46548532311166135,0.22374556958675385
0,0,1.0,0.0014234325806433575,0.0039004466962069273
0,0,1.0,0.009670283276495086,0.004491955041885376
1,0,1.0,0.9603567360303049,0.9960601925849915
0,0,1.0,0.00026304269153802585,0.0045807077549397945
0,0,1.0,0.0020085720960922515,0.0030533543322235346
0,0,1.0,0.013677079537129362,0.0029511686880141497
0,0,1.0,0.04783079203861355,0.017368542030453682
1,0,1.0,0.9975308635390345,0.9943085312843323
0,0,1.0,0.027634528950203553,0.005423538852483034
1,0,1.0,0.9595511162107778,0.9843581914901733
1,0,1.0,0.6802893573941794,0.9159379601478577
0,0,1.0,0.0015971837441809294,0.007188745774328709
1,0,1.0,0.5359011778005646,0.15294291079044342
0,0,1.0,0.012470908445473826,0.00568632734939456
0,0,1.0,0.001967337129920165,0.0037123302463442087
0,0,1.0,0.00023517627110005123,0.002985586877912283
0,0,1.0,0.0031837398044912775,0.0017820699140429497
0,0,1.0,0.0005108369935748902,0.010189457796514034
0,0,1.0,0.001230335895161092,0.001881159725598991
1,0,1.0,0.9999117823048335,0.9958977103233337
1,0,1.0,0.9745555307373158,0.9949775338172913
0,0,1.0,0.0001582456726449344,0.003869681153446436
0,0,1.0,0.005876239637254848,0.0019020576728507876
0,0,1.0,0.0021574639976382213,0.0037927941884845495
0,0,1.0,0.00040442269196852776,0.005645470228046179
0,0,1.0,0.03890116025430407,0.43988102674484253
0,0,1.0,0.0006039522248919066,0.004601567517966032
1,0,1.0,0.9934656816722017,0.981756329536438
0,0,1.0,0.00709675224055613,0.0019561138469725847
0,0,1.0,0.0006018733825699795,0.003968225326389074
0,0,1.0,0.0076507073435444755,0.0031094695441424847
0,0,1.0,0.0004824603917673657,0.004066420719027519
0,0,1.0,0.003834899715285346,0.0793435201048851
1,0,1.0,0.992064338920823,0.9948781728744507
1,0,1.0,0.9998735855583749,0.9964479207992554
1,0,1.0,0.9988592758919402,0.99382483959198
1,0,1.0,0.8315334942019882,0.9614827036857605
0,0,1.0,0.000559184632330554,0.003892819629982114
0,0,1.0,0.00027378584011602186,0.0031365081667900085
0,0,1.0,0.0035847692290982376,0.003100066678598523
1,0,1.0,0.9926064370755714,0.9970400929450989
0,0,1.0,0.001150105150983653,0.0030808672308921814
1,0,1.0,0.9982085003275996,0.9975267052650452
0,0,1.0,0.002019721975964339,0.0026778129395097494
0,0,1.0,0.014750984957399314,0.038306329399347305
0,0,1.0,0.0010755815245875658,0.0019917699974030256
0,0,1.0,0.0003690495114804006,0.0033594698179513216
0,0,1.0,2.9364133216436338e-05,0.004936933517456055
1,0,1.0,0.21987439844579854,0.5322362184524536
0,0,1.0,0.0010931007406826312,0.006657055113464594
1,0,1.0,0.9997308516573468,0.9960708618164062
0,0,1.0,0.016272489632555672,0.0051679955795407295
0,0,1.0,0.009735422150726107,0.01195306982845068
0,0,1.0,0.0019520172468065326,0.007902590557932854
1,0,1.0,0.8518178245328476,0.8179159164428711
1,0,1.0,0.999275666289567,0.9974473714828491
0,0,1.0,0.000429324427856196,0.005980554036796093
1,0,1.0,0.8522229372904015,0.9864547252655029
0,0,1.0,0.07213254738920678,0.0018869171617552638
0,0,1.0,0.039756419520466615,0.03126989305019379
0,0,1.0,0.04922675306795246,0.011781040579080582
1,0,1.0,0.9999135816747539,0.9977066516876221
1,0,1.0,0.9981999339919974,0.9963533878326416
0,0,1.0,0.052423719286798384,0.11362169682979584
0,0,1.0,0.003620018811083957,0.0017763037467375398
0,0,1.0,0.0022697736951488366,0.004813353065401316
1,0,1.0,0.998376980132561,0.9975146055221558
0,0,1.0,0.0006020789244133297,0.003846379229798913
0,0,1.0,0.02054180241100603,0.0070326062850654125
1,0,1.0,0.4672834325882587,0.006367813795804977
1,0,1.0,0.9985507755226433,0.9955701231956482
0,0,1.0,0.0009819058783029717,0.005526638124138117
0,0,1.0,0.0008631604510958479,0.004619129933416843
0,0,1.0,0.0007359356753618234,0.0038922152016311884
1,0,1.0,0.8013049155806593,0.5501033663749695
1,0,1.0,0.9980305245675253,0.9958831071853638
0,0,1.0,0.01766569517664892,0.004767917096614838
0,0,1.0,0.001700190411767909,0.0019361157901585102
0,0,1.0,0.007839317563347608,0.005016518756747246
1,0,1.0,0.9997561155526216,0.9942995309829712
0,0,1.0,0.001731830614500433,0.004732165019959211
0,0,1.0,0.00035719128251607984,0.00605127215385437
0,0,1.0,0.0031324031554433576,0.005514990538358688
0,0,1.0,0.013190064798198113,0.005472203250974417
0,0,1.0,0.015798323589929733,0.13746407628059387
0,0,1.0,0.0008213972712801332,0.0038582906126976013
0,0,1.0,0.0086700926003442,0.007894519716501236
1,0,1.0,0.9902263707176714,0.932738184928894
0,0,1.0,0.0038120779789733023,0.0017892494797706604
0,0,1.0,0.001759348377171823,0.0031166705302894115
0,0,1.0,0.0006716088856656494,0.0018613985739648342
0,0,1.0,0.005715100247385816,0.006226796656847
0,0,1.0,0.0007410825884962569,0.0054886555299162865
1,0,1.0,0.9724894930097223,0.9165135025978088
0,0,1.0,0.0006435884435428839,0.001991216791793704
1,0,1.0,0.9805825461593733,0.9897850155830383
0,0,1.0,0.00027841682105384495,0.0021400924306362867
1,0,1.0,0.9994425971828675,0.9976565837860107
0,0,1.0,0.000235936153410649,0.004032811149954796
0,0,1.0,0.00027017909491599824,0.005093377083539963
0,0,1.0,0.001520734013857222,0.008138861507177353
0,0,1.0,0.0008516633435428745,0.0032978442031890154
0,0,1.0,0.00018488597114779367,0.001917072106152773
0,0,1.0,0.05236747658496763,0.0059594358317554
0,0,1.0,0.00010710925753182577,0.0020263695623725653
1,0,1.0,0.9967566173485282,0.9949389696121216
0,0,1.0,0.0018361291179577507,0.0038513438776135445
1,0,1.0,0.9412880848781909,0.997687578201294
1,0,1.0,0.9999179914666125,0.9942096471786499
0,0,1.0,0.006137062794069029,0.0031079179607331753
1,0,1.0,0.9981407435225433,0.9811277389526367
0,0,1.0,0.0027367580337789694,0.0019054434960708022
0,0,1.0,0.0012136114195934768,0.0031575842294842005
0,0,1.0,0.005878682895022181,0.0019052921561524272
0,0,1.0,0.0006905930961993249,0.001771297655068338
0,0,1.0,0.010966822497468522,0.1483343094587326
0,0,1.0,0.0006796455980891532,0.0054900161921978
0,0,1.0,0.0011394230447031935,0.006039378698915243
1,0,1.0,0.9962077267172937,0.9962653517723083
0,0,1.0,0.0373593700771699,0.048674020916223526
0,0,1.0,0.0009921059596033086,0.003493950702250004
0,0,1.0,0.0002216273643374054,0.004584314301609993
0,0,1.0,0.0018120152902882346,0.003093385137617588
0,0,1.0,0.0010614034865199938,0.004442896228283644
0,0,1.0,0.00048032103995799316,0.00209162593819201
0,0,1.0,0.016255074189062458,0.020507674664258957
1,0,1.0,0.9948884650256282,0.997031569480896
0,0,1.0,0.0001742530050227443,0.007900474593043327
1,0,1.0,0.9997181552783603,0.9976298809051514
0,0,1.0,0.04683852409307888,0.01175715308636427
1,0,1.0,0.9997372282680062,0.9959288239479065
0,0,1.0,0.007630586329899024,0.0072925942949950695
0,0,1.0,0.0002980513982127867,0.005716394633054733
0,0,1.0,0.0004842556618562084,0.005663798190653324
0,0,1.0,0.0017626196990002906,0.004124499391764402
1,0,1.0,0.7424036041106218,0.28852930665016174
0,0,1.0,0.0038638250073584333,0.0018018983537331223
0,0,1.0,0.003954222736478035,0.004066300578415394
0,0,1.0,0.0026998518536332622,0.0039069028571248055
0,0,1.0,0.0037776630920174923,0.003006984945386648
1,0,1.0,0.9998261006563707,0.9939509630203247
1,0,1.0,0.9715033371234664,0.9960832595825195
0,0,1.0,0.0008928181790084192,0.003876099595800042
0,0,1.0,0.009473307636047229,0.002637861529365182
0,0,1.0,0.006934302814737765,0.06033146753907204
0,0,1.0,0.09719838609788559,0.022975075989961624
0,0,1.0,0.0002328681726638379,0.0018585462821647525
0,0,1.0,0.14225705780749875,0.004534749314188957
0,0,1.0,0.0021163827503417323,0.005052583757787943
0,0,1.0,0.0021955144305767192,0.0030441293492913246
0,0,1.0,0.0027487989104354126,0.005760205443948507
1,0,1.0,0.9998865991144502,0.996098518371582
0,0,1.0,0.01610621711796177,0.02409817837178707
0,0,1.0,0.001896026940534425,0.005299466196447611
0,0,1.0,0.0023646972744321357,0.0037345311138778925
0,0,1.0,0.004832645500271072,0.00549267278984189
0,0,1.0,0.0017274642381823271,0.007732255384325981
0,0,1.0,0.0024799719621596055,0.005545339547097683
0,0,1.0,0.004962357220282449,0.0018282526871189475
1,0,1.0,0.9929558003154861,0.9230099320411682
0,0,1.0,0.16743633283934103,0.03858482092618942
0,0,1.0,0.0009433106288622105,0.005601740442216396
1,0,1.0,0.995026755159301,0.9954853653907776
0,0,1.0,0.0059870089021564045,0.05022960156202316
1,0,1.0,0.9998855546120786,0.9962968230247498
0,0,1.0,0.0060027999439330754,0.01172900851815939
0,0,1.0,0.00045854484052152686,0.001923473202623427
0,0,1.0,0.0004206661067059341,0.0019059698097407818
0,0,1.0,0.00043103970707595175,0.0018448628252372146
0,0,1.0,0.004735959887702916,0.007237774319946766
0,0,1.0,0.0006468852041907297,0.003037036629393697
0,0,1.0,0.0015864476729414644,0.0018137091537937522
1,0,1.0,0.5471680639227852,0.8830918669700623
0,0,1.0,0.006007452970131692,0.0035740563180297613
1,0,1.0,0.9998305076558763,0.994026780128479
0,0,1.0,0.008399040607966831,0.005742852110415697
0,0,1.0,0.0006074984821099016,0.00471654674038291
0,0,1.0,0.001731910278076698,0.0018968062940984964
0,0,1.0,0.0024683551861243063,0.0019389349035918713
0,0,1.0,0.002085546450510231,0.0045852153562009335
0,0,1.0,0.0012044519828613154,0.003899163333699107
0,0,1.0,0.0002502399198634942,0.005561933387070894
0,0,1.0,0.0006973129668621847,0.005707146134227514
1,0,1.0,0.9850794650160951,0.9960894584655762
0,0,1.0,0.0014512629156429656,0.008718217723071575
0,0,1.0,0.058875598166333074,0.003851773915812373
0,0,1.0,0.4640164261579975,0.23511765897274017
0,0,1.0,0.0008190040822910305,0.004584105685353279
1,0,1.0,0.9194442062174816,0.9936836957931519
0,0,1.0,0.036390018950402295,0.006373787764459848
0,0,1.0,0.0009218293888617095,0.003351151244714856
1,0,1.0,0.9995835087822701,0.9929940104484558
0,0,1.0,0.0013789181000557287,0.0030273557640612125
0,0,1.0,0.0006541240132854971,0.006391326896846294
0,0,1.0,0.0022233737262089283,0.004729376640170813
0,0,1.0,0.03700580502317156,0.007768271956592798
0,0,1.0,0.008202943254332648,0.0039773499593138695
0,0,1.0,0.012078654827626881,0.022630169987678528
0,0,1.0,0.0005581517553750683,0.003807016182690859
0,0,1.0,0.04973437254947082,0.0020790454000234604
0,0,1.0,0.0031495028913237923,0.006248787511140108
1,0,1.0,0.9986167367580101,0.9936951994895935
0,0,1.0,0.006982398599596542,0.0033184716012328863
0,0,1.0,0.0009290456584609882,0.0017889122245833278
0,0,1.0,0.004246018553545777,0.006968657486140728
0,0,1.0,0.00045329593315667106,0.003176896134391427
0,0,1.0,0.0033020457408865773,0.004787906538695097
1,0,1.0,0.9971004730148094,0.9961466789245605
1,0,1.0,0.9996089210188047,0.9963046312332153
0,0,1.0,0.005186680489898698,0.0038813967257738113
1,0,1.0,0.8784848503177327,0.9578321576118469
0,0,1.0,0.0003780543321459908,0.004031660035252571
0,0,1.0,0.00134028071343369,0.004596886690706015
0,0,1.0,0.0088338036451249,0.004641511011868715
1,0,1.0,0.98163323578648,0.9936216473579407
0,0,1.0,0.003128436149193557,0.003018216462805867
0,0,1.0,0.001817887183469656,0.0019489661790430546
0,0,1.0,0.014077746868007045,0.02661774307489395
1,0,1.0,0.9996788657694072,0.997591495513916
0,0,1.0,0.005122517637956134,0.008688211441040039
0,0,1.0,0.32329162123271693,0.7249802350997925
0,0,1.0,0.008226883747443263,0.010572804138064384
1,0,1.0,0.9997737902290488,0.997437596321106
0,0,1.0,0.0009422099026199361,0.01845826953649521
0,0,1.0,0.0006495510440326532,0.0037447393406182528
0,0,1.0,0.0012161900976617505,0.0045701926574110985
1,0,1.0,0.999026922961523,0.9960441589355469
1,0,1.0,0.9999389746063141,0.9976102113723755
0,0,1.0,0.0011926412723192367,0.0019986825063824654
0,0,1.0,0.0009677375017348937,0.0055992500856518745
0,0,1.0,0.017568178439808242,0.004050638992339373
1,0,1.0,0.9642028748148516,0.9589657187461853
0,0,1.0,0.8318324425486636,0.9954686164855957
0,0,1.0,0.0015064415631245978,0.0018724414985626936
1,0,1.0,0.9444606864616366,0.991913914680481
0,0,1.0,0.0004689914445551626,0.0018753097392618656
1,0,1.0,0.9996007340555542,0.9962093830108643
0,0,1.0,0.0008358110542871359,0.0020070262253284454
0,0,1.0,0.009075397175762931,0.001799467601813376
0,0,1.0,0.33150782551361757,0.6219331622123718
0,0,1.0,0.012229095265832091,0.005973068997263908
0,0,1.0,0.005615104863942545,0.0022795647382736206
0,0,1.0,0.0010579803703130721,0.0056432271376252174
0,0,1.0,0.0007032183910084694,0.0029802434146404266
0,0,1.0,0.004543963897252023,0.003987934906035662
1,0,1.0,0.9419518719955322,0.996479332447052
0,0,1.0,0.0024429243969735534,0.005559636279940605
0,0,1.0,0.003540149363703302,0.0074530174024403095
1,0,1.0,0.9901585209890207,0.9954999089241028
0,0,1.0,0.0025441492098499494,0.0056556835770606995
0,0,1.0,0.010159960833365416,0.005603055004030466
0,0,1.0,0.018293794385507836,0.7752912640571594
1,0,1.0,0.6684395046360504,0.7193336486816406
0,0,1.0,0.0005069414298336499,0.004875674843788147
0,0,1.0,0.012960248844994391,0.05276249721646309
0,0,1.0,0.00025926362067395513,0.005605253390967846
0,0,1.0,0.0022959579562847675,0.007633427623659372
0,0,1.0,0.00020559364385003872,0.004292668774724007
0,0,1.0,0.0004456318539616251,0.001797570614144206
0,0,1.0,0.003079562884325577,0.003095364896580577
0,0,1.0,0.0011752254336009093,0.008323902264237404
0,0,1.0,0.0007505984757165356,0.0017877731006592512
0,0,1.0,0.05975398854055035,0.015166076831519604
0,0,1.0,0.0022668538687393184,0.0018545460188761353
1,0,1.0,0.9968703700650923,0.9934279322624207
0,0,1.0,0.492748715442814,0.003392255399376154
0,0,1.0,0.0033653332215334004,0.001807416439987719
0,0,1.0,0.000317916348190615,0.007139603607356548
1,0,1.0,0.17052602905608386,0.0024804521817713976
1,0,1.0,0.9995581074784524,0.9974983334541321
0,0,1.0,0.0005615962640252205,0.003838833188638091
0,0,1.0,0.00012239927878631937,0.004570802208036184
0,0,1.0,0.0004149021059599695,0.005335398018360138
0,0,1.0,0.0014083627618213395,0.004660008940845728
1,0,1.0,0.9578563772632656,0.9944730401039124
0,0,1.0,0.0010773940117532353,0.0051849535666406155
0,0,1.0,0.000767851641124854,0.004742615390568972
0,0,1.0,0.00012816418289960112,0.002026443835347891
0,0,1.0,0.00033399164023742894,0.0031234808266162872
0,0,1.0,0.02389140199665396,0.008631568402051926
0,0,1.0,0.00226011800491919,0.003837812691926956
0,0,1.0,0.01177301079473501,0.003760505234822631
0,0,1.0,0.03771833971786104,0.008267569355666637
0,0,1.0,0.0034276758804520505,0.0018412407953292131
0,0,1.0,0.002980871573806262,0.0030852933414280415
0,0,1.0,0.05580228062948219,0.003499503480270505
0,0,1.0,0.01060218957998987,0.004622467793524265
0,0,1.0,0.0004403061595163594,0.002052241237834096
0,0,1.0,0.00039397823414770813,0.00557516235858202
0,0,1.0,0.01680622069415547,0.0040635052137076855
0,0,1.0,0.004163074021480818,0.019068386405706406
0,0,1.0,0.00025465808361081293,0.0057265558280050755
0,0,1.0,0.005753684567057031,0.0017821684014052153
1,0,1.0,0.9999431829357415,0.9953508377075195
1,0,1.0,0.9923430633326873,0.9897941946983337
1,0,1.0,0.9823395895836577,0.9952770471572876
0,0,1.0,0.0009145489199691368,0.001984350848942995
0,0,1.0,0.0002555739597113902,0.0018799968529492617
1,0,1.0,0.9979166558470559,0.9957081079483032
0,0,1.0,0.003382982591019619,0.003160047810524702
0,0,1.0,0.0015589270040237114,0.005419846624135971
0,0,1.0,0.00021535904309935696,0.00452464772388339
0,0,1.0,0.0014683583345797928,0.005688962060958147
1,0,1.0,0.9997819302522996,0.9977148771286011
1,0,1.0,0.9987047661657901,0.9931997656822205
0,0,1.0,0.008151028689844643,0.008187275379896164
0,0,1.0,0.0006920306747239129,0.005725861061364412
0,0,1.0,0.009814796445545592,0.004664843901991844
1,0,1.0,0.9512906285013747,0.9970790147781372
1,0,1.0,0.9990685286093665,0.996141254901886
0,0,1.0,0.0009454221746001018,0.0031901653856039047
0,0,1.0,0.0012680194750676512,0.0018057498382404447
0,0,1.0,0.0007601624363584072,0.002051709918305278
0,0,1.0,0.00019548125517496992,0.0030067218467593193
0,0,1.0,0.001356147405974033,0.00567378057166934
0,0,1.0,0.0008517858146959563,0.0018122835317626595
0,0,1.0,0.0002890206872535235,0.0018302795942872763
0,0,1.0,0.00014828491533196356,0.004270283505320549
1,0,1.0,0.999119193487928,0.991870641708374
0,0,1.0,0.07305485735277294,0.004661163315176964
1,0,1.0,0.9976310244548329,0.983185350894928
0,0,1.0,0.0027887252262063385,0.001853924011811614
0,0,1.0,0.003639578206805796,0.13278834521770477
0,0,1.0,0.013650007601864427,0.006055739708244801
1,0,1.0,0.9996137822370574,0.9961836934089661
0,0,1.0,0.005345457135741461,0.0052864812314510345
0,0,1.0,0.0006552156421798493,0.005564426071941853
0,0,1.0,0.0006667466243598335,0.001872119726613164
0,0,1.0,0.023522091892215206,0.0020536994561553
1,0,1.0,0.9886293555661143,0.9935391545295715
1,0,1.0,0.13653416059410528,0.022745605558156967
1,0,1.0,0.9686665207356754,0.9968974590301514
0,0,1.0,0.026495958638659806,0.005767058115452528
1,0,1.0,0.9975247726594643,0.9975941777229309
0,0,1.0,0.0037273914433443617,0.0030005378648638725
1,0,1.0,0.9992748452038684,0.9973623156547546
1,0,1.0,0.9989800181270104,0.9974018335342407
0,0,1.0,0.0016781731575804962,0.0028904094360768795
0,0,1.0,0.5706162986912695,0.05798564478754997
1,0,1.0,0.9553746305554671,0.9922091960906982
0,0,1.0,0.004239942875904,0.006570175755769014
0,0,1.0,0.009936587334886792,0.008403253741562366
0,0,1.0,0.008885121602714855,0.003429286414757371
1,0,1.0,0.5144323140210761,0.9751571416854858
0,0,1.0,0.0016428405919811265,0.004528599791228771
0,0,1.0,0.0004879931321237741,0.003240757854655385
0,0,1.0,0.0029158348224206884,0.006829305086284876
0,0,1.0,0.08449890789374748,0.0142446244135499
1,0,1.0,0.9980144783853013,0.9963014125823975
1,0,1.0,0.6069119657988603,0.3887549936771393
1,0,1.0,0.6847221485501004,0.9895439147949219
0,0,1.0,0.007137804374989377,0.0018106980714946985
0,0,1.0,0.000703585268248188,0.004866096191108227
0,0,1.0,0.0003591183332172671,0.001746001304127276
0,0,1.0,0.00020019312041812264,0.005797970574349165
0,0,1.0,0.002417465712056549,0.0032786917872726917
0,0,1.0,0.00725583897311535,0.0018938025459647179
0,0,1.0,0.0005655375634684558,0.004505765158683062
0,0,1.0,0.000290242887077117,0.00394247705116868
1,0,1.0,0.9968584561789153,0.9908379912376404
1,0,1.0,0.9988176834655709,0.996239423751831
0,0,1.0,0.07685632349866474,0.015347741544246674
0,0,1.0,0.0007228609801395804,0.004681520164012909
1,0,1.0,0.9949340526715158,0.9936382174491882
0,0,1.0,0.000879841657754884,0.005980230867862701
0,0,1.0,0.007513932273086521,0.008862185291945934
0,0,1.0,0.006431074795959224,0.0019018910825252533
0,0,1.0,0.0011572645961625025,0.004575002007186413
0,0,1.0,7.661136239041962e-05,0.005543446633964777
0,0,1.0,0.02272221205132127,0.024561036378145218
0,0,1.0,0.0005451010652613281,0.005609714426100254
0,0,1.0,8.91269856943945e-05,0.0048177000135183334
0,0,1.0,0.00033946832525521235,0.004631507210433483
0,0,1.0,0.0006543893607730277,0.005025044549256563
0,0,1.0,0.007321517568138288,0.007521245162934065
1,0,1.0,0.9976465358220205,0.9962716102600098
0,0,1.0,0.0014948347716052836,0.003116483800113201
1,0,1.0,0.9998446729162013,0.9959405660629272
1,0,1.0,0.9874277963895196,0.9923406839370728
0,0,1.0,0.002491601480836546,0.008259313181042671
0,0,1.0,0.0009428657859646281,0.005931451916694641
0,0,1.0,0.036685929179094565,0.016767194494605064
0,0,1.0,0.003993019317156619,0.003487725742161274
0,0,1.0,0.02913387249787241,0.008673476055264473
0,0,1.0,0.0020731333132368154,0.0018203770741820335
1,0,1.0,0.9978427228582185,0.9942702054977417
1,0,1.0,0.9994029374910138,0.9957815408706665
0,0,1.0,0.016341129407090222,0.010793457739055157
0,0,1.0,0.0034877930661008456,0.003443538909777999
0,0,1.0,0.0001511969199204923,0.0038821024354547262
0,0,1.0,0.0022895138474343046,0.02664310671389103
1,0,1.0,0.9595523588222984,0.9769969582557678
0,0,1.0,0.0007829540954040647,0.005588374566286802
0,0,1.0,0.016299265842971013,0.0024102518800646067
0,0,1.0,0.0038647949021767417,0.003181318985298276
1,0,1.0,0.9984362891545269,0.9887773394584656
0,0,1.0,0.0010472992234015724,0.0018178082536906004
0,0,1.0,0.00261574538710968,0.002022542990744114
1,0,1.0,0.999883201502831,0.9963584542274475
0,0,1.0,0.0038500086891133083,0.0037523715291172266
1,0,1.0,0.9888574175411236,0.9967886209487915
0,0,1.0,0.008285134491073497,0.0053741708397865295
0,0,1.0,0.049360644500778636,0.7795567512512207
1,0,1.0,0.9458181513752233,0.9971455931663513
0,0,1.0,0.0002497101269541002,0.0021887649782001972
1,0,1.0,0.3598601455686546,0.05839736759662628
0,0,1.0,0.014867799357340242,0.004695730283856392
0,0,1.0,0.0006715913383905993,0.005574927199631929
1,0,1.0,0.9995971412196137,0.9963388442993164
0,0,1.0,0.0004611489025525109,0.004864240065217018
0,0,1.0,0.00942096699917686,0.09776885062456131
0,0,1.0,0.000923198549770403,0.02631532773375511
0,0,1.0,0.008077133223688015,0.02724704146385193
1,0,1.0,0.9969462129988805,0.9957162737846375
0,0,1.0,0.021006327078045305,0.05995907261967659
1,0,1.0,0.9925428609235558,0.9566186666488647
0,0,1.0,0.00240611817747438,0.003721086075529456
0,0,1.0,0.00029939617490678383,0.005561751313507557
0,0,1.0,0.02952520621459473,0.002645814325660467
1,0,1.0,0.3423929711799777,0.537003755569458
0,0,1.0,0.0065555131834519175,0.006953814998269081
0,0,1.0,0.013329022561755574,0.203100323677063
1,0,1.0,0.9991996153556549,0.9550043344497681
1,0,1.0,0.9796539818903452,0.9485237002372742
0,0,1.0,0.0006447861684411388,0.003803437342867255
0,0,1.0,0.0026701235142392336,0.0018476360710337758
1,0,1.0,0.995981422105648,0.9958539009094238
0,0,1.0,0.04978126642597523,0.008069522678852081
0,0,1.0,0.000439639165845662,0.0019345068139955401
0,0,1.0,0.0027285452109992174,0.0034259390085935593
0,0,1.0,0.00048705976946438254,0.0018196849850937724
1,0,1.0,0.9278032172435825,0.9975952506065369
0,0,1.0,0.0036221019249040825,0.011900064535439014
0,0,1.0,0.00025319078400540723,0.005564436782151461
0,0,1.0,0.0007785365900907644,0.0031282503623515368
0,0,1.0,0.00017307899671477217,0.005583771504461765
0,0,1.0,0.0025983246188198113,0.00415625749155879
0,0,1.0,0.0025312473119002725,0.005686907563358545
0,0,1.0,0.006270467133615945,0.112687848508358
1,0,1.0,0.22096083825150392,0.9443245530128479
0,0,1.0,0.001493455102449181,0.005339916329830885
1,0,1.0,0.9984766719210827,0.9926872253417969
0,0,1.0,0.003082877109905745,0.00398937426507473
0,0,1.0,0.00028050408016233694,0.004844942595809698
0,0,1.0,0.0009085327104022758,0.006160379853099585
0,0,1.0,0.0003939555509873694,0.004638119600713253
0,0,1.0,0.000936037466646549,0.006514007691293955
0,0,1.0,0.017275500823092343,0.008563968352973461
0,0,1.0,0.00014397803690799024,0.001911681960336864
0,0,1.0,0.0016678270569047049,0.0031561481300741434
0,0,1.0,0.015702886701389505,0.003901050891727209
0,0,1.0,0.00407057216920915,0.003162345616146922
1,0,1.0,0.9959344285669012,0.958332359790802
0,0,1.0,0.003030958490094838,0.003108582692220807
0,0,1.0,0.001718545467592396,0.0019658361561596394
0,0,1.0,0.0037977236355468268,0.0018630106933414936
0,0,1.0,0.0003439428636804999,0.005523457657545805
0,0,1.0,0.00509134361744779,0.005721098277717829
0,0,1.0,0.1445559404621494,0.03365107253193855
0,0,1.0,0.0006531271814893676,0.0018532852409407496
0,0,1.0,0.029297979696033764,0.005654672160744667
0,0,1.0,0.0018095108351391023,0.0038347819354385138
1,0,1.0,0.9955783648202249,0.9921749234199524
0,0,1.0,0.000955695558310464,0.008264814503490925
0,0,1.0,0.0011402068538319953,0.002026868285611272
0,0,1.0,0.0004898008870304885,0.0035292813554406166
0,0,1.0,0.000967630243975026,0.007986596785485744
0,0,1.0,0.04323048262046269,0.0033550583757460117
0,0,1.0,0.0027873043064063872,0.00830124132335186
0,0,1.0,0.002560390080790001,0.003279360244050622
0,0,1.0,0.006822859337316362,0.004561198875308037
1,0,1.0,0.794504169315927,0.01730470173060894
1,0,1.0,0.9994136779267999,0.991752564907074
0,0,1.0,0.00021221914560228707,0.0038555541541427374
0,0,1.0,0.004112423667107214,0.004094692878425121
0,0,1.0,0.002520008040346261,0.003756563179194927
1,0,1.0,0.9924872665253596,0.9963343143463135
1,0,1.0,0.996298685550453,0.9949076771736145
1,0,1.0,0.9954685351971726,0.9958452582359314
1,0,1.0,0.9960007740798795,0.9952576756477356
1,0,1.0,0.998177366850236,0.9963696002960205
0,0,1.0,0.1013364376455361,0.008848053403198719
1,0,1.0,0.9995495478490989,0.994979202747345
0,0,1.0,0.0004019188455137091,0.0018090619705617428
0,0,1.0,0.000639597426568536,0.010785487480461597
0,0,1.0,0.0003362369356945888,0.0018554705893620849
1,0,1.0,0.976234905267298,0.9780468344688416
0,0,1.0,0.0007433138737901859,0.005244191735982895
0,0,1.0,5.78343341957115e-05,0.005739988759160042
0,0,1.0,0.0006336540717605465,0.0017616106197237968
0,0,1.0,0.0010281686557633727,0.0021191935520619154
0,0,1.0,0.012200327259566518,0.153932124376297
0,0,1.0,0.032382626803316376,0.0072975666262209415
0,0,1.0,0.00222410352246909,0.021807830780744553
1,0,1.0,0.9425454206326778,0.7030395865440369
1,0,1.0,0.9960152626003208,0.9963206052780151
1,0,1.0,0.9997644309922653,0.9977474808692932
1,0,1.0,0.9998943427473873,0.9957231283187866
1,0,1.0,0.9991620413300102,0.9937924742698669
0,0,1.0,0.002228094536459681,0.005444255657494068
0,0,1.0,0.08729658242737832,0.4548633098602295
0,0,1.0,0.0054445532561528225,0.001860997173935175
0,0,1.0,5.462462239226553e-05,0.0019387217471376061
0,0,1.0,0.009776260547933607,0.0032779844477772713
0,0,1.0,0.0006787822065355475,0.004945645574480295
0,0,1.0,0.003838634658431347,0.04870319366455078
1,0,1.0,0.9991470897553436,0.9932647943496704
1,0,1.0,0.9998255264747492,0.9953404664993286
0,0,1.0,0.00020416338156327153,0.0038295486010611057
0,0,1.0,0.002728449705976477,0.005523978266865015
0,0,1.0,0.0023541685654831176,0.003901232499629259
0,0,1.0,0.0005794723710808121,0.004054607357829809
0,0,1.0,0.007623066345926889,0.01615804247558117
0,0,1.0,0.012059121765810945,0.0043481807224452496
0,0,1.0,0.001352095948663293,0.005274724215269089
0,0,1.0,0.004144954723115628,0.01390121504664421
1,0,1.0,0.9993913684657327,0.9959904551506042
0,0,1.0,0.010632256380604208,0.036672744899988174
0,0,1.0,0.08645927943111742,0.010653510689735413
1,0,1.0,0.990641515251587,0.9932278990745544
0,0,1.0,0.09120316221342345,0.34374862909317017
1,0,1.0,0.9995246930807282,0.9946696162223816
0,0,1.0,0.0007410580904493466,0.0032822699286043644
0,0,1.0,0.008853610254948954,0.003527998458594084
1,0,1.0,0.9215552870987141,0.9971797466278076
0,0,1.0,0.0027274108534125255,0.010410405695438385
1,0,1.0,0.938986108971874,0.9925549626350403
0,0,1.0,0.051600282256890964,0.27225348353385925
0,0,1.0,0.010315134075981794,0.005490946117788553
0,0,1.0,0.000354608017065661,0.0017919613746926188
0,0,1.0,0.0003222383639183172,0.0020252359099686146
0,0,1.0,0.0005025418766330978,0.005889697466045618
0,0,1.0,0.0010280538234415098,0.004202946554869413
0,0,1.0,0.00016867837358120006,0.0019350555958226323
0,0,1.0,0.008427063279742984,0.015007331036031246
0,0,1.0,0.003412309366540074,0.0061185057274997234
0,0,1.0,0.0015009702062281141,0.004601322580128908
1,0,1.0,0.9973348744443226,0.9865266680717468
0,0,1.0,0.01287741835332867,0.005537041928619146
1,0,1.0,0.9983465139448165,0.9974101185798645
0,0,1.0,0.010690139933209627,0.001880485680885613
0,0,1.0,0.002869691329674917,0.008530776016414165
0,0,1.0,0.009552050761286311,0.0018234410090371966
0,0,1.0,0.001427042564339808,0.003142187837511301
1,0,1.0,0.9355828294146692,0.6801972985267639
0,0,1.0,0.012935028467790786,0.00979186687618494
0,0,1.0,0.0023121353112876375,0.007507329806685448
1,0,1.0,0.9845637651008556,0.9626855850219727
0,0,1.0,0.0128796637325993,0.10817063599824905
0,0,1.0,0.0024479206645098184,0.0018571369582787156
0,0,1.0,0.06852589055112937,0.09378844499588013
0,0,1.0,0.021832260113529484,0.0035033351741731167
0,0,1.0,0.011790949859747038,0.00859096273779869
0,0,1.0,0.0009586056888331003,0.005911133252084255
0,0,1.0,0.0006601848220845502,0.0020931570325046778
0,0,1.0,0.005382456705486712,0.0019714629743248224
0,0,1.0,0.0008810250907950767,0.0054999468848109245
0,0,1.0,0.0010645568721900068,0.003200359409675002
1,0,1.0,0.9964739183545349,0.9947636127471924
0,0,1.0,0.0018341467605296256,0.008841564878821373
0,0,1.0,0.0003982090556025584,0.003764394437894225
0,0,1.0,0.005173104736341784,0.0018980768509209156
0,0,1.0,0.004180741923408535,0.004240195732563734
0,0,1.0,0.0007537772076038259,0.004565784242004156
0,0,1.0,0.012040714861824345,0.005563769489526749
0,0,1.0,0.0003187437173540499,0.003789084730669856
1,0,1.0,0.9993402587050401,0.9925069212913513
0,0,1.0,0.0018251842785965864,0.005070752464234829
0,0,1.0,0.007368509671689289,0.0019169169245287776
0,0,1.0,0.45305768050395606,0.03336483985185623
0,0,1.0,0.0013886955318752213,0.0030639031901955605
1,0,1.0,0.9018419269734352,0.9869863390922546
1,0,1.0,0.9170855011064228,0.45266038179397583
0,0,1.0,0.0005006515958450067,0.01185285858809948
0,0,1.0,0.00026182679905528575,0.0019662065897136927
0,0,1.0,0.00018037394957489132,0.004728625062853098
0,0,1.0,0.0001747397758369556,0.003930442035198212
0,0,1.0,0.0029483599382401074,0.005042601842433214
0,0,1.0,0.0001437062643522549,0.005632475484162569
0,0,1.0,0.00153009225386328,0.0018782636616379023
0,0,1.0,0.010275905453019617,0.004094734322279692
0,0,1.0,0.0003019789799634613,0.003943981137126684
0,0,1.0,0.06012652575113282,0.0106138801202178
0,0,1.0,0.0002261177199841978,0.0019891008269041777
0,0,1.0,0.009118406421841134,0.007765027228742838
0,0,1.0,0.00039888518204493937,0.007033155765384436
0,0,1.0,0.0019121519418091044,0.00383018865250051
0,0,1.0,0.002320172965093726,0.005279868375509977
1,0,1.0,0.951087778439182,0.9977328777313232
0,0,1.0,0.007492997508135193,0.0020409002900123596
0,0,1.0,0.0022246229150704793,0.0037945369258522987
0,0,1.0,0.002225497517406645,0.005536295473575592
1,0,1.0,0.9988852475162673,0.9976574182510376
0,0,1.0,0.002908013769695247,0.006097400560975075
1,0,1.0,0.9571155225448817,0.9864411950111389
0,0,1.0,0.0002310324011101685,0.013446713797748089
0,0,1.0,0.0011028783990627035,0.006370098330080509
1,0,1.0,0.9973710653542066,0.9957518577575684
0,0,1.0,0.0013632943047581542,0.006831472739577293
0,0,1.0,0.034825194425252476,0.008447036147117615
1,0,1.0,0.989357822943033,0.9935886859893799
0,0,1.0,0.0010999562532586179,0.005545576568692923
1,0,1.0,0.9998245673227374,0.994086503982544
0,0,1.0,0.07916511842846478,0.002909301081672311
0,0,1.0,0.00017930904949677582,0.0031538461335003376
0,0,1.0,0.008833833858765665,0.004939745180308819
0,0,1.0,0.04696843116138877,0.011542290449142456
0,0,1.0,0.026114278733559294,0.012996949255466461
1,0,1.0,0.41229144299305076,0.6982119679450989
0,0,1.0,0.0026366249161981436,0.004736564587801695
1,0,1.0,0.9998551221265901,0.9955365657806396
0,0,1.0,0.002353417569774541,0.0030818325467407703
1,0,1.0,0.3749714635397296,0.8902608156204224
1,0,1.0,0.9989560615338776,0.9961152076721191
1,0,1.0,0.03803409738262846,0.009921413846313953
0,0,1.0,0.012004061808508633,0.5188819766044617
1,0,1.0,0.9999417401565157,0.9976455569267273
0,0,1.0,0.0022985615336110774,0.006070737261325121
0,0,1.0,0.0010182327599871366,0.006252836901694536
1,0,1.0,0.9780226350411754,0.9926669001579285
0,0,1.0,0.0008021702342063126,0.0018677010666579008
0,0,1.0,0.0012328969917924804,0.005768247880041599
0,0,1.0,0.015985770162595444,0.005568948108702898
1,0,1.0,0.9979926211549657,0.9963449835777283
0,0,1.0,0.025135098811486116,0.004986606538295746
0,0,1.0,0.19758799552499298,0.14025871455669403
0,0,1.0,0.006147652626502108,0.007362221367657185
0,0,1.0,0.0019361869139997263,0.003397417953237891
0,0,1.0,0.000453753310107097,0.005791585426777601
0,0,1.0,0.002698659762656026,0.012554634362459183
0,0,1.0,0.00879563839228949,0.1701667308807373
0,0,1.0,0.0031633845232964157,0.005645191762596369
1,0,1.0,0.9983956528411142,0.9977108240127563
1,0,1.0,0.9997544820384457,0.9976975321769714
0,0,1.0,0.010482283014525794,0.025203010067343712
1,0,1.0,0.9998565923218696,0.9959623217582703
1,0,1.0,0.9992426860553241,0.993408203125
0,0,1.0,0.00047545293628696274,0.004588417708873749
0,0,1.0,0.021956865648483485,0.013005326502025127
0,0,1.0,0.0060099666211696915,0.006242131814360619
0,0,1.0,0.006246669826566369,0.005709899123758078
0,0,1.0,0.00025882258818448747,0.004205337725579739
0,0,1.0,0.0022307372595555715,0.0018131756223738194
0,0,1.0,0.0016828152362493899,0.005524172447621822
0,0,1.0,0.0002522367124923493,0.0031000389717519283
0,0,1.0,0.0005670001936102178,0.0038844284135848284
0,0,1.0,0.00036574970954693457,0.006161623168736696
0,0,1.0,0.21587999190166368,0.003810914931818843
0,0,1.0,0.0022787005932263134,0.0022736098617315292
1,0,1.0,0.9116179304112928,0.968867301940918
0,0,1.0,0.00026618676289453586,0.0037954687140882015
0,0,1.0,0.059482335797247786,0.004936111159622669
0,0,1.0,0.006407374390620292,0.004676092881709337
1,0,1.0,0.9961765012241758,0.9938610792160034
0,0,1.0,0.0002597973236263487,0.004701622296124697
0,0,1.0,0.0010072413519564177,0.02242191880941391
0,0,1.0,0.0001867733711209101,0.0038632347714155912
1,0,1.0,0.8335146910493424,0.3828251361846924
0,0,1.0,0.02834353258058334,0.02412174455821514
1,0,1.0,0.08477267287337006,0.5050220489501953
0,0,1.0,0.0008119940420083223,0.0030262621585279703
0,0,1.0,0.0009235750522639781,0.0038216691464185715
0,0,1.0,0.0005176148250082044,0.0057465373538434505
0,0,1.0,0.012955991828128436,0.10613861680030823
1,0,1.0,0.9974036875897224,0.9082944393157959
1,0,1.0,0.9567145093283861,0.9913091659545898
0,0,1.0,0.013204001547080239,0.00549018569290638
0,0,1.0,0.022746465265137284,0.0030840293038636446
0,0,1.0,0.0015274578026147755,0.0031489834655076265
0,0,1.0,0.0007883948558477164,0.006844422314316034
0,0,1.0,0.002510779764089193,0.009252329356968403
1,0,1.0,0.9968022431950788,0.9906486868858337
1,0,1.0,0.9989414814742733,0.9840870499610901
0,0,1.0,0.0029521959357769706,0.006758438888937235
0,0,1.0,0.0013553307235641332,0.002028569346293807
0,0,1.0,0.0011201096607025478,0.0018240043427795172
0,0,1.0,0.017664639319036245,0.011116423644125462
0,0,1.0,0.003490480448068101,0.0017953251954168081
0,0,1.0,7.959067073133544e-05,0.003161108586937189
0,0,1.0,0.012434425278627868,0.0037429663352668285
0,0,1.0,0.2808311541056296,0.9207890033721924
0,0,1.0,0.003080111724150344,0.0030732930172234774
0,0,1.0,0.002629970127261262,0.0031218493822962046
0,0,1.0,0.0009621029213572747,0.0038489317521452904
0,0,1.0,0.006500359058115599,0.004747664090245962
0,0,1.0,0.0009174321088181894,0.006217652931809425
0,0,1.0,0.0017279004163911588,0.0034149428829550743
0,0,1.0,0.001097067640765451,0.007404973730444908
0,0,1.0,0.040834032601928326,0.006359555758535862
0,0,1.0,0.0009910287017229225,0.0030199657194316387
0,0,1.0,0.0009603412389433997,0.005541699007153511
1,0,1.0,0.9694398573648999,0.9771364331245422
0,0,1.0,0.003667164723603012,0.005298908334225416
0,0,1.0,0.0012251228897730158,0.002601983491331339
1,0,1.0,0.9999812099934783,0.9957601428031921
0,0,1.0,0.0006632116226104441,0.005675190128386021
1,0,1.0,0.998667069953951,0.994356095790863
0,0,1.0,0.013826758007568383,0.0037588586565107107
0,0,1.0,0.02261717076662341,0.005104376003146172
1,0,1.0,0.9819150884431381,0.9828988313674927
1,0,1.0,0.9704792646156484,0.7867000699043274
0,0,1.0,0.0033240099371497985,0.0030633483547717333
0,0,1.0,0.005134363854230655,0.006486115045845509
0,0,1.0,0.00025267227573505367,0.006178292445838451
0,0,1.0,0.00353081912825468,0.001856615417636931
0,0,1.0,0.0014587566922910316,0.0019179937662556767
1,0,1.0,0.9913061539595217,0.9962217807769775
0,0,1.0,0.003770397301725569,0.003812481416389346
1,0,1.0,0.9964184700529292,0.9975166320800781
1,0,1.0,0.998531805579624,0.9933493733406067
0,0,1.0,0.0013184065243955884,0.0019397902069613338
0,0,1.0,0.001981784591897757,0.001773216063156724
1,0,1.0,0.999474465891579,0.996093213558197
0,0,1.0,0.11563443751355253,0.1681521236896515
0,0,1.0,0.0009641519995725891,0.005596953444182873
1,0,1.0,0.9996756126911265,0.9961038827896118
0,0,1.0,0.015326427123256575,0.007380825001746416
0,0,1.0,0.004942607512565525,0.004828630946576595
1,0,1.0,0.9615122756807885,0.9914833903312683
0,0,1.0,0.0014455317524464592,0.006049494259059429
0,0,1.0,0.0011252051590986073,0.00487169437110424
0,0,1.0,0.0003556778819854041,0.004879928659647703
1,0,1.0,0.9899997135642205,0.9974803328514099
0,0,1.0,0.0009749241033029912,0.0017894709017127752
0,0,1.0,0.0010263592317284655,0.00486039649695158
0,0,1.0,0.01646647729181932,0.6324053406715393
0,0,1.0,0.001735897571563748,0.0054969796910882
0,0,1.0,0.006102555038156495,0.014773208647966385
0,0,1.0,0.18253438952392387,0.042080700397491455
1,0,1.0,0.9998838555670642,0.997632622718811
0,0,1.0,0.0016950621587499455,0.0030998208094388247
1,0,1.0,0.9992562441069198,0.996101975440979
0,0,1.0,0.00014934336114114064,0.0038937553763389587
0,0,1.0,0.036730268512084205,0.007981056347489357
1,0,1.0,0.9998832385685681,0.9963923096656799
0,0,1.0,0.08798589350311042,0.01484677568078041
1,0,1.0,0.894803488202064,0.6544363498687744
0,0,1.0,0.0006882101217373532,0.011211918666958809
0,0,1.0,0.027451223254713428,0.005577830132097006
0,0,1.0,0.0019200398666331994,0.0030848239548504353
0,0,1.0,0.0034712388501515106,0.005811393726617098
0,0,1.0,0.000598971037463367,0.0018130427924916148
1,0,1.0,0.9255532696837351,0.9975295662879944
0,0,1.0,0.001931734422981954,0.31984463334083557
0,0,1.0,0.0010272532859071854,0.0038825436495244503
0,0,1.0,0.0032730628809567873,0.010392311029136181
1,0,1.0,0.5216962730524762,0.12034408003091812
0,0,1.0,0.013237143189608742,0.013467889279127121
0,0,1.0,0.015375205249892457,0.16944299638271332
1,0,1.0,0.9986862701210256,0.9934343099594116
0,0,1.0,0.006664952988255557,0.0031745489686727524
0,0,1.0,0.0005312341518918371,0.001943638315424323
0,0,1.0,0.00035009985046313653,0.0038764586206525564
1,0,1.0,0.978878457631083,0.9930818676948547
1,0,1.0,0.996285948175873,0.9850587844848633
0,0,1.0,0.0010439573733891964,0.0038968059234321117
0,0,1.0,0.027386020999503075,0.07346363365650177
1,0,1.0,0.9977739083976156,0.9943910241127014
0,0,1.0,0.003750135156149704,0.006406561937183142
1,0,1.0,0.9994081971127089,0.9961584210395813
0,0,1.0,0.00722846610711593,0.0018468053312972188
0,0,1.0,0.000438612354669913,0.004909364040941
0,0,1.0,0.03159343357788956,0.850355327129364
1,0,1.0,0.998855195986218,0.9963634610176086
0,0,1.0,0.11927905345503954,0.001838121097534895
0,0,1.0,0.0013533183969067736,0.0060274344868958
1,0,1.0,0.999905771027764,0.9961414933204651
1,0,1.0,0.9275728939855981,0.8714073300361633
0,0,1.0,0.0026087524398611243,0.005055719520896673
1,0,1.0,0.9998428649264832,0.9963160157203674
0,0,1.0,0.0685020526556533,0.25373169779777527
0,0,1.0,0.06657135768813073,0.0255892314016819
1,0,1.0,0.9979132490943019,0.049517035484313965
0,0,1.0,0.005401288587020139,0.005149621982127428
0,0,1.0,0.007230367157991765,0.0019185508135706186
0,0,1.0,0.010678736768635982,0.004813686478883028
0,0,1.0,0.0037699062069868647,0.0046437522396445274
0,0,1.0,0.002845579380300193,0.0052551282569766045
0,0,1.0,0.0015288707025897486,0.003911125473678112
1,0,1.0,0.9997185909153634,0.9960009455680847
0,0,1.0,0.000687863979551875,0.0030647963285446167
1,0,1.0,0.9996463758213446,0.9957595467567444
0,0,1.0,0.005300083574924312,0.003073787083849311
0,0,1.0,0.0020214516810982503,0.005243122577667236
1,0,1.0,0.9989301029090514,0.995216965675354
0,0,1.0,0.0005142454660238346,0.0032554452773183584
0,0,1.0,0.002022973007498321,0.0035779643803834915
0,0,1.0,0.001993120672179114,0.004141037352383137
0,0,1.0,0.002506884247657169,0.0030620715115219355
0,0,1.0,0.003627996112277537,0.008119814097881317
0,0,1.0,0.0015483221643595975,0.007138961926102638
0,0,1.0,0.003711782629000268,0.0017981268465518951
1,0,1.0,0.9556196367683463,0.966036856174469
1,0,1.0,0.9714085385710024,0.9961035251617432
0,0,1.0,0.006176657017437426,0.007431453093886375
0,0,1.0,0.0009087880762559948,0.00503078568726778
0,0,1.0,0.0018073268890843462,0.0030400108080357313
0,0,1.0,0.004184718084932721,0.014276168309152126
0,0,1.0,0.0010202214168621442,0.001842405879870057
0,0,1.0,0.001458952708186423,0.006229107268154621
0,0,1.0,0.012239968644254213,0.4093860685825348
0,0,1.0,0.00037262135326699016,0.00561126321554184
0,0,1.0,0.002192720080033259,0.02593044377863407
0,0,1.0,0.00048281668882472773,0.003852216759696603
0,0,1.0,0.007855987176633317,0.005988996475934982
0,0,1.0,0.00013613218758892165,0.003856564639136195
0,0,1.0,0.06300140608304702,0.04937338829040527
0,0,1.0,0.0017084174135872396,0.001931862672790885
0,0,1.0,0.001464781603297621,0.003041262738406658
0,0,1.0,0.0005625412392731668,0.0031345111783593893
0,0,1.0,0.0021563654042871354,0.01248782966285944
0,0,1.0,0.00040912487519462724,0.005525861866772175
1,0,1.0,0.9226409968429009,0.677086353302002
0,0,1.0,0.002600513702129111,0.003210347378626466
0,0,1.0,0.004014439360553565,0.0056405337527394295
0,0,1.0,0.04184506844523245,0.009491351433098316
0,0,1.0,0.0012658898872682292,0.004779153503477573
1,0,1.0,0.8948755777578078,0.9254716038703918
0,0,1.0,0.007235702150049418,0.001847257954068482
0,0,1.0,0.010622420440637236,0.09883718937635422
1,0,1.0,0.9991425603328792,0.9977174997329712
0,0,1.0,0.015045959918041047,0.00844020489603281
1,0,1.0,0.9998894836889024,0.9976804256439209
1,0,1.0,0.9792430679903269,0.9958256483078003
0,0,1.0,0.00048506816808464376,0.061419740319252014
0,0,1.0,0.034009503176302545,0.019482528790831566
0,0,1.0,0.010474520021401729,0.003060681978240609
1,0,1.0,0.9998488194522785,0.9961203336715698
1,0,1.0,0.9995085079816965,0.9962402582168579
0,0,1.0,0.13273175773587068,0.0019480573246255517
0,0,1.0,0.0034064681014027254,0.007963866926729679
0,0,1.0,0.004424459507728317,0.01214458979666233
0,0,1.0,0.00020811037547862317,0.0045713079161942005
0,0,1.0,0.003400422022888635,0.007442255038768053
0,0,1.0,0.004208017563780777,0.004748533945530653
0,0,1.0,0.0002827673856471639,0.003815918229520321
0,0,1.0,0.0147267558376637,0.0030173282139003277
0,0,1.0,0.0023970518703674117,0.0038498882204294205
1,0,1.0,0.9996706285968809,0.9961255192756653
0,0,1.0,0.004903495552991873,0.00357638206332922
0,0,1.0,0.002239652790672079,0.00299073220230639
0,0,1.0,0.0017785255192648048,0.0030634503345936537
0,0,1.0,0.0019326148840732274,0.004092419054359198
0,0,1.0,8.360428269792069e-05,0.003026385558769107
1,0,1.0,0.9998227209414386,0.9958142638206482
0,0,1.0,0.00380531981318497,0.0038446253165602684
1,0,1.0,0.9896237697317334,0.9954624772071838
0,0,1.0,0.0018845260285178659,0.014430568553507328
0,0,1.0,0.45381951339920473,0.01969931460916996
0,0,1.0,0.00028101482938891324,0.001809380715712905
0,0,1.0,0.0003630843149564644,0.003934224136173725
0,0,1.0,0.0004881952475057814,0.0017938115634024143
0,0,1.0,0.032609065536617424,0.28829044103622437
1,0,1.0,0.9997020099834303,0.9977013468742371
0,0,1.0,0.0003215138475537052,0.006331378128379583
0,0,1.0,0.0031806574349656468,0.007732932455837727
0,0,1.0,0.001205558050634283,0.0031176202464848757
0,0,1.0,0.0023467758478502012,0.005793521646410227
0,0,1.0,0.0009059054573919101,0.005516672506928444
0,0,1.0,0.0004436716354115547,0.005547825247049332
0,0,1.0,0.004709067822161877,0.0018026764737442136
0,0,1.0,0.0013206529436426088,0.005189257208257914
0,0,1.0,0.02095167763570084,0.5467514991760254
1,0,1.0,0.9348712127992517,0.7290164232254028
0,0,1.0,0.0003367883245031505,0.00561331445351243
0,0,1.0,0.0016384732167873083,0.001868076273240149
0,0,1.0,0.007067364643023865,0.006829260382801294
1,0,1.0,0.9997487197924301,0.9939664602279663
0,0,1.0,0.0003201422707712367,0.007752543315291405
1,0,1.0,0.9941277016229797,0.9962629675865173
1,0,1.0,0.9999825198929057,0.9960440397262573
0,0,1.0,0.0558719949720047,0.015942707657814026
0,0,1.0,0.00026831873322666783,0.00482972851023078
1,0,1.0,0.9848235919412979,0.9959663152694702
0,0,1.0,0.01838213480059608,0.0022915101144462824
0,0,1.0,0.0174267584707766,0.00560776237398386
1,0,1.0,0.9979865247057701,0.997359573841095
0,0,1.0,0.013818964923903868,0.005534547846764326
0,0,1.0,0.0006114236407097906,0.0021379508543759584
0,0,1.0,0.08503813359792115,0.0330311581492424
1,0,1.0,0.9248340421209539,0.9849358201026917
0,0,1.0,0.002734982124355044,0.005946067161858082
1,0,1.0,0.9997837244933117,0.9939993619918823
0,0,1.0,0.0014530824087869117,0.004610897973179817
0,0,1.0,0.012377225810274358,0.0026221938896924257
0,0,1.0,0.0005845844951006328,0.007660729344934225
0,0,1.0,0.0008775516815038849,0.003046144498512149
0,0,1.0,0.002883818699481948,0.007113567087799311
0,0,1.0,0.007085972811834839,0.009003594517707825
0,0,1.0,0.0001944361307840918,0.003771177725866437
1,0,1.0,0.998077986270021,0.9975661039352417
0,0,1.0,0.0044015217905025595,0.005024652928113937
0,0,1.0,0.003818179726935124,0.0031150823924690485
0,0,1.0,0.000175272074793501,0.0038306363858282566
0,0,1.0,0.06117528152507117,0.031131768599152565
1,0,1.0,0.9988357372957603,0.9953572154045105
0,0,1.0,0.011484547118039281,0.004136017989367247
0,0,1.0,0.0008479904559954067,0.0031146190594881773
1,0,1.0,0.9992734031405818,0.9960309863090515
0,0,1.0,0.020378475371639122,0.005763051565736532
1,0,1.0,0.9934758548759043,0.9934480786323547
0,0,1.0,0.009114120592361415,0.0037770045455545187
0,0,1.0,0.0011333321327498082,0.003795362776145339
0,0,1.0,0.027107345179035777,0.0018638186156749725
0,0,1.0,0.0012369490026178202,0.004787611309438944
0,0,1.0,8.689489337410753e-05,0.0030619376339018345
0,0,1.0,0.01332156379103289,0.0030886391177773476
1,0,1.0,0.763217040885983,0.9935194849967957
1,0,1.0,0.992863069724506,0.9976959824562073
1,0,1.0,0.9991982327430128,0.9939886331558228
0,0,1.0,0.003305547459444446,0.004974211100488901
0,0,1.0,0.006463870940166781,0.015167138539254665
1,0,1.0,0.9987200561979797,0.9944962859153748
0,0,1.0,0.003700498757420562,0.03666234016418457
1,0,1.0,0.9996197324985204,0.9939059615135193
1,0,1.0,0.9965795165055947,0.9925066828727722
0,0,1.0,0.009729710799295,0.002978069242089987
0,0,1.0,0.0020943063675747985,0.003974032122641802
0,0,1.0,0.01724313166284992,0.0032334125135093927
0,0,1.0,0.0006523689446848209,0.00458016199991107
1,0,1.0,0.9998089976051197,0.9976617097854614
0,0,1.0,0.0002518571687427154,0.0019075486343353987
0,0,1.0,0.0002974593575289134,0.0055643050000071526
0,0,1.0,0.002367656548830462,0.02332322485744953
1,0,1.0,0.9997541250582014,0.9961574673652649
0,0,1.0,0.0002841907342695501,0.001930788392201066
0,0,1.0,0.0045831761650295295,0.005271242465823889
0,0,1.0,0.06948194958630058,0.0035750281531363726
0,0,1.0,0.0011183457754367512,0.006993105635046959
0,0,1.0,0.024376702779846767,0.00590263307094574
0,0,1.0,0.0006211900792742719,0.0041343290358781815
0,0,1.0,0.00025764683959504935,0.0030979556031525135
0,0,1.0,0.2614074909843569,0.36917224526405334
0,0,1.0,0.0003783402747398998,0.004609834868460894
0,0,1.0,0.001992381210988872,0.0037358656991273165
1,0,1.0,0.9998860578990652,0.996052086353302
0,0,1.0,0.01380560840572864,0.001809933572076261
1,0,1.0,0.9996005084696498,0.9950215816497803
1,0,1.0,0.9824660309287917,0.9754673838615417
0,0,1.0,0.000539601378927373,0.004057924263179302
0,0,1.0,0.044444081275453365,0.0045408690348267555
0,0,1.0,0.006817774372039818,0.003896387992426753
1,0,1.0,0.9999136050378721,0.995236337184906
0,0,1.0,0.0004643290334736979,0.0045233252458274364
0,0,1.0,0.000594574900462353,0.0037742643617093563
1,0,1.0,0.7373879287807705,0.05309083312749863
0,0,1.0,0.013825829247215985,0.0058743953704833984
0,0,1.0,0.03858506674284604,0.003433333244174719
1,0,1.0,0.9852495861168692,0.9914434552192688
0,0,1.0,0.0010285040097968376,0.0037729088217020035
0,0,1.0,0.0004311403882451914,0.005592276342213154
0,0,1.0,0.0006810345120520391,0.006165867671370506
1,0,1.0,0.9895439175146692,0.9797311425209045
1,0,1.0,0.9999307493995313,0.995762825012207
0,0,1.0,0.2827694905889581,0.30894050002098083
0,0,1.0,0.0006239119587034302,0.003189567942172289
0,0,1.0,0.035758557620177815,0.01934574730694294
0,0,1.0,0.018457459253240893,0.04162054881453514
0,0,1.0,0.00020460023736494293,0.002068571513518691
1,0,1.0,0.9999815947533869,0.9960250854492188
0,0,1.0,0.0005559027221869033,0.0045871613547205925
0,0,1.0,0.00018662395100923088,0.003066333709284663
0,0,1.0,0.0004886435882208549,0.003140142187476158
1,0,1.0,0.9980355658209975,0.997724711894989
0,0,1.0,0.0005393801257770134,0.0019473518477752805
0,0,1.0,0.0038607355609699577,0.018011992797255516
0,0,1.0,0.010452091902985313,0.14523950219154358
0,0,1.0,0.11902352424806359,0.014507920481264591
1,0,1.0,0.9872815577942574,0.848779022693634
1,0,1.0,0.9978861062578267,0.9943453073501587
1,0,1.0,0.7004852265005467,0.9615662693977356
0,0,1.0,0.0013204727394465327,0.03808571770787239
1,0,1.0,0.99616654902868,0.984751284122467
1,0,1.0,0.99961602968093,0.9958966970443726
0,0,1.0,0.004342430651338728,0.003130426863208413
1,0,1.0,0.9889437921050125,0.995924711227417
0,0,1.0,0.001327920290220362,0.00579910259693861
0,0,1.0,0.024144686214202956,0.04522872716188431
0,0,1.0,0.003015412354596255,0.005144311580806971
1,0,1.0,0.27166699859079646,0.48211875557899475
0,0,1.0,0.0016034548573745507,0.0030670161359012127
0,0,1.0,0.005037738994012429,0.006277542561292648
0,0,1.0,0.0015063463597751597,0.0038546565920114517
1,0,1.0,0.9993362732457224,0.9958277344703674
0,0,1.0,0.004159770737063571,0.0030192809645086527
1,0,1.0,0.9919123700415805,0.9874640703201294
1,0,1.0,0.9990809816461894,0.9961938858032227
0,0,1.0,0.0010743936115505072,0.005668295547366142
0,0,1.0,0.0006683430839475321,0.00661908183246851
0,0,1.0,0.08619193245761632,0.023225456476211548
0,0,1.0,0.010707030328625132,0.01265109982341528
0,0,1.0,0.002505847698859746,0.003860378870740533
0,0,1.0,0.10380866028876343,0.008497824892401695
0,0,1.0,0.02061976858712246,0.010563867166638374
1,0,1.0,0.9999026002132548,0.9964272379875183
1,0,1.0,0.9807322853426277,0.9581217765808105
1,0,1.0,0.9995924236625194,0.9962403774261475
0,0,1.0,0.0014383987532425205,0.0038684720639139414
1,0,1.0,0.9997486387818175,0.9977186918258667
1,0,1.0,0.9996816963954334,0.9929002523422241
1,0,1.0,0.9998460979082802,0.9959617257118225
0,0,1.0,0.009254558522670294,0.24659571051597595
1,0,1.0,0.9998693762405266,0.9962469935417175
0,0,1.0,0.01768423897655028,0.00960079301148653
0,0,1.0,0.027423318452980166,0.010955442674458027
1,0,1.0,0.44256549436219833,0.8838891386985779
0,0,1.0,0.0006050789641395738,0.001939109992235899
0,0,1.0,0.0013810188232632234,0.0018206968670710921
0,0,1.0,0.0004154295373293326,0.005619782954454422
0,0,1.0,0.0017769169975803928,0.0038314987905323505
1,0,1.0,0.99760602023361,0.9932373762130737
0,0,1.0,0.0014223901820755271,0.0018479297868907452
1,0,1.0,0.9988101981834757,0.9956855773925781
1,0,1.0,0.9948860408649292,0.9957334399223328
0,0,1.0,0.0036722057439207527,0.0035528854932636023
0,0,1.0,0.0002899963577889879,0.004653656389564276
1,0,1.0,0.9979656411793163,0.9976587295532227
0,0,1.0,0.010898677577764209,0.0019071064889431
0,0,1.0,0.0006680869497353898,0.004029188770800829
1,0,1.0,0.9342721058113542,0.9871066212654114
0,0,1.0,0.0010242046327718366,0.005855218041688204
0,0,1.0,0.0024954495987314666,0.0037762150168418884
0,0,1.0,0.002631990232066108,0.04131674766540527
0,0,1.0,0.0026836041593989186,0.005736582912504673
1,0,1.0,0.9993900174754248,0.9910256266593933
0,0,1.0,0.0011229988811507351,0.003842598758637905
0,0,1.0,0.005263839202597124,0.006354971323162317
1,0,1.0,0.9948915870375286,0.9934054613113403
0,0,1.0,0.002344032640781734,0.005252387374639511
0,0,1.0,0.0007943703384310052,0.011015720665454865
0,0,1.0,0.1974456562209042,0.9464982748031616
0,0,1.0,0.00036494215713489146,0.0031068867538124323
0,0,1.0,0.0018826154306783238,0.004972408059984446
0,0,1.0,0.004520524196961024,0.005798621568828821
0,0,1.0,0.007790259779185875,0.007894285023212433
0,0,1.0,0.00019089751459960158,0.004171133507043123
1,0,1.0,0.6646075935776512,0.7223889827728271
0,0,1.0,0.028904285978692944,0.01647576130926609
0,0,1.0,0.0005403724908708332,0.005657855421304703
1,0,1.0,0.8696118139614453,0.9961774349212646
0,0,1.0,0.0005883540898021977,0.003184820059686899
0,0,1.0,0.021831166326261944,0.006500662304461002
1,0,1.0,0.9999589264951861,0.9949228167533875
0,0,1.0,0.000584472429491643,0.009266612119972706
0,0,1.0,0.02266168448049004,0.0019100650679320097
0,0,1.0,0.0005169758275966884,0.0033121362794190645
1,0,1.0,0.996405087063621,0.9959553480148315
0,0,1.0,0.0055286824828836385,0.0018109780503436923
0,0,1.0,0.0022143892509889976,0.0045958044938743114
1,0,1.0,0.9748603190348424,0.9940544962882996
0,0,1.0,0.0005509528491093531,0.004011104349046946
0,0,1.0,0.005522797039113245,0.001864748541265726
0,0,1.0,0.0016059458242044205,0.004652755334973335
0,0,1.0,0.0005319475849728228,0.004926085472106934
0,0,1.0,0.001000256607760078,0.004671412520110607
0,0,1.0,0.008391719563105995,0.005882401019334793
0,0,1.0,0.013641137502443328,0.7101463675498962
0,0,1.0,0.0003546173721008492,0.00458291731774807
0,0,1.0,0.0027125503089058148,0.12670136988162994
1,0,1.0,0.9489097227347749,0.9858343005180359
1,0,1.0,0.9961902639819596,0.9849697351455688
0,0,1.0,0.0007260434712674819,0.0032690183725208044
0,0,1.0,0.0024617962984026355,0.0018170393304899335
0,0,1.0,0.009957634488386687,0.012474271468818188
1,0,1.0,0.999855120006781,0.9952697157859802
0,0,1.0,5.59795097455329e-05,0.0031660706736147404
0,0,1.0,0.24498295206820173,0.7643316388130188
1,0,1.0,0.9997824477930873,0.9977082014083862
0,0,1.0,0.001360563155158957,0.00341880414634943
1,0,1.0,0.8395661461041507,0.7456691861152649
0,0,1.0,8.37452869463377e-05,0.0046482328325510025
1,0,1.0,0.9999278659010721,0.9959868788719177
0,0,1.0,0.0007123738121735411,0.00559989782050252
0,0,1.0,0.03789285396286994,0.03671318665146828
1,0,1.0,0.9992964548664057,0.9964407086372375
1,0,1.0,0.9688325156585808,0.9939329028129578
1,0,1.0,0.9975757334939277,0.9907559752464294
0,0,1.0,0.00042316017819635866,0.004964322317391634
0,0,1.0,0.04739180447044149,0.003206126391887665
0,0,1.0,0.0012711259414675239,0.004326127469539642
0,0,1.0,0.014632839954475625,0.00563823664560914
0,0,1.0,0.00023286329115258626,0.002608807059004903
1,0,1.0,0.9932493924579973,0.9841804504394531
0,0,1.0,0.0840934038249501,0.002110257977619767
0,0,1.0,0.025730671471279956,0.002194436499848962
1,0,1.0,0.9992363176449991,0.9962964653968811
0,0,1.0,0.0005886023914086321,0.0037751120980829
1,0,1.0,0.8517386215471732,0.9908917546272278
1,0,1.0,0.9833487133853472,0.8592799305915833
0,0,1.0,0.0005642297571311085,0.005127974785864353
0,0,1.0,0.0008494387447583059,0.007298233453184366
0,0,1.0,0.00034130544928928294,0.0037734645884484053
0,0,1.0,0.007896186272034367,0.004612857475876808
0,0,1.0,0.002109690494842296,0.001917059300467372
0,0,1.0,0.0019000711847074693,0.0038164639845490456
1,0,1.0,0.9964560125558641,0.9976972937583923
0,0,1.0,0.013438850359869886,0.011976024135947227
0,0,1.0,0.0009022114029742747,0.001861712196841836
1,0,1.0,0.9980039103946653,0.9950801134109497
0,0,1.0,0.012933154016990942,0.006736972834914923
0,0,1.0,0.0014064535696139107,0.002025844994932413
0,0,1.0,0.00234453128865018,0.21862132847309113
0,0,1.0,0.013417628010400019,0.005134349688887596
0,0,1.0,0.002235044351856975,0.012107501737773418
0,0,1.0,0.0015765118122205502,0.0045725442469120026
0,0,1.0,0.007652580586870167,0.005853627808392048
0,0,1.0,0.00914438610440648,0.0046197837218642235
0,0,1.0,0.027664599371087242,0.0065209390595555305
0,0,1.0,0.0004342846936798884,0.001946817385032773
0,0,1.0,0.006842090714306551,0.007537022233009338
0,0,1.0,0.000399195444602041,0.0040507847443223
0,0,1.0,0.005380535182385009,0.012352977879345417
0,0,1.0,0.4745785792665364,0.99268639087677
1,0,1.0,0.9036435682872753,0.9804040789604187
0,0,1.0,0.0019415909269200997,0.004803698975592852
0,0,1.0,0.00036385046530876643,0.004735155031085014
0,0,1.0,0.0019581720765191562,0.003766437293961644
1,0,1.0,0.9999244681668602,0.9958998560905457
0,0,1.0,0.00815110053051893,0.0019272491335868835
1,0,1.0,0.9790888145818283,0.96466064453125
1,0,1.0,0.992727720319071,0.9830070734024048
0,0,1.0,0.001336425089812929,0.006490747444331646
0,0,1.0,0.0032333909195647065,0.0046599204652011395
0,0,1.0,0.0002298005440555623,0.0037373853847384453
0,0,1.0,0.12793626067437783,0.7654202580451965
0,0,1.0,0.00493470630819882,0.0051880343817174435
1,0,1.0,0.9193514764953667,0.4642607271671295
0,0,1.0,0.009382982537797143,0.014560448937118053
0,0,1.0,0.11330831464210392,0.014491337351500988
0,0,1.0,0.00999113937538754,0.007114537060260773
0,0,1.0,0.013804847192444939,0.009957198053598404
1,0,1.0,0.9995715860102894,0.995745837688446
0,0,1.0,0.011840591869633876,0.01450038980692625
0,0,1.0,0.3571154326615661,0.001800478552468121
0,0,1.0,0.006970284453378654,0.006175637245178223
0,0,1.0,0.18849704618989635,0.10859806835651398
0,0,1.0,0.0008924154508501575,0.003077058820053935
0,0,1.0,0.0007654242072882047,0.001998686231672764
0,0,1.0,0.008509734986463825,0.004438145086169243
0,0,1.0,0.15414751361172052,0.08364927768707275
0,0,1.0,0.0016543823015354958,0.0055895010009408
0,0,1.0,0.0026027227061094908,0.008446093648672104
0,0,1.0,0.00038854348645189947,0.0019589969888329506
1,0,1.0,0.9997537242360596,0.9959348440170288
0,0,1.0,0.0014704835891735056,0.0019818264991045
0,0,1.0,0.0010400052795132661,0.003746212460100651
0,0,1.0,0.36908637397256516,0.04412825033068657
1,0,1.0,0.9962908903939056,0.9945132732391357
0,0,1.0,0.14048391252162215,0.029324261471629143
0,0,1.0,0.0022642650901191523,0.01522395946085453
0,0,1.0,9.09191509564336e-05,0.005602734163403511
0,0,1.0,0.000996456101491431,0.001760247745551169
1,0,1.0,0.9952988995705218,0.9971350431442261
0,0,1.0,0.00022159096356279566,0.0019363878527656198
0,0,1.0,0.0007721442438295984,0.003185804234817624
0,0,1.0,0.0015263169375561193,0.0038451473228633404
1,0,1.0,0.9977967453892799,0.9947026371955872
0,0,1.0,0.0017164098188901008,0.008323253132402897
0,0,1.0,0.00043282752633611683,0.004016127437353134
0,0,1.0,0.0018024384827699975,0.0018716787453740835
0,0,1.0,0.0015743728117174182,0.005598383955657482
0,0,1.0,0.022555410165701697,0.007442882284522057
0,0,1.0,0.0006698787434825528,0.0030689043924212456
1,0,1.0,0.9997161012774068,0.9964297413825989
0,0,1.0,0.0006392941606423714,0.003108000848442316
0,0,1.0,0.0013999622572216492,0.003006656188517809
0,0,1.0,0.0061675966526096564,0.003938681446015835
0,0,1.0,0.04681184215721255,0.008956262841820717
1,0,1.0,0.9998652598728387,0.9870771169662476
0,0,1.0,0.005218325153913243,0.003037920454517007
0,0,1.0,0.0006214303841427207,0.0018549134256318212
1,0,1.0,0.9983273136961529,0.9949648380279541
1,0,1.0,0.9785885719960654,0.9941896200180054
1,0,1.0,0.9432882064011402,0.9764947891235352
0,0,1.0,0.002009322684921776,0.0018004149897024035
0,0,1.0,0.16427828538437744,0.0021556385327130556
1,0,1.0,0.9965337715489743,0.9950418472290039
1,0,1.0,0.9858946799397303,0.9716408848762512
1,0,1.0,0.9998760344890304,0.9960959553718567
1,0,1.0,0.999974730190512,0.9938257932662964
0,0,1.0,0.004336336519756301,0.00921689160168171
0,0,1.0,0.009543751039498068,0.028651854023337364
1,0,1.0,0.9993576217902762,0.9958354234695435
0,0,1.0,0.00021292345175168335,0.0046624066308140755
0,0,1.0,0.008032705023348883,0.0020608825143426657
0,0,1.0,0.0007573758682848224,0.0022960277274250984
0,0,1.0,0.02336859019321885,0.1988409459590912
0,0,1.0,0.0009925346506556795,0.005563125479966402
0,0,1.0,0.0018631680228873876,0.003952862694859505
0,0,1.0,0.0009211412833267424,0.004735314752906561
0,0,1.0,0.003006132480188241,0.006223413161933422
0,0,1.0,0.0005445141356612984,0.0019204801646992564
0,0,1.0,0.0007260083965006443,0.003513825125992298
0,0,1.0,0.007021806358359676,0.001909494400024414
0,0,1.0,0.0006577976816952504,0.005152163095772266
0,0,1.0,0.020266522980553748,0.008242218755185604
0,0,1.0,0.015562357151096455,0.04180559143424034
0,0,1.0,0.0006574661366022655,0.004183463752269745
0,0,1.0,0.0018601489840614914,0.0055567375384271145
0,0,1.0,0.001209011305588064,0.0054179043509066105
0,0,1.0,0.0017799372674658898,0.0036544848699122667
0,0,1.0,0.00048823498698338016,0.00373837910592556
1,0,1.0,0.9862987737305943,0.9975196719169617
0,0,1.0,0.04493985248601554,0.018297400325536728
0,0,1.0,0.003929971754552337,0.0018261481309309602
0,0,1.0,0.0005231873339038317,0.0038206144236028194
0,0,1.0,0.0027338883422635303,0.00341599783860147
0,0,1.0,0.0018209321996039893,0.00594185758382082
1,0,1.0,0.5323802613281086,0.10937464237213135
0,0,1.0,0.0005349889750475668,0.005454738158732653
0,0,1.0,0.0011587497611785123,0.005727799609303474
0,0,1.0,0.3887887979375253,0.016630802303552628
1,0,1.0,0.9998324235539227,0.9963460564613342
1,0,1.0,0.9887775766801943,0.4506383240222931
0,0,1.0,0.0007015990375882662,0.0037506709340959787
1,0,1.0,0.8831007367975284,0.7634121775627136
1,0,1.0,0.9987514438279693,0.9880732893943787
1,0,1.0,0.9328787173526797,0.14977271854877472
0,0,1.0,0.0031364614851191338,0.006797370500862598
1,0,1.0,0.999746799987852,0.9942231774330139
0,0,1.0,0.0021740509920303067,0.0031674406491219997
0,0,1.0,0.000685589092499076,0.0018001768039539456
0,0,1.0,0.002128688758412697,0.0037973986472934484
0,0,1.0,0.0005558131995263405,0.0019365784246474504
0,0,1.0,0.0006340006999907182,0.0019993598107248545
0,0,1.0,0.0013044495297299663,0.0030759007204324007
0,0,1.0,0.00044633535986479184,0.0017854245379567146
1,0,1.0,0.9998330240451837,0.9961919784545898
1,0,1.0,0.9980019394816159,0.9943194389343262
0,0,1.0,0.0006948653076607892,0.0018613082356750965
0,0,1.0,0.002367491254088532,0.006535539869219065
1,0,1.0,0.9996406396003307,0.9945255517959595
0,0,1.0,0.003002769003219668,0.015154502354562283
1,0,1.0,0.9958189087078675,0.9954391121864319
1,0,1.0,0.8388809645371926,0.6169425249099731
0,0,1.0,0.0032725056226717035,0.002067813416942954
1,0,1.0,0.9999705843079291,0.995848536491394
1,0,1.0,0.9984188019456361,0.9970316886901855
0,0,1.0,0.05909303574064669,0.005928166210651398
0,0,1.0,0.00020670039393352923,0.005584465339779854
0,0,1.0,0.0007529377013866921,0.006268464494496584
0,0,1.0,0.2634204071344522,0.006185874342918396
0,0,1.0,0.005444242093452346,0.008798475377261639
0,0,1.0,0.0022226229139664763,0.003732262644916773
0,0,1.0,0.003861160298218248,0.004093412309885025
0,0,1.0,0.005241708823579869,0.0030748641584068537
0,0,1.0,0.003934946731094978,0.0018546113278716803
1,0,1.0,0.9839921832922937,0.4428166449069977
1,0,1.0,0.996807069386313,0.9897458553314209
1,0,1.0,0.9999335809700455,0.9958736300468445
0,0,1.0,0.08267860631791973,0.11235008388757706
0,0,1.0,0.0015903045838948466,0.006410110741853714
1,0,1.0,0.9696148200319973,0.9914381504058838
1,0,1.0,0.9329263432613012,0.9593290090560913
0,0,1.0,0.0016183044547032873,0.04482491314411163
1,0,1.0,0.9996472069953104,0.997707724571228
0,0,1.0,0.0016849208466314745,0.0018052618252113461
0,0,1.0,0.01603599159243578,0.033924996852874756
0,0,1.0,0.0020535273377982164,0.005814061500132084
0,0,1.0,0.006869387716518025,0.017822444438934326
0,0,1.0,0.009143735344024413,0.012431053444743156
1,0,1.0,0.9997108558106972,0.9977104663848877
0,0,1.0,0.0006415165090527316,0.005477183498442173
0,0,1.0,0.008980830109953042,0.1269693225622177
0,0,1.0,0.0072817449725084285,0.008455971255898476
1,0,1.0,0.9998882744338853,0.9957179427146912
1,0,1.0,0.16237517556250344,0.06530782580375671
1,0,1.0,0.9999147255638672,0.9961060881614685
0,0,1.0,0.00040496667333202646,0.004666907247155905
0,0,1.0,0.0008815630779114058,0.00177490571513772
1,0,1.0,0.9960715042412838,0.9578008055686951
0,0,1.0,0.003274999649659407,0.0021221276838332415
1,0,1.0,0.9169959253699331,0.9903339743614197
0,0,1.0,6.982440111656233e-05,0.0020718281157314777
0,0,1.0,0.006395579546819708,0.0038286151830106974
0,0,1.0,0.002114424568672329,0.004669484682381153
0,0,1.0,0.004252676095223117,0.013438910245895386
0,0,1.0,0.18678681071276482,0.025093695148825645
1,0,1.0,0.9921579118980175,0.9956228137016296
1,0,1.0,0.9966511817244104,0.9949729442596436
0,0,1.0,0.05100195366463499,0.001987494295462966
0,0,1.0,0.00034606616153036413,0.0032020588405430317
1,0,1.0,0.9998392643026159,0.9829251766204834
0,0,1.0,0.007153268712933617,0.006269002333283424
0,0,1.0,0.0035855231272417833,0.005426127463579178
0,0,1.0,0.0024627107914414023,0.0056298780255019665
0,0,1.0,0.06302956002104874,0.01153282355517149
0,0,1.0,0.015128359641224361,0.03736897185444832
1,0,1.0,0.9992393858512288,0.9955124258995056
0,0,1.0,0.00018704875374190417,0.002252855570986867
0,0,1.0,0.0005879021937472116,0.001880459487438202
0,0,1.0,0.0005537525992662504,0.007837139070034027
0,0,1.0,0.00019909261228416073,0.003974184859544039
1,0,1.0,0.8424319926435245,0.39748430252075195
0,0,1.0,0.000571512027220067,0.004695077892392874
0,0,1.0,0.17022421521586953,0.017277095466852188
0,0,1.0,0.0010963402794575256,0.005727324169129133
0,0,1.0,0.015401450201549668,0.0204103235155344
0,0,1.0,0.0015383720219352913,0.019423285499215126
1,0,1.0,0.9988841403582658,0.9977005124092102
0,0,1.0,0.004877861875936849,0.001966537907719612
0,0,1.0,0.024808284720438254,0.041052624583244324
0,0,1.0,0.004529719514197222,0.025441264733672142
1,0,1.0,0.9997519741053805,0.9976478219032288
0,0,1.0,0.0016019001952706428,0.0037694801576435566
0,0,1.0,0.00012919793887756958,0.004115450661629438
0,0,1.0,0.0007876180007783755,0.0037846090272068977
0,0,1.0,0.0057985769156742905,0.01990397274494171
0,0,1.0,0.001115585743913208,0.0037527030799537897
1,0,1.0,0.9101791247590083,0.9630653262138367
0,0,1.0,0.0007050301162957679,0.0018174906726926565
0,0,1.0,0.00014648117168567214,0.003999702632427216
0,0,1.0,0.0004345866861859985,0.0038532433100044727
0,0,1.0,0.0010450090241945085,0.003041171468794346
0,0,1.0,0.0010301985011702069,0.003229711204767227
0,0,1.0,6.123478861355893e-05,0.00478861341252923
0,0,1.0,0.005643233847418939,0.016090255230665207
0,0,1.0,0.00046359951950224643,0.0018463929882273078
1,0,1.0,0.9990876887905001,0.9963653087615967
0,0,1.0,0.020159527655216156,0.04602460563182831
1,0,1.0,0.997473774313384,0.9959321618080139
0,0,1.0,0.0009942296444810218,0.0045579345896840096
0,0,1.0,0.014219857539062547,0.008582242764532566
0,0,1.0,0.0007176869877458233,0.005571227055042982
1,0,1.0,0.7138442908739232,0.5609256029129028
1,0,1.0,0.8729828159991734,0.055129535496234894
0,0,1.0,0.0002071295498309712,0.004632261116057634
1,0,1.0,0.9987301489036775,0.991710364818573
0,0,1.0,0.01949882959482552,0.09760033339262009
0,0,1.0,0.0011828941311514088,0.001799705671146512
0,0,1.0,0.008487321470002956,0.0018936762353405356
0,0,1.0,0.00026529758128019255,0.0037685311399400234
0,0,1.0,0.0004187615896758679,0.004550723358988762
0,0,1.0,0.009345541055358354,0.009525696747004986
0,0,1.0,0.0540926277942633,0.013535300269722939
0,0,1.0,0.0007378963651282457,0.007219959050416946
1,0,1.0,0.9858357762553648,0.9931332468986511
0,0,1.0,0.0013440559445087978,0.003837611759081483
0,0,1.0,0.0002871131554958444,0.005849497392773628
0,0,1.0,0.0045451412254947825,0.0039292494766414165
1,0,1.0,0.9979893788366679,0.9824190139770508
0,0,1.0,0.01748056632810662,0.1792980134487152
0,0,1.0,0.00010152458580813088,0.003917892929166555
0,0,1.0,0.0045791590959875905,0.0032747669611126184
0,0,1.0,0.001136676609715969,0.004596727434545755
0,0,1.0,0.0011666778459405649,0.001957603730261326
1,0,1.0,0.9867946170645797,0.9846256971359253
0,0,1.0,0.00043930158822887605,0.003920223098248243
0,0,1.0,0.0009387048970772805,0.003727377625182271
0,0,1.0,0.0015558566792833895,0.0017766637029126287
0,0,1.0,0.004215774803145084,0.004571663215756416
0,0,1.0,0.007385381691433061,0.011204139329493046
0,0,1.0,0.05691130984774968,0.00445365346968174
0,0,1.0,0.002567091252170313,0.004598584491759539
0,0,1.0,0.2581077552902993,0.22747167944908142
0,0,1.0,0.0005195805743356654,0.004557941574603319
1,0,1.0,0.9995380846518898,0.9830469489097595
0,0,1.0,0.018133424335642467,0.006061965133994818
0,0,1.0,0.0019938607532196343,0.00487062893807888
0,0,1.0,0.21052348329210835,0.004801670555025339
1,0,1.0,0.652392531350764,0.9971278309822083
0,0,1.0,0.003412190837283734,0.0030054557137191296
1,0,1.0,0.9070153765356967,0.9825333952903748
1,0,1.0,0.9959211269556839,0.9757997393608093
0,0,1.0,0.0002333179646342564,0.0018999142339453101
0,0,1.0,0.0024615293616588505,0.018358897417783737
0,0,1.0,0.0010088573031159622,0.0042427899315953255
0,0,1.0,0.0012344084546813236,0.0019064159132540226
0,0,1.0,0.005108541652256026,0.003073297208175063
0,0,1.0,0.019644363847848983,0.003920288290828466
0,0,1.0,0.0009045505174009071,0.0035174917429685593
0,0,1.0,0.029722219108644893,0.26138070225715637
0,0,1.0,0.00023961801675503845,0.0018797223456203938
0,0,1.0,0.002201238900736102,0.08006613701581955
0,0,1.0,5.273637205474298e-05,0.0055613270960748196
1,0,1.0,0.9999758988532131,0.9959742426872253
0,0,1.0,0.0009176072506285695,0.00387931359000504
0,0,1.0,0.0007430283186152119,0.007995771244168282
0,0,1.0,0.03407274118263166,0.11028789728879929
0,0,1.0,0.0012122065584309887,0.0038877271581441164
0,0,1.0,0.00017556492698188238,0.00200062757357955
0,0,1.0,0.00044229667500337905,0.00551935750991106
0,0,1.0,0.0004303086687547051,0.004940518643707037
0,0,1.0,0.0011100743565736059,0.0032053235918283463
0,0,1.0,0.0010103261179867414,0.004053482785820961
1,0,1.0,0.7826261008887193,0.0587262324988842
0,0,1.0,0.0031411571213744195,0.0035543106496334076
0,0,1.0,0.0007069333491063605,0.004722796380519867
0,0,1.0,0.007824031772937008,0.006559981033205986
0,0,1.0,0.0008470710566394101,0.003931134939193726
0,0,1.0,0.02424687156373779,0.06012459099292755
1,0,1.0,0.9995856397068984,0.9962320923805237
1,0,1.0,0.9990576607658729,0.9771999716758728
0,0,1.0,0.03809621942720485,0.007105290424078703
0,0,1.0,0.008811523205238113,0.0018132318509742618
0,0,1.0,0.0016254596758164862,0.003110103774815798
0,0,1.0,0.0007625524671806706,0.003186821937561035
0,0,1.0,0.006332292381920173,0.004848898854106665
1,0,1.0,0.9996397351533015,0.9951143264770508
0,0,1.0,0.0009635856068549558,0.003873900044709444
0,0,1.0,0.013814819265556267,0.05373603478074074
1,0,1.0,0.9828796695386344,0.9958752989768982
0,0,1.0,0.0008667233957426292,0.00576428696513176
1,0,1.0,0.9995271378691091,0.9960895776748657
0,0,1.0,0.0006780852891528917,0.0017696400173008442
0,0,1.0,0.0019143670335414482,0.007137191016227007
0,0,1.0,0.01446755200907954,0.009707371704280376
0,0,1.0,0.01537647480774671,0.007515911012887955
0,0,1.0,0.0010560357801793303,0.0033328228164464235
0,0,1.0,6.0351249649780305e-05,0.004849264398217201
0,0,1.0,0.0009618323100745001,0.0030251932330429554
0,0,1.0,0.010005665734620521,0.012645682319998741
0,0,1.0,0.12729357060288218,0.1676200032234192
0,0,1.0,0.001621193498867706,0.009581189602613449
1,0,1.0,0.9949348006735929,0.9953552484512329
0,0,1.0,0.0007381928318132779,0.004915251862257719
1,0,1.0,0.919981975068682,0.9970219731330872
0,0,1.0,0.002806632025678058,0.0031052036210894585
0,0,1.0,0.008152965440921976,0.003031166037544608
0,0,1.0,0.00021005645452026013,0.0030643490608781576
1,0,1.0,0.9999531492920031,0.9939224123954773
0,0,1.0,0.004723370901115417,0.0037849307991564274
0,0,1.0,0.0032382646460079666,0.005622853524982929
0,0,1.0,0.1961323653447643,0.011514480225741863
0,0,1.0,0.003146371243174695,0.004526997916400433
0,0,1.0,0.02253604074330932,0.0107948686927557
0,0,1.0,0.000263026242061273,0.0019732399377971888
0,0,1.0,0.0007272158113511981,0.014804638922214508
0,0,1.0,0.017668841094473784,0.8319928646087646
1,0,1.0,0.3818381642013962,0.8062857389450073
0,0,1.0,0.010372589508695651,0.007114574778825045
1,0,1.0,0.9997501956070428,0.9942177534103394
0,0,1.0,0.020449431462589044,0.001858749776147306
1,0,1.0,0.9956177189031891,0.9956861734390259
0,0,1.0,0.0007596478464686024,0.005550293251872063
0,0,1.0,0.0034849515084930355,0.003767573507502675
0,0,1.0,0.017681067464420372,0.842546284198761
0,0,1.0,0.0004894819023104771,0.004657430574297905
0,0,1.0,0.05348262269139147,0.8686975240707397
0,0,1.0,0.0006283564859711081,0.003724202513694763
0,0,1.0,0.0026487301953660894,0.0021369541063904762
0,0,1.0,0.00026605018494326203,0.006237716879695654
0,0,1.0,0.006426934803999912,0.00558216730132699
0,0,1.0,0.0012626137315878486,0.0030503873713314533
0,0,1.0,0.0006691970083217883,0.0037557545583695173
1,0,1.0,0.9942752824113353,0.9929251670837402
1,0,1.0,0.9997101242514331,0.9960922598838806
0,0,1.0,0.0007426198949530312,0.002123927930369973
0,0,1.0,0.00020665796318382367,0.0030778252985328436
0,0,1.0,0.0014400939007185509,0.003843668382614851
0,0,1.0,0.0020562612324285796,0.0018580935429781675
1,0,1.0,0.995883053781647,0.9842914342880249
0,0,1.0,0.06737923085928922,0.022275270894169807
0,0,1.0,0.0052074217160152396,0.0057555618695914745
1,0,1.0,0.9961346651588585,0.9756466746330261
0,0,1.0,0.0008971428861457807,0.005983905866742134
0,0,1.0,0.0003861603895977433,0.0017960977274924517
0,0,1.0,0.11594785440528738,0.38935455679893494
0,0,1.0,0.00021064013048711328,0.005470605567097664
0,0,1.0,0.000347404686576272,0.005760997533798218
0,0,1.0,0.0007514349867928381,0.0035825944505631924
0,0,1.0,0.00047230024814834263,0.002246021293103695
1,0,1.0,0.9991329970785006,0.9656192660331726
0,0,1.0,0.11196129910981054,0.770622193813324
0,0,1.0,0.0041129337589835835,0.0022715511731803417
0,0,1.0,0.0019798778980632714,0.0043257600627839565
0,0,1.0,0.01756548089519048,0.0039900983683764935
0,0,1.0,0.004947079799912468,0.0047736093401908875
0,0,1.0,0.0003208900139473598,0.004669045563787222
0,0,1.0,0.0033290612395691674,0.0033038745168596506
1,0,1.0,0.986902591492285,0.9953599572181702
0,0,1.0,0.005050658538660548,0.006405435036867857
1,0,1.0,0.9999608084023239,0.9960609078407288
0,0,1.0,0.0007522578190848716,0.0030901222489774227
0,0,1.0,0.0006383717386459714,0.0038279006257653236
1,0,1.0,0.9946321680729846,0.9935617446899414
0,0,1.0,0.0007769317398890298,0.0053496104665100574
1,0,1.0,0.9994661546886576,0.9955915212631226
0,0,1.0,0.005335312154637818,0.001934851985424757
0,0,1.0,0.0005594798909546516,0.0050279912538826466
0,0,1.0,0.000774226054464109,0.0030968482606112957
0,0,1.0,0.0011377143896817486,0.0037266321014612913
0,0,1.0,0.007208861007238563,0.01879921928048134
0,0,1.0,0.01054391663730816,0.005884604528546333
0,0,1.0,0.01044343330615547,0.004702702164649963
0,0,1.0,0.00038476792649506686,0.0037398661952465773
1,0,1.0,0.8421439666711706,0.3994751274585724
0,0,1.0,0.011637499154158305,0.005338331684470177
0,0,1.0,0.0014128299065986661,0.005031351465731859
0,0,1.0,0.005085359498434575,0.005503487307578325
0,0,1.0,0.008214350300154116,0.009269673377275467
0,0,1.0,0.005562669100484714,0.005623314995318651
0,0,1.0,0.01345493770701823,0.0035489678848534822
0,0,1.0,0.0007990234746679712,0.0059280251152813435
0,0,1.0,0.0037207270091148582,0.003968294709920883
1,0,1.0,0.9968133744154367,0.9075791835784912
0,0,1.0,0.006930812833410099,0.00835752859711647
1,0,1.0,0.9563787998508805,0.8742859959602356
0,0,1.0,0.0003235599292585117,0.005599313415586948
0,0,1.0,0.0006694324289695959,0.004837703891098499
0,0,1.0,0.0013243008238640998,0.0019112288719043136
1,0,1.0,0.410869324303247,0.9657428860664368
0,0,1.0,0.0015995158994874703,0.00605040043592453
0,0,1.0,0.016522547270294882,0.019643554463982582
0,0,1.0,0.0032587207922581936,0.004937727469950914
1,0,1.0,0.9991550839795175,0.9859058856964111
0,0,1.0,0.0005319144295368573,0.0030189952813088894
0,0,1.0,0.0003283513086737931,0.002014246303588152
0,0,1.0,0.0001431565432610068,0.0032756018918007612
0,0,1.0,0.0021096977549327103,0.00693933479487896
0,0,1.0,0.0023709870846780885,0.0021043620072305202
0,0,1.0,0.004868149001884613,0.0038029856514185667
0,0,1.0,0.0003486025207165317,0.00318093947134912
0,0,1.0,0.0015970772531537071,0.003958297893404961
0,0,1.0,0.0017195138990418989,0.003161856671795249
0,0,1.0,0.0011456407067634016,0.0029959208332002163
1,0,1.0,0.9906258692927253,0.8387243151664734
1,0,1.0,0.9508667304919678,0.9425261616706848
1,0,1.0,0.43669155902391205,0.9411141872406006
0,0,1.0,0.0002961395014112552,0.00561269698664546
0,0,1.0,0.0021818441201965524,0.0018120438326150179
1,0,1.0,0.9987747321444024,0.9961226582527161
0,0,1.0,0.00015457251988857076,0.0030696166213601828
0,0,1.0,0.0726352242672438,0.0051861172541975975
0,0,1.0,0.0016683525383171152,0.001985505223274231
0,0,1.0,0.18187248957927704,0.44256746768951416
0,0,1.0,0.07989619953333388,0.007840219885110855
1,0,1.0,0.9994239467055068,0.9955482482910156
1,0,1.0,0.9925433645689993,0.9950503706932068
0,0,1.0,0.003665708410538344,0.005092567764222622
0,0,1.0,0.0020742100567319997,0.003791587194427848
0,0,1.0,0.0009201330773837521,0.004373347386717796
0,0,1.0,0.32591415621754993,0.9426739811897278
0,0,1.0,0.0003916066015332859,0.004766437690705061
0,0,1.0,0.0007264757315902612,0.003780646715313196
1,0,1.0,0.6772421566555881,0.8853088617324829
1,0,1.0,0.9994466107494963,0.9963849782943726
0,0,1.0,0.010533007284156739,0.0020506498403847218
0,0,1.0,0.00036692784852841454,0.003920521587133408
0,0,1.0,0.0006248455576934301,0.004827565513551235
0,0,1.0,0.001641302269483583,0.0018219513585790992
1,0,1.0,0.9986068552926302,0.9942003488540649
0,0,1.0,0.0014781746814563918,0.003166478592902422
0,0,1.0,0.001454805646037742,0.005570524372160435
1,0,1.0,0.9759914078921837,0.9053545594215393
0,0,1.0,0.0005875798845709644,0.00394568033516407
0,0,1.0,0.14579637832910497,0.002436309587210417
0,0,1.0,0.0012788698250937943,0.0037035723216831684
0,0,1.0,0.0009680810004222731,0.0031064674258232117
0,0,1.0,0.004743724456607259,0.004081061575561762
0,0,1.0,0.00017970695879179768,0.0038224728778004646
0,0,1.0,0.0016029135500251984,0.006037842016667128
0,0,1.0,0.0010422801948400658,0.00374624109826982
0,0,1.0,0.008150806208598463,0.00899698119610548
1,0,1.0,0.9997301616416883,0.9976500868797302
0,0,1.0,0.0005550886301494455,0.0020805972162634134
0,0,1.0,0.0009084308189652959,0.0031632939353585243
0,0,1.0,0.0035946123168617166,0.0038499832153320312
0,0,1.0,0.0014047346536253111,0.0018275079783052206
0,0,1.0,0.007825377164516503,0.0034799601417034864
0,0,1.0,0.03600490361205259,0.0032642160076647997
0,0,1.0,0.01697474814245107,0.013638529926538467
0,0,1.0,0.006641949554309879,0.00395202124491334
0,0,1.0,0.15863910774981596,0.33523863554000854
1,0,1.0,0.7000620866157217,0.6446267366409302
0,0,1.0,0.00013792130101675652,0.0036592395044863224
0,0,1.0,0.029948434617761435,0.005678740795701742
0,0,1.0,0.02509279776354808,0.018743883818387985
1,0,1.0,0.9989544701839252,0.9941906929016113
1,0,1.0,0.9902892357280785,0.9956880211830139
0,0,1.0,0.014336056054643402,0.739163875579834
0,0,1.0,0.007442462542107035,0.003801759099587798
0,0,1.0,0.08911379962501764,0.028022795915603638
0,0,1.0,0.010329594864788398,0.007096542045474052
0,0,1.0,0.03610773200664053,0.08312902599573135
1,0,1.0,0.9992275827903755,0.9962634444236755
1,0,1.0,0.2414583185698158,0.24656613171100616
1,0,1.0,0.9994689907334916,0.9964317083358765
0,0,1.0,0.0026040008562807702,0.0031475871801376343
0,0,1.0,0.001359258434227096,0.0018080781446769834
1,0,1.0,0.9984531003038898,0.9892381429672241
0,0,1.0,0.10122491895387531,0.05049261078238487
0,0,1.0,0.0025642260394901036,0.003744680667296052
0,0,1.0,0.00026718614789183917,0.00472315913066268
0,0,1.0,0.0025244325464858215,0.0017779073677957058
0,0,1.0,0.00046351206680388785,0.0018783861305564642
0,0,1.0,0.0006752047507372244,0.005069193430244923
0,0,1.0,0.0018575506842895184,0.0038407337851822376
0,0,1.0,0.0027078004444142695,0.003944468218833208
1,0,1.0,0.9976229167429881,0.9959930181503296
0,0,1.0,0.006328725213752512,0.006121362559497356
1,0,1.0,0.9962795465788123,0.9918877482414246
0,0,1.0,0.0010599658255262027,0.0030055558308959007
0,0,1.0,0.005811200578003247,0.003526211716234684
0,0,1.0,0.012689739412993886,0.004818898160010576
1,0,1.0,0.9990361002350099,0.9942805767059326
0,0,1.0,0.006939167452378288,0.003978967200964689
0,0,1.0,0.029073367888273933,0.10284676402807236
0,0,1.0,0.001445657594301706,0.0020063079427927732
0,0,1.0,0.0002321499662562499,0.0030055444221943617
0,0,1.0,0.00016687969796415914,0.005663263611495495
1,0,1.0,0.9881500590277996,0.9822209477424622
1,0,1.0,0.9962656046698852,0.996129035949707
1,0,1.0,0.9972338985373829,0.990861177444458
0,0,1.0,0.0021494099636048427,0.0017815688624978065
0,0,1.0,0.0002521625771920656,0.0037077213637530804
0,0,1.0,0.0028241918291836633,0.0037999064661562443
0,0,1.0,0.0003737134314634278,0.0038650890346616507
0,0,1.0,0.004172426458648885,0.1310504972934723
1,0,1.0,0.9949163176735658,0.9933382272720337
0,0,1.0,0.0009468256608025405,0.003083240706473589
0,0,1.0,0.003655949992966742,0.005506565328687429
1,0,1.0,0.8951649350537358,0.7011091113090515
0,0,1.0,0.0004353931790342685,0.0058133858256042
0,0,1.0,0.0020237191160473763,0.0019709733314812183
0,0,1.0,3.5411810699733165e-05,0.003187447553500533
0,0,1.0,0.0003784459163017272,0.0038628368638455868
0,0,1.0,0.09166559696858322,0.007731465622782707
0,0,1.0,0.002316169642170523,0.02650989219546318
1,0,1.0,0.9994751448024849,0.9976277947425842
0,0,1.0,0.004148558975024413,0.004295077174901962
1,0,1.0,0.9909046490402066,0.9796617031097412
0,0,1.0,0.00724029135290993,0.00324014644138515
0,0,1.0,0.006246991763712684,0.006407283712178469
0,0,1.0,0.0015138316269939162,0.0030545899644494057
0,0,1.0,0.00048032164890094575,0.004578173626214266
0,0,1.0,0.010214195071000316,0.0020723743364214897
0,0,1.0,0.0026624014446295237,0.006976977456361055
0,0,1.0,0.0015666965583334919,0.09240644425153732
0,0,1.0,0.004413991919640924,0.002448531799018383
1,0,1.0,0.9997698080541207,0.9953792095184326
0,0,1.0,0.0005415547726706429,0.0037634752225130796
0,0,1.0,0.003504240630624014,0.005761521868407726
0,0,1.0,0.0016809984470173474,0.0018536222632974386
1,0,1.0,0.9997684316637155,0.9956660270690918
0,0,1.0,0.3249575070584195,0.49873772263526917
1,0,1.0,0.9922844855303089,0.9824735522270203
0,0,1.0,0.002919020494828288,0.008489849045872688
0,0,1.0,0.0005952477265622739,0.004931366071105003
0,0,1.0,0.004823959021887762,0.0034354745876044035
0,0,1.0,0.0014496208683048128,0.005377225577831268
0,0,1.0,0.13485753766574043,0.13957151770591736
1,0,1.0,0.9696985810731636,0.9890733361244202
0,0,1.0,0.06404069002035977,0.012332039885222912
0,0,1.0,0.0034481970488270375,0.003807489760220051
1,0,1.0,0.9988101471798964,0.9963610768318176
0,0,1.0,0.04065902567408804,0.00942334532737732
0,0,1.0,0.006607511752563522,0.0032634856179356575
0,0,1.0,0.0015537743699686867,0.0018484190804883838
0,0,1.0,0.00025369875916750865,0.0018620701739564538
0,0,1.0,0.001443909076963905,0.0029897470958530903
0,0,1.0,0.001071090562829697,0.004149355459958315
1,0,1.0,0.9998037179726671,0.9942756295204163
0,0,1.0,0.00021900559288751643,0.0037831098306924105
1,0,1.0,0.9999646294625906,0.9958786964416504
0,0,1.0,0.032977289137393735,0.004932039882987738
0,0,1.0,0.01225667064280957,0.005680970381945372
0,0,1.0,0.0016190169697575044,0.0030421169940382242
0,0,1.0,0.0006905033082261465,0.004739372991025448
0,0,1.0,0.00038918442508333246,0.004313626792281866
0,0,1.0,0.0008309761354254548,0.0020196980331093073
0,0,1.0,0.0006098654347748739,0.007404167205095291
0,0,1.0,0.001203332983034301,0.003062224481254816
0,0,1.0,0.0021049602502591453,0.0018931032391265035
0,0,1.0,0.0011195976268559768,0.0031727340538054705
0,0,1.0,0.0006723602609338816,0.004103717859834433
0,0,1.0,0.002936211927427964,0.003117334097623825
0,0,1.0,0.03981999158033571,0.00399588979780674
0,0,1.0,0.025479287155952234,0.004667953122407198
0,0,1.0,0.008041999197118297,0.01108626089990139
1,0,1.0,0.9932686945531967,0.9938126802444458
0,0,1.0,0.051043755546399436,0.007322396617382765
1,0,1.0,0.9616835869793702,0.9940659999847412
1,0,1.0,0.6784338221947475,0.7063212394714355
0,0,1.0,0.000505603780355653,0.0038913870230317116
0,0,1.0,0.0031970879143529904,0.0021306469570845366
0,0,1.0,0.0003162689590063153,0.00195605237968266
0,0,1.0,0.05276113070821246,0.15832865238189697
0,0,1.0,0.00622017928132778,0.0022436215076595545
0,0,1.0,0.029933013231680173,0.02394367940723896
1,0,1.0,0.9938373507943852,0.9977165460586548
0,0,1.0,0.007849715591745056,0.02249685488641262
0,0,1.0,0.004662077165957427,0.001892982516437769
1,0,1.0,0.9998442285749407,0.9928579330444336
0,0,1.0,0.00571109025959305,0.0023539168760180473
0,0,1.0,0.0004957760594976719,0.004669619724154472
0,0,1.0,0.01894590282871465,0.00973756704479456
1,0,1.0,0.9947428343546713,0.9945223331451416
0,0,1.0,0.00012224145841620534,0.003882978344336152
0,0,1.0,0.0009752759858484099,0.005546457599848509
0,0,1.0,0.03080293203676932,0.007290057837963104
0,0,1.0,0.0004271629559184185,0.0018714008620008826
0,0,1.0,0.00012237782557324926,0.004610615782439709
1,0,1.0,0.9998413829058289,0.9951809644699097
0,0,1.0,0.002450166573458242,0.003165213158354163
1,0,1.0,0.997438017503015,0.9949395656585693
1,0,1.0,0.9981438434275858,0.9942666888237
0,0,1.0,0.00042669171784304524,0.0037502581253647804
0,0,1.0,0.0019783230471780693,0.005117660854011774
1,0,1.0,0.9998865242396131,0.994182288646698
0,0,1.0,0.0024154484705763315,0.003636063076555729
0,0,1.0,0.00010208545955093635,0.004688791465014219
0,0,1.0,0.0025566810391143067,0.06441490352153778
1,0,1.0,0.9999623342371677,0.9976125955581665
0,0,1.0,0.00011574532715338465,0.004925192333757877
1,0,1.0,0.993984848439572,0.9913753867149353
0,0,1.0,0.00782755191389718,0.009206416085362434
0,0,1.0,0.023956191966186927,0.005819363985210657
0,0,1.0,0.00019138337204576322,0.004598662722855806
1,0,1.0,0.9999097481213265,0.9942207336425781
0,0,1.0,0.00021136173477323385,0.005581463221460581
0,0,1.0,0.012716851705806172,0.006527463439851999
0,0,1.0,0.0016241034218046142,0.005476965103298426
1,0,1.0,0.9864396825172529,0.9959606528282166
0,0,1.0,0.01577635820500916,0.005932834930717945
0,0,1.0,0.0005155816752452123,0.00419148663058877
1,0,1.0,0.9999575561669684,0.9959926009178162
1,0,1.0,0.9013649638957485,0.9839668869972229
1,0,1.0,0.9410965073948826,0.9739020466804504
1,0,1.0,0.999092168962996,0.9977481961250305
0,0,1.0,0.0006813163052912199,0.0020204978063702583
1,0,1.0,0.9618114650912574,0.6442776322364807
1,0,1.0,0.3290968752923683,0.4471352696418762
0,0,1.0,0.017327362297628292,0.062179870903491974
0,0,1.0,0.0014882869894194202,0.0018239981727674603
0,0,1.0,0.009030788516656492,0.0018881893483921885
0,0,1.0,0.017034144026622865,0.0018514461116865277
0,0,1.0,0.000942325859792286,0.0019011208787560463
0,0,1.0,0.0031384659923231026,0.004232360981404781
1,0,1.0,0.9899326422369799,0.9918920993804932
0,0,1.0,0.0007377275503979423,0.001865062746219337
1,0,1.0,0.9561065618925426,0.9881644248962402
0,0,1.0,0.004254606369480887,0.0019803631585091352
0,0,1.0,0.0029345705717236585,0.009337552823126316
0,0,1.0,0.4867868238279745,0.811506986618042
0,0,1.0,0.0010971576770435938,0.005047522950917482
0,0,1.0,0.007706570754688226,0.008157170377671719
0,0,1.0,0.013685626863628434,0.00838820356875658
0,0,1.0,0.0008875491489021278,0.020215779542922974
0,0,1.0,0.008802202245929628,0.002906471025198698
0,0,1.0,0.007913596644684277,0.18910719454288483
0,0,1.0,0.0003795846388109856,0.005082910414785147
0,0,1.0,0.0005692727768330963,0.0022644060663878918
1,0,1.0,0.9998346126655773,0.9976341724395752
0,0,1.0,0.0013103839900966236,0.001787751098163426
1,0,1.0,0.6418361852252117,0.8950456976890564
0,0,1.0,0.009606895266093485,0.0020230859518051147
1,0,1.0,0.9988033204159462,0.9946162104606628
1,0,1.0,0.9970182611876875,0.9977055191993713
0,0,1.0,0.007678031641206059,0.0019379439763724804
0,0,1.0,0.004144032159756988,0.006197819951921701
0,0,1.0,0.0005406265368032944,0.0018184077925980091
0,0,1.0,0.0015269777344017492,0.0042185354977846146
0,0,1.0,0.0018421166481611753,0.0018503948813304305
0,0,1.0,0.005664916173561604,0.005108535289764404
0,0,1.0,0.0004950095994393251,0.001755879377014935
0,0,1.0,0.0032413819325744185,0.003883328987285495
0,0,1.0,0.0009874901767019184,0.003090983023867011
0,0,1.0,0.004087490872645318,0.004050242714583874
1,0,1.0,0.9998132522532416,0.9957972764968872
0,0,1.0,0.0029803469282857803,0.0038010869175195694
0,0,1.0,0.01079083252274879,0.00494014099240303
0,0,1.0,0.018498089477968355,0.007077507674694061
0,0,1.0,0.001904618751805085,0.005122154485434294
0,0,1.0,0.04989694215026682,0.01706191711127758
0,0,1.0,0.0013770910460350627,0.005704035051167011
0,0,1.0,0.003726162368324407,0.0048847380094230175
0,0,1.0,0.0003757433488682699,0.0018555535934865475
1,0,1.0,0.9843687297637276,0.9941945672035217
0,0,1.0,0.00019431907280307857,0.005536873824894428
0,0,1.0,0.0024577999415604486,0.006299216765910387
0,0,1.0,0.09824187503737444,0.008279455825686455
0,0,1.0,0.010712938356129511,0.003005444537848234
0,0,1.0,0.0033380268034101882,0.0074021173641085625
0,0,1.0,0.0006439374035893252,0.0018955618143081665
0,0,1.0,0.0018352006093586661,0.004976845346391201
0,0,1.0,0.001560117266072424,0.0022700258996337652
0,0,1.0,0.4946617498224423,0.018420055508613586
1,0,1.0,0.9993726005977386,0.9977248311042786
0,0,1.0,0.0018140187921963707,0.0018137400038540363
1,0,1.0,0.38173341156967766,0.696923553943634
0,0,1.0,0.0006800856015442639,0.00579666206613183
0,0,1.0,0.0019164490869962567,0.004688679706305265
0,0,1.0,0.0015731792934786815,0.0038487124256789684
1,0,1.0,0.9540419850183071,0.9932333827018738
0,0,1.0,0.001455319214236623,0.003754354314878583
1,0,1.0,0.9985192479816773,0.9962106943130493
1,0,1.0,0.9806140926070992,0.9913499355316162
1,0,1.0,0.9997960100731006,0.9941864013671875
1,0,1.0,0.9997569222876737,0.990288496017456
0,0,1.0,0.0009313195708546391,0.003761659376323223
0,0,1.0,0.005176839168607724,0.0037985527887940407
0,0,1.0,0.0014489121329222048,0.0054780300706624985
0,0,1.0,0.0070412069673968,0.007808670401573181
0,0,1.0,0.0005507553527567419,0.001890644314698875
0,0,1.0,0.002204380646863702,0.00604033749550581
1,0,1.0,0.9862417788875703,0.8806843161582947
0,0,1.0,0.002849280224813306,0.007092528510838747
0,0,1.0,0.00026372833183230086,0.0045424941927194595
0,0,1.0,0.020734298456062616,0.006899154279381037
0,0,1.0,0.004226461954469239,0.0031332015059888363
1,0,1.0,0.9991654092477612,0.9955530762672424
1,0,1.0,0.9997345359275173,0.9942532181739807
0,0,1.0,0.0021083013500805777,0.004279994405806065
0,0,1.0,0.006004816987696936,0.0038189557380974293
1,0,1.0,0.9981195247980474,0.9963812828063965
0,0,1.0,0.00201452214807481,0.004324203822761774
0,0,1.0,0.003540410093252238,0.00527742225676775
0,0,1.0,0.0049975474569925816,0.0018195593729615211
1,0,1.0,0.1877512317753432,0.27027440071105957
0,0,1.0,0.005776614841362993,0.004607227630913258
0,0,1.0,0.0033323902379733938,0.004605517722666264
1,0,1.0,0.8778427376731405,0.9961703419685364
0,0,1.0,0.10004046826881557,0.02600393444299698
1,0,1.0,0.9998501748609443,0.9939244389533997
0,0,1.0,0.001529964399870827,0.0018748616566881537
0,0,1.0,0.000264740070953443,0.005596950650215149
0,0,1.0,0.0012335055007962068,0.005418410059064627
0,0,1.0,0.006829299763870021,0.010683905333280563
0,0,1.0,0.0008692737453312962,0.004304747562855482
0,0,1.0,0.0015687599234777882,0.0038720567245036364
0,0,1.0,0.0010511891329320023,0.0037889028899371624
0,0,1.0,0.0012235259307599926,0.004654208663851023
0,0,1.0,0.0014162528140411268,0.0017976269591599703
1,0,1.0,0.999706988807787,0.9941413998603821
0,0,1.0,0.011823953806095877,0.014514992944896221
0,0,1.0,0.0298409262992138,0.058118097484111786
1,0,1.0,0.6748603939503699,0.011385370045900345
0,0,1.0,0.0006333812333016356,0.009182099252939224
0,0,1.0,0.0012462883237771443,0.006925206631422043
0,0,1.0,0.000607430203605427,0.005727224051952362
1,0,1.0,0.9883942433135021,0.9510565400123596
0,0,1.0,0.021758401593582784,0.047506675124168396
0,0,1.0,0.00024643166071146414,0.004572270903736353
1,0,1.0,0.9994087629758851,0.9977825284004211
0,0,1.0,0.27718889471647007,0.5398522019386292
1,0,1.0,0.9969373093757619,0.9977121353149414
1,0,1.0,0.9963586379354005,0.9767591953277588
0,0,1.0,0.0003932937834586897,0.0032059818040579557
0,0,1.0,0.005980838923949247,0.001928442856296897
0,0,1.0,0.6333044904698373,0.16781555116176605
0,0,1.0,0.006298300594739533,0.0018095941049978137
0,0,1.0,0.000445432167686665,0.0037626922130584717
0,0,1.0,0.003045875432160439,0.001856367802247405
0,0,1.0,0.0017920895538582166,0.0062087285332381725
0,0,1.0,0.22963074194404673,0.35660797357559204
0,0,1.0,0.1986761600184381,0.4344502091407776
0,0,1.0,0.00025286389441128216,0.001970138866454363
1,0,1.0,0.9998708135052831,0.9976480603218079
0,0,1.0,0.015065595925564912,0.011596618220210075
0,0,1.0,0.0033180480870124026,0.003024964826181531
0,0,1.0,0.0007187085901378825,0.0019033517455682158
1,0,1.0,0.9993237004371558,0.9976782202720642
0,0,1.0,0.011962215608299376,0.007508999202400446
0,0,1.0,0.0006788040051015583,0.0038857092149555683
0,0,1.0,0.01167270889410527,0.00433402368798852
0,0,1.0,0.005137041732802084,0.06648174673318863
0,0,1.0,0.0004095410676852094,0.005506808403879404
0,0,1.0,0.007713697746903771,0.0047437092289328575
1,0,1.0,0.9973273061661493,0.991806149482727
1,0,1.0,0.8275775800219566,0.9324626922607422
0,0,1.0,0.003907136112562222,0.0026936731301248074
1,0,1.0,0.9990299812693728,0.997553288936615
0,0,1.0,0.0373911895235931,0.004856919404119253
0,0,1.0,0.000305493971031979,0.005784034729003906
0,0,1.0,0.009734022361183215,0.008176548406481743
1,0,1.0,0.999276936399329,0.9528620839118958
0,0,1.0,0.03580337532295431,0.002899190643802285
0,0,1.0,0.0008001030215937301,0.006557154003530741
1,0,1.0,0.9990377933921448,0.9961326122283936
0,0,1.0,0.0010511282198164243,0.0032251582015305758
0,0,1.0,0.00030364543035521485,0.003065655939280987
0,0,1.0,0.0038985743451804876,0.003807223867624998
1,0,1.0,0.9966016822276458,0.9974942207336426
0,0,1.0,0.001747512268513883,0.003029938554391265
0,0,1.0,0.0013536235830148343,0.005582733545452356
0,0,1.0,0.002444665904585294,0.0017742468044161797
1,0,1.0,0.21353929227789106,0.15015724301338196
0,0,1.0,0.05034788056885319,0.002769461367279291
0,0,1.0,0.004621019422545797,0.003977908752858639
0,0,1.0,0.00016156131626441698,0.001791406306438148
1,0,1.0,0.9997527283468998,0.9976246953010559
0,0,1.0,0.01144737980743844,0.01587684638798237
1,0,1.0,0.9994673029046272,0.9948751330375671
0,0,1.0,0.000854173271537355,0.004179018083959818
0,0,1.0,0.00996783591021284,0.0019887175876647234
1,0,1.0,0.9991269061100626,0.9949089884757996
0,0,1.0,0.004648091766131111,0.010649772360920906
0,0,1.0,0.009740418862690106,0.06680671870708466
0,0,1.0,0.001470697604096588,0.004478433169424534
0,0,1.0,0.012767087870437437,0.0038464427925646305
1,0,1.0,0.988002837950748,0.9738743305206299
0,0,1.0,0.024692092041053392,0.007087034173309803
1,0,1.0,0.9998315453707456,0.9957977533340454
0,0,1.0,0.0023798458679067827,0.004622935317456722
0,0,1.0,0.003482441647569002,0.0017729095416143537
0,0,1.0,0.0010245908614363076,0.00614409614354372
0,0,1.0,0.023424100698195487,0.003341094357892871
0,0,1.0,0.007584839644964355,0.0051804594695568085
1,0,1.0,0.9525428779053067,0.9813408851623535
0,0,1.0,0.0018136155781387016,0.005485503934323788
0,0,1.0,0.0006609287529001213,0.0018268644344061613
1,0,1.0,0.7735361458828063,0.09578622132539749
0,0,1.0,0.001343907639939649,0.0033279256895184517
1,0,1.0,0.9993613901878368,0.9961547255516052
1,0,1.0,0.9714912983249567,0.9943683743476868
0,0,1.0,3.9745725690804445e-05,0.0031858922448009253
1,0,1.0,0.9998306877147315,0.9959825277328491
0,0,1.0,0.00024607890341223185,0.003451920347288251
0,0,1.0,0.0024774053912048326,0.005830638576298952
0,0,1.0,0.00736491485396915,0.00245081540197134
0,0,1.0,0.01004952192762616,0.001876857946626842
1,0,1.0,0.7173571785763047,0.9843963384628296
1,0,1.0,0.9998106093718125,0.9938585162162781
0,0,1.0,0.0002872028957433792,0.0056655919179320335
1,0,1.0,0.999356768521546,0.9949017763137817
0,0,1.0,0.0026998642664378203,0.0018146425718441606
1,0,1.0,0.998884314284823,0.9956409931182861
0,0,1.0,0.03596483481835726,0.005339476279914379
0,0,1.0,0.003558211610320411,0.0018975032726302743
0,0,1.0,0.000273311953439894,0.0031111566349864006
0,0,1.0,0.0006330327585892878,0.0018945869524031878
0,0,1.0,0.021294130294222776,0.09574522078037262
1,0,1.0,0.9997426396943924,0.9938628673553467
0,0,1.0,0.004486791419059894,0.006948327645659447
0,0,1.0,0.001270542135114849,0.005461270920932293
0,0,1.0,0.02842127889176104,0.008968731388449669
1,0,1.0,0.9974263057070868,0.9934485554695129
1,0,1.0,0.8910631303126715,0.9390336275100708
0,0,1.0,0.0007573108727096642,0.0030236218590289354
0,0,1.0,0.0037684015154900398,0.0037458171136677265
0,0,1.0,0.699033607744873,0.006388453766703606
1,0,1.0,0.9600194021233238,0.9939088821411133
1,0,1.0,0.9997052365249542,0.9765547513961792
1,0,1.0,0.9999560555143981,0.9975195527076721
0,0,1.0,0.13914923207658622,0.006316579412668943
0,0,1.0,0.002879458072804291,0.003962628077715635
0,0,1.0,0.000574377424179211,0.0038257844280451536
0,0,1.0,0.0002012576100444591,0.0045867543667554855
0,0,1.0,0.006587895936504699,0.00910243857651949
0,0,1.0,0.08939954908507186,0.02620444819331169
0,0,1.0,0.0009722577776634832,0.004674393218010664
0,0,1.0,0.0008408822201077266,0.004584231413900852
0,0,1.0,0.00018539809360883716,0.001969636185094714
0,0,1.0,0.006699715518580425,0.0018525198101997375
0,0,1.0,0.011525193435565562,0.002331763505935669
1,0,1.0,0.9965152908997141,0.9951882362365723
0,0,1.0,0.007494065738813211,0.008203230798244476
1,0,1.0,0.9968330310631668,0.9940318465232849
0,0,1.0,0.0006796394106911506,0.00463109603151679
1,0,1.0,0.9718549218605557,0.9966944456100464
0,0,1.0,0.0005016808556907851,0.0019901415798813105
1,0,1.0,0.585402307133837,0.865352988243103
0,0,1.0,0.024694310460486438,0.01564508117735386
0,0,1.0,0.011706574083257558,0.008920885622501373
0,0,1.0,0.001283133954028058,0.00388705893419683
0,0,1.0,0.006482385409897933,0.002724325517192483
0,0,1.0,0.003778072463314771,0.004825199488550425
1,0,1.0,0.9994193028163832,0.9958230257034302
1,0,1.0,0.9995474284249518,0.9960726499557495
1,0,1.0,0.9887740423311551,0.9960450530052185
0,0,1.0,0.005556324110677405,0.01029666606336832
0,0,1.0,0.00638728230414496,0.0034600135404616594
0,0,1.0,0.003979842414197615,0.003045534947887063
0,0,1.0,0.001171714002063548,0.003096633590757847
1,0,1.0,0.9997777920746155,0.9976500868797302
0,0,1.0,0.010486980808261208,0.019493790343403816
0,0,1.0,0.006967279033523554,0.01111072301864624
0,0,1.0,0.01560923112727095,0.19008323550224304
0,0,1.0,0.003525651287793932,0.0018414562800899148
0,0,1.0,0.0016825989649832103,0.0018608378013595939
0,0,1.0,0.000551014366659907,0.0030711651779711246
0,0,1.0,0.007037357248027606,0.0056614382192492485
0,0,1.0,0.0010956493485096393,0.004150935914367437
0,0,1.0,0.015826666529040752,0.001985318260267377
0,0,1.0,0.0058622251915232725,0.0071397703140974045
0,0,1.0,0.0009616460750976496,0.006426014006137848
0,0,1.0,0.0007209919516611149,0.005647962912917137
0,0,1.0,0.0036764714161912036,0.001989152980968356
0,0,1.0,0.004788864485400418,0.0057186526246368885
0,0,1.0,0.003911801412862513,0.005795809905976057
1,0,1.0,0.9979651650482064,0.9976907968521118
0,0,1.0,0.0009516253096557662,0.0038714646361768246
0,0,1.0,0.010489710600276538,0.004682340193539858
0,0,1.0,0.05043931929381181,0.41660812497138977
0,0,1.0,0.004956961889133417,0.002119372831657529
1,0,1.0,0.9731967359344014,0.9639845490455627
0,0,1.0,0.0004733770933587183,0.0030141379684209824
0,0,1.0,0.001486444197787067,0.005731553770601749
0,0,1.0,0.0015863714606876155,0.0035420339554548264
0,0,1.0,0.02302172101739485,0.021270250901579857
0,0,1.0,0.009448811196400477,0.005855135153979063
0,0,1.0,0.007443742866379955,0.006444431841373444
0,0,1.0,0.0002255510494907669,0.0031885795760899782
1,0,1.0,0.9712709050887592,0.6196079254150391
0,0,1.0,0.00011687955784872086,0.0023457566276192665
0,0,1.0,0.04319482896371726,0.10431566089391708
0,0,1.0,0.0650912818970887,0.009141284972429276
1,0,1.0,0.9424420417072467,0.9910496473312378
0,0,1.0,0.16891195223762112,0.022258030250668526
0,0,1.0,0.06058949472630664,0.45312631130218506
1,0,1.0,0.9935931095796351,0.9972295165061951
0,0,1.0,0.002500054700951128,0.00469787884503603
0,0,1.0,0.003395247150378024,0.003813323564827442
1,0,1.0,0.9874846397407857,0.9941020607948303
0,0,1.0,0.007317155930587204,0.004702974576503038
0,0,1.0,0.0021492227555700255,0.009890347719192505
0,0,1.0,0.00021227593187743624,0.005714437458664179
0,0,1.0,0.0003182728971029093,0.0038153165951371193
0,0,1.0,0.0013019970648894183,0.005806079134345055
0,0,1.0,0.011409248794200879,0.3011365234851837
1,0,1.0,0.9475118843122315,0.9843786358833313
1,0,1.0,0.6323265867222018,0.9905266761779785
1,0,1.0,0.9995517304057703,0.9963967204093933
0,0,1.0,0.01187000018797956,0.006623215973377228
1,0,1.0,0.9580936376888222,0.799714207649231
0,0,1.0,0.039731079293656255,0.10966132581233978
0,0,1.0,0.0024504318540362977,0.009046983905136585
1,0,1.0,0.9728471047422579,0.8935499787330627
0,0,1.0,0.0010259982543173133,0.0018997208680957556
1,0,1.0,0.9933214543395146,0.9925514459609985
0,0,1.0,0.0057258744346702466,0.007258647121489048
1,0,1.0,0.9984636229304592,0.9955286383628845
1,0,1.0,0.9922516052939817,0.9551007747650146
0,0,1.0,0.0509898856396664,0.020962728187441826
1,0,1.0,0.9713981469735303,0.9864760041236877
0,0,1.0,9.880777566682448e-05,0.0031144353561103344
1,0,1.0,0.9995071535307413,0.996461808681488
0,0,1.0,0.00039075419946207017,0.0031165459658950567
0,0,1.0,0.007562213198607461,0.010632121935486794
0,0,1.0,0.02863372001731744,0.00477213691920042
0,0,1.0,0.0038011663224121316,0.004574700258672237
1,0,1.0,0.9994535535030635,0.9950350522994995
1,0,1.0,0.37091164154372935,0.14083270728588104
0,0,1.0,0.0004881745919313627,0.005988405551761389
0,0,1.0,0.007858785834384638,0.0035028024576604366
0,0,1.0,0.007156093700220478,0.029728401452302933
0,0,1.0,0.02040683276488177,0.05083474516868591
0,0,1.0,0.0019663191427779893,0.0017976697999984026
0,0,1.0,0.0009045166600303257,0.005565898958593607
1,0,1.0,0.9998884788279081,0.9939785003662109
1,0,1.0,0.9729572667250898,0.9826975464820862
0,0,1.0,9.186583260378376e-05,0.0032312956172972918
0,0,1.0,0.0020799161078572815,0.003945449832826853
1,0,1.0,0.9961823178001231,0.9956562519073486
0,0,1.0,0.0005132681012160029,0.004936268087476492
1,0,1.0,0.990941735504601,0.9826076626777649
0,0,1.0,0.00047887716520212146,0.0017564520239830017
1,0,1.0,0.9996653000045406,0.9958066940307617
0,0,1.0,0.0025066653109557537,0.0019267639145255089
1,0,1.0,0.9749914464572106,0.9908154010772705
1,0,1.0,0.7400675154981996,0.9810135960578918
1,0,1.0,0.9999715280231433,0.996212363243103
1,0,1.0,0.9997875822486857,0.9959772229194641
0,0,1.0,0.0027438474110296797,0.006917146500200033
1,0,1.0,0.9882702417034717,0.997236967086792
0,0,1.0,0.0010650865595660624,0.0018339823000133038
0,0,1.0,0.0008858359922385463,0.00380406784825027
0,0,1.0,0.0010113629664227689,0.003731871023774147
0,0,1.0,0.0033088027380792245,0.0030409633181989193
1,0,1.0,0.9653773519119148,0.9843133687973022
0,0,1.0,0.00032201397841889853,0.005464957561343908
0,0,1.0,0.000556894537070933,0.001926318509504199
1,0,1.0,0.9792077701684505,0.9975513815879822
1,0,1.0,0.9276656330408366,0.9972367286682129
0,0,1.0,0.0014880039368036226,0.004770945757627487
0,0,1.0,0.0001915017900956332,0.004025658126920462
0,0,1.0,0.0008485428719796646,0.0038154851645231247
1,0,1.0,0.9785261875430608,0.9829502105712891
1,0,1.0,0.26144658311998176,0.08688115328550339
0,0,1.0,0.0003680680683900179,0.0047287303023040295
0,0,1.0,0.0031154440230200934,0.006976621225476265
0,0,1.0,0.00043777409502162033,0.003829961409792304
0,0,1.0,0.0006480220834536249,0.005603862926363945
0,0,1.0,0.0032968258788152053,0.0051251123659312725
0,0,1.0,0.0011276463848412601,0.00558863440528512
0,0,1.0,0.0007143597683066502,0.003043549135327339
0,0,1.0,0.00023307031129992729,0.007213495671749115
0,0,1.0,0.0005941635877506583,0.0021729336585849524
0,0,1.0,0.005547847701989209,0.0055985781364142895
0,0,1.0,0.29299493769122376,0.006682188715785742
0,0,1.0,0.021096293795416773,0.0038708304055035114
1,0,1.0,0.2638805516124582,0.9928915500640869
1,0,1.0,0.9981996842668354,0.9966176152229309
0,0,1.0,0.03141952010486703,0.020177021622657776
0,0,1.0,0.012715554338893742,0.007491553667932749
1,0,1.0,0.9799683600180714,0.9952670335769653
0,0,1.0,0.0009657150837826599,0.004803579766303301
0,0,1.0,0.0047128149639191035,0.005408613011240959
1,0,1.0,0.9380408104968184,0.9950259327888489
0,0,1.0,0.008700780500679293,0.006925665307790041
0,0,1.0,0.020781194094694817,0.002103195758536458
1,0,1.0,0.2574055741998113,0.3503204882144928
1,0,1.0,0.9994312363544612,0.9960792660713196
0,0,1.0,0.012830862413669524,0.006608521565794945
0,0,1.0,0.0013723542869553181,0.004761775489896536
0,0,1.0,0.0047854346376968995,0.0037874612025916576
0,0,1.0,0.0023083839963479484,0.0038325514178723097
1,0,1.0,0.9997558621355619,0.9977499842643738
0,0,1.0,0.00032317046771612176,0.003820260753855109
0,0,1.0,0.0024655017760997927,0.001906146528199315
1,0,1.0,0.9989902487771259,0.9933342933654785
0,0,1.0,0.0023634722655497716,0.006078481674194336
0,0,1.0,0.00273626963122722,0.015849489718675613
1,0,1.0,0.9880533154975646,0.9870470762252808
0,0,1.0,0.07547488498850523,0.004834192804992199
0,0,1.0,0.003940749452618847,0.006097183562815189
0,0,1.0,0.009015420085301764,0.005653813946992159
1,0,1.0,0.9968582284453653,0.9960293769836426
0,0,1.0,0.008558696594207167,0.002039342187345028
0,0,1.0,0.003655262017858997,0.0018593798158690333
0,0,1.0,0.00016919157131981073,0.0038068441208451986
1,0,1.0,0.99964261732748,0.9977136850357056
0,0,1.0,0.0004709318730224875,0.003194855758920312
1,0,1.0,0.9997342056482199,0.9977213740348816
1,0,1.0,0.9912901530321013,0.7979798316955566
0,0,1.0,0.00019498472976124185,0.0045565287582576275
0,0,1.0,0.002307597257457907,0.0055229621939361095
1,0,1.0,0.9997699399744037,0.995797872543335
0,0,1.0,0.000592904186193259,0.003793342038989067
0,0,1.0,0.009543716913704372,0.033973947167396545
1,0,1.0,0.685211135432917,0.9857730269432068
0,0,1.0,0.004855578136135296,0.006186105776578188
0,0,1.0,0.023867915836411745,0.003056691959500313
1,0,1.0,0.19339666248689327,0.13669249415397644
0,0,1.0,0.010719188352224327,0.0017936034128069878
0,0,1.0,0.000830659449066193,0.0020253206603229046
0,0,1.0,0.0004190212080067264,0.004001059103757143
1,0,1.0,0.9786480499293296,0.9567755460739136
0,0,1.0,0.0012123088226601493,0.0030669679399579763
0,0,1.0,0.0017820873492968045,0.004633046220988035
0,0,1.0,0.0005300160209262093,0.005928534083068371
0,0,1.0,0.00021812266617780062,0.0017990883206948638
0,0,1.0,0.00695891339856769,0.030017651617527008
0,0,1.0,0.0034640696005249303,0.005568894557654858
0,0,1.0,0.0005981879346252814,0.00332212308421731
0,0,1.0,0.00969166954762299,0.005964966490864754
0,0,1.0,0.0019191768455923714,0.005636592861264944
1,0,1.0,0.9858334755657382,0.9940921664237976
1,0,1.0,0.9991913942729534,0.9959959983825684
0,0,1.0,0.005462732305353151,0.005739504471421242
0,0,1.0,0.00031657976946311653,0.0017732051201164722
0,0,1.0,0.11347873057814321,0.03697071224451065
1,0,1.0,0.9681119671694528,0.9924554824829102
0,0,1.0,0.005856513500246963,0.005237492732703686
0,0,1.0,0.00854993299995285,0.008009523153305054
0,0,1.0,0.0021490403828390006,0.005203596316277981
0,0,1.0,0.019039676721844808,0.0112149054184556
0,0,1.0,0.0003033944625463705,0.0032441914081573486
1,0,1.0,0.998615374064367,0.994096040725708
0,0,1.0,0.0017633849097858714,0.004040158819407225
0,0,1.0,0.002916100175125935,0.004652565345168114
0,0,1.0,0.012015614920121397,0.0019752851221710443
0,0,1.0,0.004154732720465325,0.011366862803697586
1,0,1.0,0.9756028241960674,0.9778512120246887
0,0,1.0,0.052710291089641925,0.15840940177440643
0,0,1.0,0.06933969276704292,0.001780071877874434
1,0,1.0,0.8524272165426133,0.8898589611053467
1,0,1.0,0.9994932309440221,0.9942079782485962
1,0,1.0,0.9957587680702779,0.9960934519767761
0,0,1.0,0.12561243085601426,0.23800024390220642
0,0,1.0,0.01851250196339028,0.011145936325192451
1,0,1.0,0.9750114037245503,0.9974677562713623
0,0,1.0,0.003995510062011105,0.04533129557967186
0,0,1.0,0.38366587748498715,0.8179097771644592
0,0,1.0,0.0010750247326332472,0.0032131532207131386
0,0,1.0,0.00038440599455499667,0.0036800524685531855
1,0,1.0,0.9995765331836215,0.9943479895591736
1,0,1.0,0.9996080521822681,0.9938086867332458
0,0,1.0,0.00039995835596406926,0.00382788572460413
1,0,1.0,0.9994515263637115,0.9949949979782104
0,0,1.0,0.0058447818290031745,0.0036431250628083944
0,0,1.0,0.018904320853541046,0.03177532181143761
0,0,1.0,0.0013961815436278721,0.004539756570011377
0,0,1.0,0.0002440595932662811,0.0036177884321659803
1,0,1.0,0.9998998769146065,0.9976994395256042
0,0,1.0,0.007330947734580419,0.014392330311238766
0,0,1.0,0.012274055389752288,0.0018964154878631234
0,0,1.0,0.0048724025988778515,0.004361158236861229
0,0,1.0,0.036195059934560875,0.2674641013145447
1,0,1.0,0.9813259311839029,0.9696512222290039
0,0,1.0,0.01639919347288982,0.007472816854715347
0,0,1.0,0.04308395304385235,0.09710907936096191
1,0,1.0,0.894026540788662,0.6048292517662048
0,0,1.0,0.02199938966148131,0.049022626131772995
0,0,1.0,0.0014754774838208022,0.00405912147834897
1,0,1.0,0.9996831252970617,0.9975786805152893
0,0,1.0,0.0012871524607185548,0.005005634389817715
0,0,1.0,0.012125639998559198,0.006297304295003414
0,0,1.0,0.00016462156149145773,0.004645081236958504
0,0,1.0,0.0011431839647617602,0.005653586704283953
0,0,1.0,0.00043219005981040906,0.002089140936732292
0,0,1.0,0.0009857003801375017,0.005614365916699171
1,0,1.0,0.9941932024773353,0.9961104989051819
0,0,1.0,0.007954503928136215,0.0024370746687054634
0,0,1.0,0.10968990782567342,0.004221505019813776
1,0,1.0,0.9547303967631664,0.9967947602272034
1,0,1.0,0.9778543577088823,0.996966540813446
0,0,1.0,0.12234660244555648,0.26775988936424255
0,0,1.0,0.00025350328936952154,0.004005751572549343
0,0,1.0,0.00043222596621339033,0.005643382668495178
0,0,1.0,0.000664137077600349,0.006056118290871382
0,0,1.0,0.004094730795075344,0.0030655204318463802
0,0,1.0,0.000506873942836757,0.004654254764318466
0,0,1.0,0.001893522485088993,0.0030671455897390842
0,0,1.0,0.021208688487468843,0.07671810686588287
0,0,1.0,0.0018197589631936636,0.5407012104988098
1,0,1.0,0.14609180923144732,0.004733568988740444
0,0,1.0,0.0007933142852443687,0.005388048943132162
1,0,1.0,0.9890474086062044,0.9862988591194153
0,0,1.0,0.026463661783735874,0.007786435540765524
0,0,1.0,0.004540871440562472,0.004623762797564268
1,0,1.0,0.9852715921699943,0.9966715574264526
0,0,1.0,0.0014267778097490915,0.004246905446052551
0,0,1.0,0.00015550234946350484,0.0019862970802932978
0,0,1.0,0.0037294449081120514,0.04758904501795769
0,0,1.0,0.08729694329883074,0.06122414395213127
0,0,1.0,0.02112616804498775,0.004796771332621574
0,0,1.0,0.0015904045408600596,0.0066023292019963264
0,0,1.0,0.0004217362067589785,0.0056587704457342625
1,0,1.0,0.9952500052226171,0.993790328502655
0,0,1.0,0.004231052053614971,0.01734703779220581
1,0,1.0,0.9876169395741484,0.9973146319389343
1,0,1.0,0.7842742135082529,0.9693071246147156
1,0,1.0,0.9875054609499848,0.9525607228279114
1,0,1.0,0.9192875089227768,0.9809874296188354
1,0,1.0,0.9999798064160824,0.9958271384239197
0,0,1.0,0.00044069984896604147,0.005585566628724337
0,0,1.0,9.673883205774262e-05,0.004706377629190683
0,0,1.0,0.0004354727567558623,0.005493550561368465
0,0,1.0,0.0006363671385088772,0.004653762560337782
0,0,1.0,0.00820190941305,0.004261403810232878
0,0,1.0,0.00043828833935135236,0.0030422157142311335
1,0,1.0,0.8437474580000195,0.9956217408180237
0,0,1.0,0.0010350449368399354,0.004794006235897541
1,0,1.0,0.9631991572663299,0.965913712978363
0,0,1.0,0.0035144213673447347,0.005523675121366978
0,0,1.0,0.002821169234564493,0.025428632274270058
0,0,1.0,0.00012327943573855712,0.0021599496249109507
0,0,1.0,0.0006306737125978223,0.02166360802948475
1,0,1.0,0.9316898001289108,0.5171024799346924
1,0,1.0,0.9995698911691119,0.9976699948310852
0,0,1.0,0.002101871976752,0.003036617999896407
0,0,1.0,0.0013063174255228203,0.005839199293404818
0,0,1.0,0.002607092949232095,0.004240674432367086
1,0,1.0,0.7945333288383991,0.8773853182792664
0,0,1.0,0.00034205441237083204,0.002033976837992668
1,0,1.0,0.9988692724609004,0.9975316524505615
0,0,1.0,0.0029391529558721254,0.006002289708703756
0,0,1.0,0.0011627431436410252,0.0055223992094397545
0,0,1.0,0.0024367248466508674,0.0018792669288814068
0,0,1.0,0.1853889469788681,0.002574583049863577
0,0,1.0,0.009536644576590115,0.006145799532532692
0,0,1.0,0.010993528601670584,0.018665120005607605
0,0,1.0,0.009849971831104165,0.0056466911919415
0,0,1.0,0.001865035509000441,0.0038813077844679356
0,0,1.0,0.017567578395537218,0.014996916055679321
0,0,1.0,0.0006913755982654776,0.00710782315582037
0,0,1.0,0.0027197666634499493,0.006569945253431797
1,0,1.0,0.9843900584586682,0.980838418006897
0,0,1.0,0.0019209334557983295,0.0056035020388662815
0,0,1.0,0.011859141654093824,0.003739146515727043
0,0,1.0,0.003565137635007128,0.0465785413980484
0,0,1.0,0.01776431676953348,0.0031737913377583027
0,0,1.0,0.0002611380746518264,0.0031133447773754597
0,0,1.0,0.013709635108306844,0.0020841178484261036
0,0,1.0,0.0012042432902250233,0.007395236287266016
0,0,1.0,0.0057139757854146175,0.00980874802917242
0,0,1.0,0.00135279172878653,0.036880649626255035
0,0,1.0,0.011745614522652844,0.11128417402505875
0,0,1.0,0.0017268782525072604,0.00640834728255868
0,0,1.0,0.028260117472297962,0.012218056246638298
0,0,1.0,0.006633181017741453,0.0045258463360369205
0,0,1.0,0.002095689640749872,0.0030397754162549973
0,0,1.0,0.010159374784621943,0.009992029517889023
0,0,1.0,0.021948930853481246,0.006742115132510662
0,0,1.0,0.001226920732327291,0.006710928399115801
1,0,1.0,0.12269511560609794,0.059840768575668335
0,0,1.0,0.0008963775988370831,0.004472244065254927
0,0,1.0,0.0018704205184719182,0.008453676477074623
0,0,1.0,0.001971505499431467,0.0018669653218239546
0,0,1.0,0.001810734980805081,0.0046577975153923035
0,0,1.0,5.801928319359401e-05,0.0047260066494345665
1,0,1.0,0.9948118370727582,0.9947031140327454
1,0,1.0,0.9998631229907772,0.9977340698242188
0,0,1.0,0.0038268272251126057,0.005519500933587551
0,0,1.0,0.026532304165750833,0.0360211506485939
0,0,1.0,0.002568491431156372,0.0018224784871563315
0,0,1.0,0.00027485627692956096,0.0019668785389512777
0,0,1.0,0.009870747012100615,0.0026886207051575184
0,0,1.0,0.06660278281477368,0.010368440300226212
0,0,1.0,0.0019833953471331597,0.005531050730496645
1,0,1.0,0.3830477616948015,0.9303871989250183
0,0,1.0,0.0014271113342970718,0.004873592872172594
0,0,1.0,0.0006775673071887619,0.005660190246999264
1,0,1.0,0.9999483763163775,0.9961620569229126
0,0,1.0,0.0014266704385358364,0.0017781790811568499
0,0,1.0,0.0009764436519359039,0.0017916492652148008
0,0,1.0,0.0018946610635214938,0.0055839382112026215
0,0,1.0,0.003307739530884788,0.009012294933199883
0,0,1.0,0.00015409261313594123,0.005606898572295904
1,0,1.0,0.9999725449938025,0.9959264993667603
0,0,1.0,0.026431534299695393,0.005278533790260553
1,0,1.0,0.9998845785641705,0.997617781162262
0,0,1.0,0.004734567686549392,0.0034102126955986023
0,0,1.0,0.00026037548041742126,0.00476490706205368
0,0,1.0,0.0002493223660976479,0.003989597782492638
0,0,1.0,0.0014522482897858138,0.005599305499345064
1,0,1.0,0.9996998761651253,0.9960318207740784
0,0,1.0,0.00012750842688594266,0.005538236349821091
0,0,1.0,0.02083764768997401,0.08829507976770401
0,0,1.0,0.012968424787554516,0.0031865083146840334
0,0,1.0,0.007810379062142725,0.0031736555974930525
0,0,1.0,0.01603745062406379,0.0018543899059295654
0,0,1.0,0.0013024793475498743,0.0021739904768764973
0,0,1.0,0.005374692729449687,0.004107020329684019
1,0,1.0,0.9993238453228037,0.9950180053710938
1,0,1.0,0.9992003806504411,0.9958723187446594
0,0,1.0,0.0009448084707229195,0.004618595354259014
1,0,1.0,0.9779660931489172,0.9898075461387634
0,0,1.0,0.42414400961864834,0.0025698302779346704
0,0,1.0,0.004831993564687774,0.0032233314123004675
0,0,1.0,0.0006047550170256376,0.004397735930979252
0,0,1.0,0.03105165982559782,0.00395615492016077
0,0,1.0,0.02798874566473642,0.0031042927876114845
0,0,1.0,0.0003199644566824742,0.0018791025504469872
0,0,1.0,0.00014573115616226483,0.004827618133276701
0,0,1.0,0.009958964092042463,0.004675631411373615
1,0,1.0,0.648578575365105,0.053181327879428864
0,0,1.0,0.0015838210783911575,0.013163621537387371
0,0,1.0,0.009583343671009426,0.012552684172987938
0,0,1.0,0.41759479562487456,0.933772623538971
0,0,1.0,0.00021870360766484503,0.004645698703825474
0,0,1.0,0.0023774900562101137,0.006155418232083321
1,0,1.0,0.9941510170655774,0.9139292240142822
1,0,1.0,0.9998247400711594,0.9956921935081482
0,0,1.0,0.016556067681167047,0.0018067042110487819
0,0,1.0,0.0015993688086210394,0.001885201781988144
0,0,1.0,0.00024062908321423866,0.005568543914705515
0,0,1.0,0.0045673656028190415,0.004728878382593393
0,0,1.0,0.0007260494866984156,0.005299667362123728
1,0,1.0,0.9993525866176233,0.9977625608444214
0,0,1.0,0.0019406424172369885,0.0019342738669365644
0,0,1.0,0.0006112325833441125,0.002076358301565051
0,0,1.0,0.0007524544606018188,0.005691093392670155
1,0,1.0,0.9951163767731629,0.9975872039794922
0,0,1.0,0.017249940199275234,0.03623029217123985
0,0,1.0,0.00043113147021281315,0.0037924661301076412
1,0,1.0,0.9999340692109382,0.9960411787033081
0,0,1.0,0.00028614964919616924,0.003098244545981288
1,0,1.0,0.9874881964086586,0.9868127703666687
0,0,1.0,0.16140418254659158,0.7062659859657288
0,0,1.0,0.0006799426755632292,0.004783441312611103
0,0,1.0,0.013214238521852042,0.03049812652170658
1,0,1.0,0.7597560963795748,0.9972750544548035
1,0,1.0,0.9783285456790085,0.9175578355789185
1,0,1.0,0.9998033988358025,0.99623703956604
1,0,1.0,0.9956812484361489,0.9934129118919373
0,0,1.0,0.0029710898976138024,0.004661711864173412
0,0,1.0,0.012741300923981682,0.0031024448107928038
1,0,1.0,0.9997204685036888,0.9960775971412659
0,0,1.0,0.08193049517684757,0.004385487642139196
0,0,1.0,0.010500007076908874,0.0017809938872233033
1,0,1.0,0.9999053301508064,0.9964666366577148
0,0,1.0,0.011171300015435873,0.005899395793676376
1,0,1.0,0.9067294256650938,0.9794873595237732
1,0,1.0,0.9947979786234192,0.9975937008857727
1,0,1.0,0.9950891433253122,0.9934799671173096
0,0,1.0,0.0073104327962403145,0.0019893317949026823
0,0,1.0,0.009753620490311227,0.002064567059278488
0,0,1.0,0.014515766629577091,0.0038542135152965784
0,0,1.0,0.000764550297602914,0.0065742670558393
0,0,1.0,0.3708619110641457,0.3356491029262543
0,0,1.0,0.0038594792243827718,0.005316798109561205
0,0,1.0,0.0029232165723294193,0.0019381053280085325
0,0,1.0,0.9891638355262106,0.9798468351364136
0,0,1.0,0.005900300862169275,0.008897959254682064
0,0,1.0,0.025967118173952933,0.006870705168694258
0,0,1.0,0.003077832999833182,0.004670578986406326
1,0,1.0,0.02336481814026646,0.0025661038234829903
0,0,1.0,0.04795573153230829,0.007414670195430517
1,0,1.0,0.013611715561265716,0.004081472288817167
0,0,1.0,0.005284415552657896,0.005118219181895256
0,0,1.0,0.21092003792508515,0.008577599190175533
0,0,1.0,0.11402237486673888,0.007508615497499704
0,0,1.0,0.015526884361825316,0.007457592990249395
0,0,1.0,6.502251911877249e-05,0.0030620149336755276
1,0,1.0,0.9501437820693895,0.9115305542945862
1,0,1.0,0.9990552708480623,0.9950947761535645
1,0,1.0,0.9873229390840883,0.9890308976173401
0,0,1.0,0.007335124141687237,0.003013805951923132
0,0,1.0,0.0016554219645695746,0.004648418165743351
1,0,1.0,0.9464606140727739,0.9633766412734985
1,0,1.0,0.9987418962108165,0.995198667049408
0,0,1.0,0.00591474592224512,0.009139289148151875
1,0,1.0,0.9999464005156669,0.9976919889450073
0,0,1.0,0.005881137339054487,0.0019797799177467823
0,0,1.0,0.01031453811092723,0.0032809956464916468
0,0,1.0,0.0046921792502400165,0.00485725374892354
0,0,1.0,0.00014435783173210478,0.0018999541644006968
0,0,1.0,0.0013557612449451933,0.013227955438196659
0,0,1.0,0.027506934810211933,0.003935347311198711
0,0,1.0,0.009749096361337984,0.009028978645801544
1,0,1.0,0.9922740700146861,0.996300458908081
0,0,1.0,0.004378650063753832,0.008152361027896404
1,0,1.0,0.8418880390724424,0.7128675580024719
1,0,1.0,0.13309091377390134,0.9407227039337158
0,0,1.0,0.0034233916288295245,0.003818794619292021
1,0,1.0,0.23259527262189225,0.8720372915267944
0,0,1.0,0.5043301892404131,0.0328666977584362
0,0,1.0,0.0026520164159141123,0.007992069236934185
0,0,1.0,0.00122718189012201,0.005981793161481619
0,0,1.0,0.003262857366730338,0.0030654417350888252
1,0,1.0,0.3366046760126266,0.6874305605888367
0,0,1.0,0.00033814012684255687,0.0030977304559201
0,0,1.0,0.017269851418511777,0.02811211720108986
0,0,1.0,0.0028033907847792206,0.004600623622536659
1,0,1.0,0.846516307730408,0.9967948794364929
1,0,1.0,0.9863678699228414,0.9973853230476379
0,0,1.0,0.005726887756063776,0.008711939677596092
0,0,1.0,0.0011720896278154301,0.014981300570070744
0,0,1.0,0.0031349886055718236,0.003870280459523201
0,0,1.0,0.000779507073084732,0.0032233528327196836
0,0,1.0,0.0052439313998622035,0.011106520891189575
0,0,1.0,0.002403178644035481,0.0031684720888733864
0,0,1.0,0.00047918308573004025,0.004990227986127138
0,0,1.0,0.016612450171368188,0.00304609932936728
0,0,1.0,0.00027595997679979686,0.0017816612962633371
1,0,1.0,0.9994544228861498,0.9976758360862732
0,0,1.0,0.0013973460238317554,0.002365655731409788
1,0,1.0,0.9999355624480655,0.9957477450370789
1,0,1.0,0.9983748290415165,0.9940733313560486
1,0,1.0,0.9991330382568452,0.9861471056938171
0,0,1.0,0.00111384114362557,0.002419304335489869
0,0,1.0,0.0012952345251059782,0.0018754660850390792
0,0,1.0,0.0002155245999484464,0.0037719786632806063
0,0,1.0,0.0030923185400446225,0.004715638235211372
0,0,1.0,0.0005871773177978753,0.004121818579733372
0,0,1.0,0.0007459763395183503,0.004117526579648256
0,0,1.0,0.0033462403590097394,0.007830989547073841
0,0,1.0,0.00341977074244178,0.004899045918136835
0,0,1.0,0.026812350865670548,0.7021471858024597
1,0,1.0,0.9676689199710273,0.9750874638557434
0,0,1.0,0.0009721076896342594,0.002058204961940646
0,0,1.0,0.005971704045055811,0.016262661665678024
1,0,1.0,0.9952342843364311,0.9954559803009033
0,0,1.0,0.010284929946959918,0.00916367955505848
1,0,1.0,0.9996059549394591,0.9961522221565247
0,0,1.0,0.00045208395480328037,0.0018346684519201517
0,0,1.0,0.0037145953492945458,0.004557792562991381
0,0,1.0,0.0002504405915957833,0.0037332256324589252
1,0,1.0,0.9998158974004506,0.9963732361793518
0,0,1.0,0.0013306793006953978,0.004000131972134113
0,0,1.0,0.00029772124227624787,0.0031203378457576036
0,0,1.0,0.0021731757888786545,0.0017994761001318693
0,0,1.0,0.0027995721084166742,0.003984589595347643
0,0,1.0,0.0021746718812085397,0.004735723603516817
0,0,1.0,0.0028896568681234976,0.0030587632209062576
0,0,1.0,0.005449842698374412,0.006147454492747784
0,0,1.0,0.0001231711336682185,0.001953192986547947
0,0,1.0,0.00021824823979399503,0.001806398038752377
1,0,1.0,0.9990067637044567,0.9977276921272278
0,0,1.0,0.0018512053995573628,0.00560029037296772
1,0,1.0,0.9998149410057903,0.9941020607948303
0,0,1.0,0.00467661953269785,0.004816446918994188
0,0,1.0,0.002441712182468396,0.003965694922953844
0,0,1.0,0.0005148101607672838,0.005724145099520683
0,0,1.0,0.002794780880866358,0.003302764380350709
0,0,1.0,0.001190111734576702,0.04717905446887016
0,0,1.0,0.06426656714980136,0.03910837695002556
1,0,1.0,0.9989764435654106,0.9962272644042969
0,0,1.0,0.0005541316970932205,0.006367961876094341
0,0,1.0,0.07729574624762746,0.016550172120332718
0,0,1.0,0.0011691660745933327,0.0038596803788095713
0,0,1.0,0.017614197809887086,0.003861943492665887
0,0,1.0,0.5944952367523317,0.45765843987464905
0,0,1.0,0.0024404934842416504,0.0033268886618316174
1,0,1.0,0.9986692216083815,0.9930419921875
1,0,1.0,0.9999815033456021,0.99631267786026
1,0,1.0,0.9995243281803217,0.9940006136894226
1,0,1.0,0.9522973183295144,0.9913820624351501
0,0,1.0,0.008003185399881634,0.004121748264878988
0,0,1.0,0.001162143068489985,0.00552822882309556
0,0,1.0,0.00030861770489255786,0.004064067266881466
0,0,1.0,0.001418441951410386,0.0055430918000638485
0,0,1.0,0.028915449402205765,0.155293270945549
0,0,1.0,0.003271999712364157,0.003838007338345051
0,0,1.0,0.013948352311753856,0.007918288931250572
1,0,1.0,0.9744835038959851,0.5446580648422241
0,0,1.0,0.00011637557723028516,0.005553895141929388
0,0,1.0,0.003298471689622482,0.007551142014563084
1,0,1.0,0.9996790210500167,0.9963755011558533
1,0,1.0,0.9891554046933438,0.9974671602249146
0,0,1.0,0.0011958508106384375,0.00772905582562089
0,0,1.0,0.004743439279250968,0.006955428514629602
1,0,1.0,0.9950590668354555,0.9962369203567505
0,0,1.0,0.018540889202558256,0.012601367197930813
0,0,1.0,0.0016415266145543405,0.0018844322767108679
0,0,1.0,0.002666390152748614,0.009142329916357994
0,0,1.0,0.28402652410595874,0.006457659415900707
0,0,1.0,0.003986477522727959,0.004858574364334345
0,0,1.0,0.006867322991052604,0.0020890217274427414
1,0,1.0,0.9948966804898033,0.9911012053489685
1,0,1.0,0.9593463615099374,0.9927706122398376
0,0,1.0,0.005312249236229487,0.004233621060848236
1,0,1.0,0.8606899665033404,0.9753129482269287
0,0,1.0,0.0001784790657150798,0.004257609602063894
0,0,1.0,0.0005956701509838264,0.005795529577881098
0,0,1.0,0.0011966446853919968,0.0017595390090718865
1,0,1.0,0.9847476461042374,0.9499498605728149
0,0,1.0,0.09512433298308962,0.009741305373609066
0,0,1.0,0.0014780497153426273,0.004954016301780939
1,0,1.0,0.9949079633299506,0.9976094961166382
0,0,1.0,0.0002804606696106557,0.005462376866489649
1,0,1.0,0.9809778548281549,0.9924201369285583
0,0,1.0,0.0014872823250866103,0.005479006562381983
0,0,1.0,0.005233573157899186,0.004335637670010328
0,0,1.0,0.0008709375562006258,0.00565573712810874
0,0,1.0,0.001397136522520237,0.005571414716541767
0,0,1.0,0.0020590401094858816,0.0038370725233107805
0,0,1.0,0.0009089487640931075,0.0017631599912419915
1,0,1.0,0.9989522304416601,0.9975868463516235
0,0,1.0,0.002000499765477954,0.004045031499117613
1,0,1.0,0.9997561540368219,0.9976746439933777
1,0,1.0,0.9964425552645134,0.9955847859382629
1,0,1.0,0.9997958463906365,0.9955463409423828
0,0,1.0,0.0015247795422480648,0.00453388225287199
0,0,1.0,0.003555365185083805,0.006474678870290518
0,0,1.0,0.001549399937165589,0.01457782369107008
0,0,1.0,0.012968126849946339,0.12885868549346924
0,0,1.0,0.0017265680213324104,0.005832330323755741
0,0,1.0,0.0009137023276998186,0.0018125198548659682
0,0,1.0,0.7869533149314335,0.14061518013477325
1,0,1.0,0.9814947768810608,0.9771054983139038
1,0,1.0,0.9076228944191366,0.3831338584423065
1,0,1.0,0.56216702079463,0.988917350769043
1,0,1.0,0.8992378996879602,0.994566798210144
1,0,1.0,0.9921699585118009,0.993926465511322
0,0,1.0,0.0014597903113903578,0.0021366977598518133
0,0,1.0,0.0008461179704282495,0.0019310215720906854
1,0,1.0,0.9983182257052611,0.9961051940917969
0,0,1.0,0.0009408967412609963,0.0031176037155091763
0,0,1.0,0.062114125475467026,0.18027736246585846
0,0,1.0,0.04860597014149783,0.0049230316653847694
1,0,1.0,0.9617269741873724,0.36348044872283936
0,0,1.0,0.010617990227506709,0.007265552878379822
1,0,1.0,0.9920013019377467,0.9847502708435059
0,0,1.0,0.0008728375257094417,0.004535569343715906
0,0,1.0,0.002357072160431808,0.0048944526351988316
0,0,1.0,0.03108498612177568,0.016766095533967018
0,0,1.0,0.0037015140102804435,0.013422513380646706
0,0,1.0,0.00032723864528240264,0.005537211894989014
1,0,1.0,0.9999865388560123,0.9961517453193665
0,0,1.0,0.029193044198385063,0.012340132147073746
1,0,1.0,0.9979879793224281,0.9976874589920044
0,0,1.0,0.01101827098480949,0.008485142141580582
0,0,1.0,0.0016523884925604485,0.0039609079249203205
0,0,1.0,0.0004881059336103882,0.0048886751756072044
0,0,1.0,0.0008128950671990352,0.0046089026145637035
0,0,1.0,0.0026600121798742216,0.001796215889044106
0,0,1.0,0.00034715188860131696,0.0018819441320374608
0,0,1.0,0.0021829332731437352,0.0030817107763141394
0,0,1.0,0.006151850238494163,0.0037804152816534042
1,0,1.0,0.9997109800643753,0.9946507811546326
1,0,1.0,0.8496373226626879,0.9908259510993958
0,0,1.0,0.03373476507653847,0.1594834327697754
0,0,1.0,0.0002242977287900462,0.0019111816072836518
0,0,1.0,0.0018751216540101704,0.005721106193959713
0,0,1.0,0.0033048419783792884,0.003871096530929208
0,0,1.0,0.0005443725730243462,0.004919320810586214
0,0,1.0,0.18318611782510827,0.007668809965252876
0,0,1.0,0.006915739341332287,0.00560291251167655
0,0,1.0,0.060119466951948926,0.09140190482139587
1,0,1.0,0.9998073577131223,0.9942599534988403
1,0,1.0,0.9991653847449333,0.9961807727813721
0,0,1.0,0.0005775170576357008,0.003825513646006584
1,0,1.0,0.9971143650379372,0.9951139092445374
0,0,1.0,0.02064356688760367,0.002234329469501972
0,0,1.0,0.0021184728157131716,0.005854843650013208
0,0,1.0,0.0018838453100011839,0.00203926139511168
0,0,1.0,0.00012934275213361741,0.003815922187641263
0,0,1.0,0.009008430452064441,0.002317131496965885
0,0,1.0,0.002410842439577188,0.0018345287535339594
0,0,1.0,0.0030017190202260733,0.005573589820414782
0,0,1.0,0.02130666987391022,0.004333758261054754
0,0,1.0,0.0144015865887201,0.006189774256199598
0,0,1.0,0.0006828146704684374,0.0018633734434843063
0,0,1.0,0.0023212240387838873,0.011090642772614956
0,0,1.0,0.011056354382582942,0.004051635507494211
0,0,1.0,0.019085043997686502,0.009406855329871178
0,0,1.0,0.0035466911620225163,0.004356781020760536
1,0,1.0,0.946760366830824,0.9483377933502197
1,0,1.0,0.9809599939230773,0.9961178302764893
0,0,1.0,0.02111793656146825,0.011425365693867207
0,0,1.0,0.010073476127419604,0.003388860495761037
0,0,1.0,0.0007733505633098919,0.005469679366797209
0,0,1.0,0.0012048688863990087,0.004543432034552097
0,0,1.0,0.021225314832179945,0.1862134486436844
0,0,1.0,0.00013520572020044648,0.0037923837080597878
0,0,1.0,0.00014012135628324926,0.004735512658953667
0,0,1.0,0.004192233240484509,0.005275650881230831
0,0,1.0,0.003181910491325948,0.0018626375822350383
1,0,1.0,0.9995445413124904,0.9976012110710144
0,0,1.0,0.004411671581182794,0.0042477562092244625
0,0,1.0,0.0007299022012921255,0.003795427270233631
0,0,1.0,0.011422547180800994,0.0032922690734267235
1,0,1.0,0.9931767737422957,0.9937730431556702
1,0,1.0,0.9948797162537761,0.9939498901367188
0,0,1.0,0.0069312913595724465,0.0020399477798491716
1,0,1.0,0.9996906632010232,0.9941717982292175
0,0,1.0,0.0008272046869823455,0.0031108446419239044
1,0,1.0,0.8519022169367972,0.9617624878883362
0,0,1.0,0.0023821319630248005,0.00768766226246953
0,0,1.0,0.003173099799135913,0.015688223764300346
1,0,1.0,0.776480914057416,0.9966111779212952
0,0,1.0,0.3557241692508431,0.001965566771104932
0,0,1.0,0.22395330657077714,0.14217384159564972
1,0,1.0,0.9767092721185918,0.9902808666229248
0,0,1.0,0.04517883514489297,0.0031843415927141905
0,0,1.0,0.0026101026103650155,0.004001946654170752
0,0,1.0,0.001212960532273965,0.005789521615952253
0,0,1.0,0.0028038092823625418,0.00578548526391387
0,0,1.0,0.006458075101760979,0.0062874737195670605
0,0,1.0,0.0026480171083811876,0.003347310470417142
0,0,1.0,0.15863583420447222,0.0023944105487316847
1,0,1.0,0.9655441031908724,0.996241569519043
1,0,1.0,0.49803504190058095,0.28801247477531433
0,0,1.0,0.013847527413600763,0.003602295182645321
1,0,1.0,0.997855053743094,0.9961214661598206
0,0,1.0,0.1178736800035762,0.8594115376472473
0,0,1.0,0.0014577742183568318,0.041895411908626556
0,0,1.0,0.06742201733207602,0.41409191489219666
1,0,1.0,0.9038169511614972,0.7761096954345703
0,0,1.0,0.007475902705985032,0.031160656362771988
0,0,1.0,0.0023191161472648934,0.003074869979172945
1,0,1.0,0.9999587415088448,0.9940375089645386
0,0,1.0,0.001578667589190414,0.0030012610368430614
0,0,1.0,0.0027796203998159017,0.0031232298351824284
1,0,1.0,0.9991132213146097,0.9959622025489807
0,0,1.0,0.0046005517291879666,0.004564005881547928
0,0,1.0,0.002134148314486815,0.008385217748582363
0,0,1.0,0.0006372387084107668,0.0037525712978094816
1,0,1.0,0.9995628656601312,0.99610435962677
0,0,1.0,0.0006342116129624077,0.006238223053514957
0,0,1.0,0.000543651600590125,0.0031107969116419554
0,0,1.0,0.0023181025596961933,0.006254368461668491
1,0,1.0,0.14996802400092527,0.007457914762198925
0,0,1.0,0.0048261809284769535,0.0033047834876924753
0,0,1.0,0.0002750062647337486,0.001877581817097962
1,0,1.0,0.9551576552336931,0.9915697574615479
0,0,1.0,0.0018151135094991652,0.001856429735198617
0,0,1.0,0.007480229345711533,0.007961248978972435
0,0,1.0,0.003615601636447083,0.005318558309227228
0,0,1.0,0.04907149495766834,0.0021398274693638086
0,0,1.0,0.08914317342855664,0.0051512024365365505
0,0,1.0,0.0009078656263735718,0.004234445281326771
0,0,1.0,0.014264454867009157,0.0057736048474907875
0,0,1.0,0.004846444622870652,0.005818188656121492
0,0,1.0,0.024065160617761292,0.0037109798286110163
0,0,1.0,0.0066176240353396166,0.0024977042339742184
0,0,1.0,0.0009334044470846835,0.003094591200351715
0,0,1.0,0.018570145167447333,0.003764095716178417
1,0,1.0,0.9970172466094599,0.9960302710533142
0,0,1.0,0.01820321208453462,0.0054757259786129
0,0,1.0,0.009205133811920166,0.0030835687648504972
0,0,1.0,0.004380486977713956,0.0045927842147648335
0,0,1.0,0.016453881219292497,0.0018768509617075324
0,0,1.0,0.002403167498440506,0.12294194102287292
1,0,1.0,0.7331370144983917,0.9859486818313599
1,0,1.0,0.9983304191979143,0.9942176342010498
0,0,1.0,0.00010870948338594633,0.004193104803562164
0,0,1.0,0.0011024588560984737,0.0030107770580798388
1,0,1.0,0.9999195319356728,0.9976478219032288
1,0,1.0,0.9918923610962472,0.9814068078994751
0,0,1.0,0.024294097408083175,0.03277531638741493
0,0,1.0,0.003318821230746114,0.0017930296016857028
0,0,1.0,0.014547489947189934,0.003719039959833026
0,0,1.0,0.042056230991042866,0.6155331134796143
0,0,1.0,0.2742403228386863,0.002702560042962432
0,0,1.0,0.009004751751118504,0.005691687110811472
0,0,1.0,0.003175273946322916,0.004089529626071453
0,0,1.0,0.0002406589289516843,0.0021623095963150263
1,0,1.0,0.9807292911245684,0.9799821376800537
0,0,1.0,0.017815291646820584,0.007815752178430557
1,0,1.0,0.9993786186410689,0.9962683320045471
0,0,1.0,0.009986884962102047,0.0018816905794665217
0,0,1.0,0.01000831222523457,0.01086810976266861
1,0,1.0,0.997448463567097,0.9937390089035034
1,0,1.0,0.9975627872803897,0.9934694766998291
1,0,1.0,0.691305964204348,0.3008641302585602
0,0,1.0,0.002456065030880105,0.004358930978924036
1,0,1.0,0.20908328346416843,0.9932799935340881
1,0,1.0,0.7137203684096511,0.4208240509033203
0,0,1.0,0.008248018079678418,0.005230024456977844
0,0,1.0,0.0016099827682517056,0.007203104440122843
0,0,1.0,0.027095373251533023,0.006972479168325663
0,0,1.0,0.018654284803911823,0.003049658378586173
0,0,1.0,0.00036921847265550354,0.005659889429807663
0,0,1.0,0.00043643290807742353,0.005549419671297073
0,0,1.0,0.0026132587104867205,0.012400948442518711
0,0,1.0,0.0011885194909937579,0.0037955825682729483
0,0,1.0,0.026094578149744297,0.007386741694062948
0,0,1.0,0.0037781282696765545,0.005273683927953243
0,0,1.0,0.06460007879993926,0.0036312926094979048
1,0,1.0,0.9880677471668181,0.9932650327682495
0,0,1.0,0.003190167843260955,0.0018410927150398493
1,0,1.0,0.998671481695137,0.9961394667625427
1,0,1.0,0.9675192897482775,0.9622294902801514
0,0,1.0,0.002153793180980623,0.001858426141552627
0,0,1.0,0.0012174174261182357,0.0046576689928770065
0,0,1.0,0.002088931221379747,0.005459323525428772
0,0,1.0,0.0008312235806990785,0.005443501751869917
0,0,1.0,0.0026800932996665847,0.005744053050875664
0,0,1.0,0.01274924075185911,0.03526671603322029
0,0,1.0,0.009955932340319494,0.0031378024723380804
0,0,1.0,0.0018035183484421638,0.0038923220708966255
1,0,1.0,0.9998761663073861,0.9964259266853333
0,0,1.0,0.008468660135311189,0.001832701382227242
0,0,1.0,0.0006301391009795637,0.0046226829290390015
0,0,1.0,0.0013394393059687256,0.003033288288861513
1,0,1.0,0.998970110565373,0.9851282238960266
0,0,1.0,0.001267055247590826,0.0030197661835700274
0,0,1.0,0.003104433382636955,0.04264908656477928
0,0,1.0,0.005725554908623556,0.005018896888941526
1,0,1.0,0.9988591831678681,0.9962635636329651
0,0,1.0,0.0013885602287893291,0.003389032557606697
1,0,1.0,0.9661479311286253,0.9927236437797546
1,0,1.0,0.9615055981769545,0.9808852076530457
1,0,1.0,0.9917665420758944,0.9862735867500305
0,0,1.0,0.0066682530051991,0.002102149184793234
0,0,1.0,0.004712617600863188,0.003242229111492634
0,0,1.0,0.006559873221363032,0.0030223599169403315
1,0,1.0,0.998812440804241,0.9936467409133911
0,0,1.0,0.17213749957316238,0.002069068606942892
0,0,1.0,0.0014631270439014977,0.0032244655303657055
0,0,1.0,0.004793500643601203,0.005241536069661379
0,0,1.0,0.0032445893861035384,0.10195302963256836
0,0,1.0,0.00024146591294710702,0.005591168534010649
0,0,1.0,0.00031476214031967727,0.004234849475324154
0,0,1.0,0.001379050576030758,0.0017971008783206344
1,0,1.0,0.9964167604329791,0.9952037334442139
0,0,1.0,0.001191814755983767,0.004719890188425779
0,0,1.0,2.1487083550182712e-05,0.005798195954412222
0,0,1.0,0.017299016193129232,0.0037206746637821198
0,0,1.0,0.0002442857688088813,0.001799871097318828
0,0,1.0,0.0014062316532529773,0.00328176305629313
1,0,1.0,0.9986616526477639,0.9959075450897217
0,0,1.0,0.002101009586665083,0.006497992668300867
0,0,1.0,0.0006444939160944547,0.003064276184886694
0,0,1.0,0.004104116943069083,0.007934138178825378
0,0,1.0,0.0027789997735420033,0.0038646773900836706
1,0,1.0,0.9529780801070633,0.9706788063049316
0,0,1.0,0.011583281013431618,0.004707824904471636
1,0,1.0,0.6899300142373342,0.9896824955940247
0,0,1.0,0.13107670096142074,0.025050915777683258
0,0,1.0,0.00038196678305968694,0.0017939056269824505
0,0,1.0,0.00025846148997760735,0.005638734437525272
0,0,1.0,0.000440654449812469,0.0031096646562218666
0,0,1.0,0.002772218363630062,0.0019441295880824327
0,0,1.0,0.7118139423336953,0.9283442497253418
0,0,1.0,0.0007868030443603444,0.0038206924218684435
1,0,1.0,0.023195325698833428,0.012826954014599323
0,0,1.0,0.0007075022178420936,0.005880842916667461
0,0,1.0,0.002359280719464489,0.0018877085531130433
1,0,1.0,0.999517889166834,0.9975213408470154
0,0,1.0,0.09553206225248817,0.002128744963556528
0,0,1.0,0.00010237140475650803,0.004581038374453783
0,0,1.0,0.0059485556105598756,0.012863675132393837
0,0,1.0,0.00039933815034957063,0.0030105020850896835
0,0,1.0,0.0031438152466047027,0.0055489144288003445
0,0,1.0,0.002886108454939873,0.007791646756231785
0,0,1.0,0.0004418661401487751,0.0057780547067523
0,0,1.0,0.0004432326838076453,0.005593480542302132
0,0,1.0,0.0015719926433865722,0.0018616997404024005
0,0,1.0,0.0011669701180628013,0.009510381147265434
0,0,1.0,0.05254535060381185,0.0066160475835204124
0,0,1.0,0.0013198448638836078,0.015698226168751717
0,0,1.0,0.0036980687982410376,0.003075090702623129
0,0,1.0,0.0006304818974930443,0.0019220822723582387
0,0,1.0,0.0002792996778184353,0.0037965148221701384
0,0,1.0,0.008945050460491188,0.009069064632058144
0,0,1.0,0.000897289416156337,0.0037943527568131685
0,0,1.0,0.0013763152429070336,0.006195775233209133
1,0,1.0,0.9998962844973324,0.9959596991539001
1,0,1.0,0.983591041983443,0.9962151646614075
1,0,1.0,0.9423160000603281,0.9634526968002319
0,0,1.0,0.0004105875886795212,0.004118494223803282
1,0,1.0,0.9988695109665144,0.9938820600509644
0,0,1.0,0.03219019580377983,0.18456149101257324
0,0,1.0,0.005500992032571106,0.006900314707309008
0,0,1.0,2.6817469246111478e-05,0.0047303372994065285
0,0,1.0,0.00028094396838007326,0.001822869060561061
0,0,1.0,0.0002331283821183576,0.005596197210252285
1,0,1.0,0.2921064628246485,0.8415084481239319
0,0,1.0,0.006025959215725751,0.003775486722588539
0,0,1.0,0.004166265884015038,0.01912195235490799
0,0,1.0,0.005241501724063513,0.00926209520548582
0,0,1.0,0.01235291494308668,0.005604094360023737
0,0,1.0,0.0006828231334844722,0.0030975642148405313
0,0,1.0,0.00030732827559184144,0.0030718150082975626
0,0,1.0,0.0013860591326509525,0.005475991405546665
0,0,1.0,0.0002660838408710669,0.00432200962677598
0,0,1.0,0.0029326670736771255,0.005521721206605434
0,0,1.0,0.002440734693645851,0.02937249466776848
0,0,1.0,0.0003065115146139218,0.006046384572982788
0,0,1.0,0.00010576877348302438,0.003699840046465397
1,0,1.0,0.993227779681823,0.9948217868804932
0,0,1.0,0.012424617859258517,0.0050191255286335945
0,0,1.0,0.04548163788132474,0.002026701346039772
0,0,1.0,0.0020964154434529865,0.003787259804084897
1,0,1.0,0.9996483393496504,0.9858376383781433
0,0,1.0,0.03550033660884835,0.00571819394826889
0,0,1.0,0.006519098742961878,0.010655144229531288
0,0,1.0,0.06447073259293938,0.005506165791302919
0,0,1.0,0.0012499335469769734,0.005531013943254948
0,0,1.0,0.0011610208534848679,0.004682742524892092
0,0,1.0,0.00024450154981513206,0.003973566461354494
0,0,1.0,0.021688455023742736,0.006785125937312841
1,0,1.0,0.9993728368799732,0.9976266026496887
1,0,1.0,0.999655438417663,0.9961754083633423
1,0,1.0,0.6864237378538192,0.9936408400535583
0,0,1.0,0.0005177696530656489,0.005570249632000923
1,0,1.0,0.8898261729418059,0.9898059964179993
0,0,1.0,0.11267378855754458,0.11931420862674713
0,0,1.0,0.001506865286696184,0.0018844682490453124
1,0,1.0,0.9862145377669963,0.9940740466117859
0,0,1.0,0.692242080004688,0.9897039532661438
1,0,1.0,0.971205043603284,0.3021494150161743
1,0,1.0,0.6996882885767947,0.9887509942054749
1,0,1.0,0.9988445502342713,0.997614860534668
1,0,1.0,0.9228855619326902,0.9887152314186096
0,0,1.0,0.0024824007930209103,0.00320578645914793
0,0,1.0,0.0007401670960387322,0.0034585765097290277
1,0,1.0,0.9999171596624743,0.9958199262619019
1,0,1.0,0.9981153897163528,0.9942176342010498
0,0,1.0,0.05109048506332239,0.018252726644277573
0,0,1.0,0.0012274949186130743,0.002993702655658126
1,0,1.0,0.4129943692106963,0.6502508521080017
1,0,1.0,0.999886641565955,0.9936762452125549
0,0,1.0,0.0020341268613479906,0.004300410393625498
1,0,1.0,0.9952474279695583,0.9941104054450989
0,0,1.0,0.0073810456941096406,0.003958361689001322
0,0,1.0,0.0008784575707819506,0.007551728747785091
0,0,1.0,0.0002100004557053534,0.005729472730308771
1,0,1.0,0.10219404503334492,0.43194380402565
1,0,1.0,0.9903319598475516,0.9954296350479126
0,0,1.0,0.011696625261940409,0.007252580486238003
0,0,1.0,0.001711801464813903,0.005720342043787241
0,0,1.0,0.0002911252350757113,0.00380177004262805
0,0,1.0,0.0054603924306038006,0.0075012752786278725
0,0,1.0,0.00016253597648242815,0.0038906619884073734
0,0,1.0,0.00045318079165931874,0.00195949780754745
0,0,1.0,0.004758903624422669,0.005858799442648888
0,0,1.0,0.00020645742758943666,0.005939478520303965
0,0,1.0,0.00015848575403203002,0.004162759520113468
0,0,1.0,0.28021358845501476,0.00182562496047467
0,0,1.0,0.0031853320955418465,0.003919281531125307
1,0,1.0,0.6790133105254644,0.14076001942157745
1,0,1.0,0.9999433156852156,0.9957876801490784
0,0,1.0,0.001379308874563884,0.005603116471320391
0,0,1.0,0.0007809855764470043,0.003791680559515953
0,0,1.0,0.0010684273853539942,0.011612688191235065
0,0,1.0,0.005152172434843187,0.0018026788020506501
0,0,1.0,0.004571508036089578,0.0045660510659217834
0,0,1.0,0.027864383612865397,0.003655479522421956
0,0,1.0,0.0010642019823479893,0.002690631430596113
0,0,1.0,0.006868705165205647,0.0041847811080515385
0,0,1.0,0.0009293242409134126,0.004011904820799828
0,0,1.0,0.01521958985691844,0.007762960623949766
0,0,1.0,0.00011786275563602736,0.004517969209700823
0,0,1.0,0.0038032799450287346,0.46940863132476807
0,0,1.0,0.0005597587988207342,0.006270012352615595
0,0,1.0,0.004149874353911634,0.005807747133076191
0,0,1.0,0.014506282245047708,0.015168491750955582
1,0,1.0,0.9964307255895462,0.992497444152832
1,0,1.0,0.9973406385045842,0.9962312579154968
0,0,1.0,0.000636903445357848,0.00675343768671155
0,0,1.0,0.000529353315926665,0.0018631517887115479
0,0,1.0,0.0008624501461709128,0.001867596060037613
0,0,1.0,0.002900771525661777,0.003007070627063513
0,0,1.0,0.0783372870173646,0.10689510405063629
1,0,1.0,0.9878410881047883,0.9845349788665771
1,0,1.0,0.9998532470452753,0.9964448809623718
0,0,1.0,0.009788418608986443,0.003586919279769063
0,0,1.0,0.002084787298813964,0.0031643707770854235
1,0,1.0,0.9997029079596728,0.9975730776786804
1,0,1.0,0.6934997269915183,0.9966149926185608
0,0,1.0,0.001449896437302071,0.008923356421291828
0,0,1.0,0.006210574745976317,0.007594594266265631
0,0,1.0,0.015217028039452794,0.005238140933215618
0,0,1.0,0.000575172676739305,0.004721357487142086
1,0,1.0,0.9996597176637894,0.9975972771644592
0,0,1.0,0.0032719176110846127,0.015483246184885502
0,0,1.0,0.2729569550712952,0.9349724054336548
0,0,1.0,0.0064255320379916925,0.018894875422120094
0,0,1.0,7.808277877969445e-05,0.005704865790903568
1,0,1.0,0.9329963508330301,0.8740171790122986
0,0,1.0,0.006437080101785538,0.0018943543545901775
0,0,1.0,0.0018162314000197755,0.00863289088010788
1,0,1.0,0.869446017251233,0.8813620805740356
0,0,1.0,0.06620464500210468,0.030900541692972183
1,0,1.0,0.6827011661514276,0.9614739418029785
0,0,1.0,0.0056951423576729575,0.06455393135547638
0,0,1.0,0.011605315101807302,0.0019094322342425585
0,0,1.0,0.0002053303239354825,0.003774662036448717
0,0,1.0,0.0006466880513445476,0.0034485480282455683
1,0,1.0,0.952319179895408,0.9201732873916626
0,0,1.0,0.00021845706027034058,0.003054484026506543
0,0,1.0,0.0007532900055697708,0.005769782233983278
0,0,1.0,0.0009215410690191718,0.004861978814005852
1,0,1.0,0.9986636919864632,0.995135486125946
1,0,1.0,0.997337444965711,0.9868841171264648
0,0,1.0,0.0007827765284323674,0.00553248543292284
0,0,1.0,0.01074913320787356,0.004648190923035145
0,0,1.0,0.00976613985056534,0.004061788320541382
1,0,1.0,0.9991645216781371,0.9961782693862915
0,0,1.0,0.001777490120340339,0.004792002961039543
1,0,1.0,0.9998686228452175,0.9941231608390808
0,0,1.0,0.005947617827045716,0.003992354031652212
1,0,1.0,0.9983630131512397,0.9958534240722656
0,0,1.0,0.002820520264169931,0.0032948204316198826
1,0,1.0,0.9996097242535545,0.9960970282554626
0,0,1.0,0.0009523114253271814,0.0017719638999551535
1,0,1.0,0.9932002240235738,0.9976528286933899
0,0,1.0,0.0002153965057052431,0.004580292385071516
1,0,1.0,0.9863773800615717,0.9975952506065369
0,0,1.0,0.001223645848131336,0.0019286612514406443
0,0,1.0,0.0003455532435067191,0.005627988371998072
1,0,1.0,0.9858335939502891,0.9927910566329956
0,0,1.0,0.001576587370122949,0.013970678672194481
1,0,1.0,0.9997998205229971,0.9975940585136414
1,0,1.0,0.9967573257436452,0.9959127306938171
1,0,1.0,0.9992849291362337,0.9936070442199707
0,0,1.0,0.004007480119392206,0.0017812583828344941
0,0,1.0,0.0023094655513283308,0.005726140458136797
0,0,1.0,0.00017943170932676895,0.004596075043082237
0,0,1.0,0.0014410553627460952,0.005722598638385534
1,0,1.0,0.9399909149136647,0.9625568389892578
0,0,1.0,0.014013136986324818,0.005477731116116047
1,0,1.0,0.941900903929645,0.481800377368927
0,0,1.0,0.0024319625120451287,0.0031698625534772873
0,0,1.0,0.016317491348569073,0.0046251146122813225
0,0,1.0,0.0018123784635847627,0.006203117780387402
0,0,1.0,0.0025286701105932297,0.005875139031559229
1,0,1.0,0.8130252535393468,0.9715026617050171
0,0,1.0,0.001559481425201928,0.0050553022883832455
1,0,1.0,0.997276456890143,0.9951362013816833
0,0,1.0,0.00025179818384009583,0.004597039427608252
0,0,1.0,0.012385285972122016,0.0018859261181205511
0,0,1.0,0.0002150389793514569,0.0019460939802229404
0,0,1.0,0.0038044019523302023,0.004534611944109201
0,0,1.0,0.006642912524270862,0.002476785331964493
0,0,1.0,0.1217382364253254,0.1099415123462677
0,0,1.0,0.066420040230795,0.005431067664176226
0,0,1.0,0.00873547597081359,0.006022764835506678
0,0,1.0,0.0004511547672471725,0.0018592540873214602
0,0,1.0,0.0019212884985209686,0.004864069167524576
0,0,1.0,0.0009015478642755768,0.0038732709363102913
0,0,1.0,0.0006231207644020268,0.005532519426196814
0,0,1.0,0.007403854173359401,0.006953524891287088
1,0,1.0,0.3690910563265437,0.19918818771839142
0,0,1.0,0.013823226075559187,0.027975481003522873
0,0,1.0,0.01938357402927949,0.032833244651556015
0,0,1.0,0.0019473470080293414,0.006313117686659098
0,0,1.0,0.00011795731269281252,0.0018483379390090704
0,0,1.0,0.00018595772092067986,0.0037762511055916548
0,0,1.0,0.0007801633608702701,0.005188432522118092
0,0,1.0,9.075307143101143e-05,0.003865404985845089
0,0,1.0,0.0011592297039095705,0.005794068332761526
0,0,1.0,0.001770595818391051,0.0037681800313293934
0,0,1.0,0.002898248865220677,0.004079251550137997
1,0,1.0,0.9790169835936132,0.9908217191696167
1,0,1.0,0.886575553276605,0.8646042943000793
0,0,1.0,0.0016893224136673862,0.001789849135093391
0,0,1.0,0.008583612981941635,0.0064454092644155025
0,0,1.0,0.0004942871766107986,0.0020780228078365326
0,0,1.0,0.0013738459918470173,0.0062308162450790405
1,0,1.0,0.9992422027140776,0.9921866655349731
0,0,1.0,0.0006296965891820752,0.005906072445213795
0,0,1.0,0.0002840335197203,0.003777460427954793
0,0,1.0,0.008274672287613492,0.017210477963089943
1,0,1.0,0.24959090847639231,0.010035418905317783
0,0,1.0,0.0008552260892334601,0.00369995622895658
1,0,1.0,0.9998267784956459,0.9958772659301758
0,0,1.0,0.2766923045539675,0.004374334122985601
1,0,1.0,0.9995280904418673,0.9963177442550659
0,0,1.0,0.0015109818560801297,0.0030632230918854475
0,0,1.0,0.0012365865985614545,0.00419184286147356
0,0,1.0,0.00239563343160668,0.001993953250348568
0,0,1.0,0.002993006539626798,0.011806854046881199
1,0,1.0,0.9535050597237462,0.7248179316520691
1,0,1.0,0.9995346158429305,0.9960294961929321
0,0,1.0,0.005099290823120665,0.006246108561754227
1,0,1.0,0.9469210149008411,0.99378901720047
1,0,1.0,0.9158160957133402,0.8777356147766113
0,0,1.0,0.0012987276492124687,0.005572173278778791
1,0,1.0,0.3876644358940873,0.6787307262420654
1,0,1.0,0.24485070060716654,0.005790594965219498
1,0,1.0,0.8986926129067273,0.9839857220649719
1,0,1.0,0.9997967125503584,0.995966911315918
0,0,1.0,0.004687901028967041,0.0018487506313249469
0,0,1.0,0.0007568884496180056,0.00299645634368062
0,0,1.0,0.0002518472995747207,0.0056234621442854404
0,0,1.0,0.0007554803625698,0.009878274984657764
1,0,1.0,0.9976275795070604,0.9973670840263367
0,0,1.0,0.0011611196111086014,0.0018493817187845707
1,0,1.0,0.9988488242594683,0.9960079193115234
0,0,1.0,0.0005898534051575974,0.004521560855209827
0,0,1.0,0.004773203364282302,0.008939509280025959
0,0,1.0,0.049364458374174164,0.0037623224779963493
0,0,1.0,0.14764712397791585,0.02312742918729782
0,0,1.0,0.003903764717505671,0.001988958800211549
1,0,1.0,0.9999698159437533,0.9963849782943726
0,0,1.0,0.002012823965618068,0.00460034841671586
1,0,1.0,0.9996316587453474,0.995136559009552
0,0,1.0,0.030172264743026932,0.010008977726101875
1,0,1.0,0.9478090872106986,0.9894564747810364
1,0,1.0,0.9992522856196568,0.9958437085151672
1,0,1.0,0.998980932351118,0.996221661567688
1,0,1.0,0.9923200094428546,0.9520832896232605
0,0,1.0,0.01569826354850504,0.005078126210719347
0,0,1.0,0.3672724880921889,0.7626232504844666
1,0,1.0,0.04106801555513637,0.20550060272216797
0,0,1.0,0.09303690511830773,0.028744304552674294
0,0,1.0,0.0007633015986754073,0.0064514027908444405
1,0,1.0,0.9989675671669137,0.9945356845855713
0,0,1.0,0.00022228558017697378,0.00412222184240818
0,0,1.0,0.001137209046308529,0.027252916246652603
0,0,1.0,0.0029678947377933746,0.0018375130603089929
0,0,1.0,0.011000037311428776,0.006012092810124159
0,0,1.0,0.0009602539266724128,0.005623941775411367
0,0,1.0,0.001907647617299268,0.008173273876309395
0,0,1.0,0.006689478676109813,0.003034892026335001
1,0,1.0,0.8956729055005912,0.9361369609832764
0,0,1.0,0.042098904737705375,0.0054018194787204266
1,0,1.0,0.9220209025942891,0.9893389344215393
0,0,1.0,0.0005528338277103109,0.004568735137581825
0,0,1.0,0.0017273971836135658,0.0018693197052925825
1,0,1.0,0.9996457778886985,0.9941085577011108
0,0,1.0,0.01240889484739653,0.004635210148990154
0,0,1.0,0.007896200504419769,0.05491582676768303
0,0,1.0,0.1416852701508419,0.13477195799350739
0,0,1.0,0.0008723359998110026,0.005858783610165119
1,0,1.0,0.9874609168631852,0.9926169514656067
0,0,1.0,0.03501162988700812,0.014306268654763699
1,0,1.0,0.9812256511636908,0.9957467913627625
0,0,1.0,0.00984451510358249,0.21759521961212158
0,0,1.0,0.0005855669668999508,0.0018430830677971244
0,0,1.0,0.0005633754895062792,0.003170423209667206
0,0,1.0,0.001131470326984314,0.0018786793807521462
1,0,1.0,0.9938173209214338,0.9976720213890076
0,0,1.0,0.0019988994026510984,0.0018201095517724752
0,0,1.0,0.011765141716302397,0.003924223128706217
0,0,1.0,0.040322446180412745,0.04125359654426575
0,0,1.0,0.040016410032408675,0.011914718896150589
0,0,1.0,0.00030150288707119784,0.0033442142885178328
0,0,1.0,0.0041741793006945145,0.005730608012527227
0,0,1.0,0.010629147505830503,0.0017777093453332782
0,0,1.0,0.004093008322771187,0.0020444891415536404
0,0,1.0,0.00047331160394100834,0.00380583549849689
1,0,1.0,0.8479373942728063,0.98207688331604
1,0,1.0,0.25650647160860685,0.9887286424636841
1,0,1.0,0.9971519570188109,0.9940496683120728
1,0,1.0,0.9979436995824369,0.9951155185699463
1,0,1.0,0.9913566051731576,0.9963041543960571
0,0,1.0,0.01131561797769052,0.006331759039312601
0,0,1.0,0.009910991702151067,0.0017739125760272145
1,0,1.0,0.9997992643679107,0.995525062084198
1,0,1.0,0.9017204967468706,0.15922564268112183
1,0,1.0,0.9991064652691041,0.9977434873580933
0,0,1.0,0.00011393001700765885,0.005098577123135328
1,0,1.0,0.9986719578558161,0.9956201910972595
1,0,1.0,0.9791326291009168,0.9973033666610718
0,0,1.0,0.009349035206150316,0.0066209821961820126
0,0,1.0,0.006143919581584159,0.0030662300996482372
0,0,1.0,0.004580022993265647,0.005967253819108009
0,0,1.0,0.0011499100781031432,0.0032695960253477097
1,0,1.0,0.9860580564118271,0.979758620262146
0,0,1.0,0.0004783105712928374,0.0038763005286455154
1,0,1.0,0.9992039230758727,0.9959380626678467
0,0,1.0,0.0007142658389233541,0.0032356863375753164
0,0,1.0,0.0018521564844288223,0.004660448990762234
0,0,1.0,0.0019147045839508464,0.004752077627927065
0,0,1.0,0.014635310951941729,0.003110060701146722
0,0,1.0,0.0008713742777691713,0.005746943410485983
0,0,1.0,0.00517970212255278,0.0038353868294507265
0,0,1.0,0.0017431118217445677,0.0046194386668503284
0,0,1.0,0.00027180427124042937,0.0018269618740305305
1,0,1.0,0.9999493810936178,0.996279776096344
1,0,1.0,0.9966993202583102,0.9974676370620728
0,0,1.0,0.0002985642034553097,0.004668402951210737
0,0,1.0,0.006969146965810932,0.009010391309857368
1,0,1.0,0.9985296704172354,0.9962170720100403
0,0,1.0,0.0012009972433160122,0.005522904451936483
0,0,1.0,0.0027768338926301758,0.006466046907007694
0,0,1.0,0.0023434363822183476,0.004776357673108578
0,0,1.0,0.3292152323836844,0.15770317614078522
0,0,1.0,0.0056487624463530195,0.0019099268829450011
1,0,1.0,0.9999821064488758,0.9963300824165344
0,0,1.0,0.021635248258336,0.019211208447813988
0,0,1.0,0.0011069689446300394,0.001966698095202446
0,0,1.0,0.10936215588657057,0.003231533570215106
0,0,1.0,0.00046106643448659784,0.004121571779251099
0,0,1.0,0.000977259827803318,0.004913157783448696
0,0,1.0,0.002707506089630649,0.0020050080493092537
0,0,1.0,0.00017062243218767166,0.005516792647540569
0,0,1.0,0.048743786519660694,0.2731098234653473
0,0,1.0,0.001752713697592964,0.0051819984801113605
0,0,1.0,0.14277741299839034,0.0547446645796299
0,0,1.0,0.03745620423585027,0.013016875833272934
0,0,1.0,0.006545955765818711,0.00540199875831604
1,0,1.0,0.993621185473285,0.9937357306480408
0,0,1.0,0.0038181173782225034,0.0030071334913372993
0,0,1.0,0.00812421073634137,0.0037846160121262074
1,0,1.0,0.9996217997495387,0.9976769089698792
0,0,1.0,0.07289579654627652,0.06349385529756546
0,0,1.0,0.005739789285991323,0.004723728634417057
0,0,1.0,0.014273389232485398,0.07821032404899597
0,0,1.0,0.0010204463621537074,0.00788637064397335
1,0,1.0,0.9996310157377913,0.9957863688468933
1,0,1.0,0.9977892133249706,0.9948545694351196
0,0,1.0,0.00040426194159475263,0.005506704095751047
0,0,1.0,0.030870401469476044,0.7094398140907288
0,0,1.0,0.004250993010040855,0.01299879141151905
0,0,1.0,0.0028922650892551573,0.004024923779070377
0,0,1.0,0.00015558651115644875,0.003337305039167404
1,0,1.0,0.9988487001806519,0.993990957736969
0,0,1.0,0.0003093228217332944,0.0037871175445616245
0,0,1.0,0.03717715982031527,0.0030531352385878563
0,0,1.0,0.022728949842427744,0.017976148054003716
0,0,1.0,0.06592125019947764,0.0026742340996861458
0,0,1.0,0.001673648011271808,0.005772498901933432
0,0,1.0,0.025058554941526038,0.01283402182161808
0,0,1.0,0.0022971357023498615,0.0032147816382348537
0,0,1.0,0.015684430559929737,0.0018698980566114187
0,0,1.0,0.0004021678602209834,0.0018632537685334682
0,0,1.0,0.0029958169962002804,0.0017750931438058615
1,0,1.0,0.997156880065243,0.9958362579345703
0,0,1.0,0.0013459033200954268,0.0033905887976288795
1,0,1.0,0.9961550006133183,0.9963621497154236
1,0,1.0,0.9997132362804386,0.8912444114685059
0,0,1.0,0.03762375066882345,0.004917962942272425
1,0,1.0,0.9602884790756729,0.9893683791160583
1,0,1.0,0.9989586009364396,0.997262716293335
0,0,1.0,0.03870006880841456,0.9563943147659302
0,0,1.0,0.0031564427201157567,0.0031108844559639692
0,0,1.0,0.05034264927564219,0.001810090383514762
1,0,1.0,0.99183346582021,0.9936941266059875
0,0,1.0,0.0012138581582346838,0.006695213261991739
0,0,1.0,0.016868562459142214,0.0037394235841929913
0,0,1.0,0.0007533592493200312,0.001902422634884715
1,0,1.0,0.9860770872049894,0.993633508682251
1,0,1.0,0.9989153720778711,0.993680477142334
0,0,1.0,0.0010819550838574849,0.0032061098609119654
0,0,1.0,0.012299382825690744,0.005357062444090843
0,0,1.0,0.00095318051202256,0.0018120341701433063
0,0,1.0,0.0001748382568301167,0.004148632287979126
1,0,1.0,0.9852599022171664,0.9921595454216003
0,0,1.0,0.047772157465771736,0.029334476217627525
1,0,1.0,0.9985565266994083,0.9962487816810608
0,0,1.0,0.00242569663378218,0.001793127739802003
1,0,1.0,0.9943310398863738,0.9818089604377747
0,0,1.0,0.008616488451115156,0.006475292146205902
0,0,1.0,0.00560480690955777,0.05047532916069031
0,0,1.0,0.18119023260315503,0.2951011657714844
1,0,1.0,0.9998588760093565,0.9961380362510681
0,0,1.0,0.06988975306818028,0.742676317691803
1,0,1.0,0.9930067424441388,0.9953373670578003
0,0,1.0,0.0012041151387442123,0.0030039960984140635
1,0,1.0,0.9928913138871703,0.9947957396507263
0,0,1.0,0.0029900191666490687,0.005770657677203417
0,0,1.0,0.006560102958938097,0.0038990669418126345
1,0,1.0,0.8792632450047384,0.9938749670982361
0,0,1.0,0.009525189793537335,0.004293192643672228
1,0,1.0,0.9965354442034902,0.9904767274856567
0,0,1.0,0.0011556058481540918,0.005502203479409218
0,0,1.0,0.006577044989597171,0.020393045619130135
0,0,1.0,0.0018539385899144795,0.004347831942141056
1,0,1.0,0.994783377083281,0.9976629018783569
0,0,1.0,0.010626624394994521,0.005791509058326483
1,0,1.0,0.9986537162215732,0.9956414699554443
0,0,1.0,0.0009065131045225798,0.003240568097680807
0,0,1.0,0.013170158472359405,0.0031593721359968185
1,0,1.0,0.992906257524664,0.9961966276168823
0,0,1.0,0.0012498528216973812,0.0077582597732543945
0,0,1.0,0.06345363638510121,0.019061271101236343
0,0,1.0,0.001105400072175065,0.006642374210059643
0,0,1.0,0.0006436688466676885,0.006177285220474005
0,0,1.0,0.0032095265349069394,0.004065891727805138
1,0,1.0,0.9984714817351225,0.9975206255912781
0,0,1.0,0.0003538769010155023,0.003853145055472851
0,0,1.0,0.00507102751731313,0.003973452840000391
1,0,1.0,0.9532909764264952,0.9940202236175537
0,0,1.0,0.00032034144322846535,0.0051903207786381245
1,0,1.0,0.9997532790292747,0.9943907856941223
0,0,1.0,0.0002720908691983946,0.0038265916518867016
1,0,1.0,0.9998602710006806,0.9962018132209778
0,0,1.0,0.0014579475381468554,0.009225363843142986
0,0,1.0,0.02590015334303484,0.029835810884833336
0,0,1.0,0.0015987619374389216,0.010697420686483383
1,0,1.0,0.9919819346629417,0.9963732361793518
0,0,1.0,0.0017742017735271204,0.0029993581119924784
1,0,1.0,0.6526179898365447,0.9937582015991211
0,0,1.0,0.000667613108146432,0.004670929629355669
0,0,1.0,0.0009736095707514328,0.0019269384210929275
0,0,1.0,0.00795329277340408,0.0035624054726213217
0,0,1.0,0.009985993107434024,0.0075133079662919044
1,0,1.0,0.999523177751449,0.9976970553398132
0,0,1.0,0.0002823081878006183,0.0031910601537674665
1,0,1.0,0.1571963450752044,0.9123193025588989
0,0,1.0,0.00021865429968950266,0.004805483855307102
0,0,1.0,0.009160326556330683,0.009978683665394783
0,0,1.0,0.005755488389259894,0.0034669453743845224
0,0,1.0,0.02559274892693416,0.08320751041173935
1,0,1.0,0.9798178470979128,0.9863035082817078
1,0,1.0,0.9984168930558819,0.9957555532455444
0,0,1.0,0.007278695328750235,0.011726969853043556
0,0,1.0,0.015115204990970965,0.005228119436651468
0,0,1.0,0.0003353372123898255,0.0038212640210986137
1,0,1.0,0.9821830419771215,0.9975064396858215
0,0,1.0,0.00045299248865142617,0.005597004201263189
0,0,1.0,0.0027126595456549753,0.0061401491984725
0,0,1.0,0.001990493170059533,0.006740502547472715
0,0,1.0,0.0003650465403088918,0.003091332968324423
0,0,1.0,0.09727254101296688,0.003305754391476512
0,0,1.0,0.0034329848009082586,0.006360326893627644
0,0,1.0,0.0111100440169945,0.0020257977303117514
0,0,1.0,0.006800404382619657,0.1151413843035698
1,0,1.0,0.9887480684184019,0.9951292276382446
0,0,1.0,0.006845701360775996,0.03541170060634613
0,0,1.0,0.6490138051045018,0.24676354229450226
0,0,1.0,0.005323563682305241,0.005859897006303072
0,0,1.0,0.0018507299375438786,0.0019620938692241907
0,0,1.0,0.00023223023936800325,0.0033020281698554754
0,0,1.0,0.008311272255877314,0.0062014395371079445
0,0,1.0,0.014884877794000932,0.004766948986798525
0,0,1.0,0.001037500370632308,0.004895118996500969
1,0,1.0,0.9999816088242289,0.9957596659660339
0,0,1.0,0.0009581980380425563,0.006804679054766893
0,0,1.0,0.00016872066296566053,0.0018879008712247014
1,0,1.0,0.9998317701920867,0.9960958361625671
0,0,1.0,0.15034674520847494,0.9234148263931274
1,0,1.0,0.9998241784025388,0.9955922961235046
0,0,1.0,0.0773717879014455,0.5970502495765686
0,0,1.0,0.005280642543256608,0.05969909951090813
0,0,1.0,0.0003417958048871331,0.004684880841523409
0,0,1.0,0.0008224114905716756,0.003815985284745693
0,0,1.0,0.00042257860837129177,0.003103639231994748
1,0,1.0,0.9976853860227743,0.9941599369049072
0,0,1.0,0.019016766303225102,0.00884435698390007
1,0,1.0,0.9946064607887662,0.9973549842834473
1,0,1.0,0.6402541629933136,0.2973380386829376
0,0,1.0,0.00012185246601580849,0.005630302242934704
0,0,1.0,0.0008780121845337936,0.0031258633825927973
0,0,1.0,0.03258615504762823,0.0017742426134645939
0,0,1.0,0.0006503001982015133,0.003892384935170412
0,0,1.0,0.0020891110823612574,0.005556618794798851
0,0,1.0,0.0018594047123506536,0.0020070441532880068
0,0,1.0,0.0010994488730823508,0.0056650578044354916
0,0,1.0,0.0025764906444672854,0.004882870241999626
0,0,1.0,0.0006300927801691518,0.005591984838247299
0,0,1.0,0.0003815550053658907,0.00466195959597826
1,0,1.0,0.9589816631044978,0.9973509311676025
1,0,1.0,0.9997870317094628,0.9959717392921448
0,0,1.0,0.0016192231490743448,0.02717900089919567
1,0,1.0,0.13220751624758645,0.2277591973543167
0,0,1.0,0.0074868266699529415,0.01039937324821949
0,0,1.0,0.00015140635463082574,0.0018726767739281058
1,0,1.0,0.9995594933792921,0.992813766002655
1,0,1.0,0.9966694429506037,0.9934671521186829
0,0,1.0,0.0003619143836021383,0.0031087053939700127
0,0,1.0,0.008748016482607705,0.0019329432398080826
1,0,1.0,0.9171267199999381,0.9432030320167542
0,0,1.0,0.0023554572194210096,0.005780777893960476
0,0,1.0,0.00019377172394109896,0.0020985484588891268
1,0,1.0,0.894262480746801,0.9912693500518799
0,0,1.0,0.003961004531168601,0.004601400811225176
0,0,1.0,0.0006767237841876576,0.003115266328677535
0,0,1.0,0.0007744884136962322,0.0032505872659385204
0,0,1.0,0.024231262692228084,0.04694183170795441
0,0,1.0,0.002132898436190448,0.003923740237951279
0,0,1.0,0.2959332692359465,0.054905734956264496
0,0,1.0,0.0018475256207695864,0.0035702171735465527
0,0,1.0,0.02418623015327542,0.10963223874568939
0,0,1.0,0.00013503423540386596,0.004586192779242992
0,0,1.0,3.9921458824671026e-05,0.003639697562903166
0,0,1.0,0.014828764948430993,0.004506263881921768
0,0,1.0,0.04139736200011401,0.007676160894334316
0,0,1.0,0.016689947822129774,0.2803651690483093
0,0,1.0,0.001918261319659523,0.005531481001526117
1,0,1.0,0.9941093120550373,0.9933483004570007
0,0,1.0,0.003954442009004315,0.01629188284277916
0,0,1.0,0.0012267383584044628,0.0017634243704378605
1,0,1.0,0.9999362744631234,0.9941579103469849
0,0,1.0,0.000737542896266559,0.004934900440275669
0,0,1.0,0.08197672870888077,0.01212343666702509
0,0,1.0,0.020384329647327396,0.0461917407810688
1,0,1.0,0.9982387098657755,0.9955054521560669
1,0,1.0,0.9913907905078331,0.9948927164077759
0,0,1.0,0.0026601777845279657,0.004951842129230499
0,0,1.0,0.000501980858262096,0.0047383857890963554
0,0,1.0,0.008988151665778227,0.0030625504441559315
0,0,1.0,0.3053453742973046,0.9113954901695251
0,0,1.0,0.0016281582189182251,0.0044057127088308334
0,0,1.0,0.0031390443814696286,0.7116745710372925
0,0,1.0,0.05389007553403183,0.03526661917567253
1,0,1.0,0.7351709088090148,0.9911933541297913
1,0,1.0,0.997953578922343,0.9935345649719238
0,0,1.0,0.0013757491016636583,0.001824539969675243
0,0,1.0,0.019462254911131387,0.0073065259493887424
0,0,1.0,0.0006153648991915868,0.00572245754301548
1,0,1.0,0.9917907081073803,0.9957672357559204
0,0,1.0,0.0043005696271707665,0.0038436977192759514
0,0,1.0,0.0008022822800256772,0.003104574978351593
0,0,1.0,0.001037100157590885,0.0022058412432670593
0,0,1.0,0.0016162396805153093,0.006169755011796951
0,0,1.0,0.006712473665913511,0.013740498572587967
0,0,1.0,0.0029397100971490855,0.0018775889184325933
0,0,1.0,0.004413476012095674,0.003047240898013115
1,0,1.0,0.9949423412791395,0.994950532913208
0,0,1.0,0.0018527606408248504,0.0038026224356144667
0,0,1.0,0.00044840141900597913,0.003179730148985982
0,0,1.0,0.0005524133438934663,0.0057485452853143215
0,0,1.0,0.000529291400918081,0.0038433398585766554
0,0,1.0,0.0022432975726005503,0.003757753409445286
0,0,1.0,0.020634301028780052,0.3332701027393341
0,0,1.0,0.0017445051587872532,0.005855634342879057
0,0,1.0,0.0029348855197982027,0.057983387261629105
0,0,1.0,0.0014185190342479407,0.0038049821741878986
1,0,1.0,0.999876570556699,0.9962544441223145
0,0,1.0,0.007037048501353173,0.008203929290175438
1,0,1.0,0.9999782410312048,0.9977099895477295
0,0,1.0,0.002084526096350734,0.010027913376688957
0,0,1.0,0.002719565837716592,0.004998421762138605
0,0,1.0,0.0010507108752418801,0.005705125629901886
0,0,1.0,0.00017289842976208277,0.002054949989542365
0,0,1.0,0.002039634999564339,0.004909825511276722
1,0,1.0,0.79340633961317,0.9133071303367615
1,0,1.0,0.586573580173058,0.7083780765533447
0,0,1.0,0.0009035425201612067,0.003969782032072544
0,0,1.0,0.0006016996692729902,0.0030639134347438812
0,0,1.0,0.01253231237357475,0.004006727132946253
1,0,1.0,0.998654385630176,0.9977439641952515
0,0,1.0,0.00799413560449137,0.4396911859512329
0,0,1.0,0.007066324519929438,0.025359971448779106
0,0,1.0,0.0005064476399343761,0.004538289271295071
0,0,1.0,0.00021385161007239187,0.0038080632220953703
0,0,1.0,0.0014426594518647507,0.004565240349620581
0,0,1.0,0.03780378510729899,0.3335273861885071
0,0,1.0,0.005736115194356627,0.01999417506158352
0,0,1.0,0.0009140222187963427,0.002964326413348317
1,0,1.0,0.9832426811609486,0.9788642525672913
1,0,1.0,0.9981345330115148,0.9977554678916931
1,0,1.0,0.6290169976797898,0.9585521221160889
1,0,1.0,0.9966710264210463,0.9959867596626282
0,0,1.0,0.009500019587472475,0.0018462436273694038
0,0,1.0,0.0003895605854699541,0.004590689670294523
1,0,1.0,0.9973923453341151,0.9942706823348999
0,0,1.0,0.00044582392848034765,0.0018917827401310205
0,0,1.0,0.0387068808505789,0.16685087978839874
1,0,1.0,0.9999559306122444,0.996411144733429
0,0,1.0,0.009823275957515542,0.0051665594801306725
1,0,1.0,0.9891179368506504,0.9685661196708679
0,0,1.0,0.0018026821711677082,0.004581738729029894
0,0,1.0,0.002772900104986555,0.0017933950293809175
1,0,1.0,0.9997195779098336,0.9961236119270325
0,0,1.0,0.09077533427595513,0.012126577086746693
0,0,1.0,0.0226805019765682,0.0019820535089820623
1,0,1.0,0.9988524569986081,0.9962862730026245
0,0,1.0,0.00790710702638619,0.0020947104785591364
0,0,1.0,6.354124842726638e-05,0.0032685832120478153
0,0,1.0,0.0007915494344094337,0.0030320396181195974
0,0,1.0,0.0009741586490180804,0.0018324615666642785
1,0,1.0,0.9993386323801942,0.9936123490333557
0,0,1.0,0.016218418603517127,0.010013552382588387
1,0,1.0,0.990676802060375,0.9929552674293518
0,0,1.0,0.0008859834273312968,0.004829570185393095
0,0,1.0,0.0014112502150829985,0.0036983343306928873
1,0,1.0,0.9997719371676971,0.9940963983535767
0,0,1.0,0.0035691138642999793,0.0019221846014261246
1,0,1.0,0.9990923644167816,0.9959051609039307
0,0,1.0,0.0009632549915092904,0.0019222907721996307
0,0,1.0,0.0008512713495102566,0.004641709383577108
0,0,1.0,0.0016716503278430864,0.00711357407271862
0,0,1.0,0.23979500913758992,0.14056313037872314
0,0,1.0,0.007723392777036812,0.009306459687650204
1,0,1.0,0.9853635015944127,0.9975172281265259
0,0,1.0,0.0005482227188520878,0.003076264401897788
0,0,1.0,0.00039266174026496997,0.0017790282145142555
0,0,1.0,0.21933147543043754,0.01354739535599947
0,0,1.0,0.02602684120036759,0.0025044349022209644
0,0,1.0,0.014054627448503287,0.008061499334871769
1,0,1.0,0.9980944033306627,0.9955045580863953
0,0,1.0,0.0007463783598492398,0.005130616948008537
0,0,1.0,0.015260431365848096,0.00966101884841919
0,0,1.0,0.011291695839896084,0.009499670006334782
0,0,1.0,0.005182068041215194,0.0037562150973826647
1,0,1.0,0.9956399600929563,0.9947555065155029
0,0,1.0,0.0017296268190391323,0.005575569346547127
0,0,1.0,0.0012452307266670876,0.0030350263696163893
1,0,1.0,0.9858030152214666,0.9933591485023499
0,0,1.0,0.012700892795086361,0.008844093419611454
0,0,1.0,0.0004396739761894513,0.003047746606171131
0,0,1.0,0.01177883554942713,0.004026604816317558
0,0,1.0,0.002430675737973534,0.005491685587912798
1,0,1.0,0.9997236926580177,0.9977290034294128
1,0,1.0,0.9999619581182401,0.9957025647163391
0,0,1.0,0.0023019977067491,0.007577011827379465
0,0,1.0,0.014583962386676048,0.004284477327018976
0,0,1.0,0.06864179392692579,0.003953938372433186
0,0,1.0,0.004985072277331992,0.001820492441765964
0,0,1.0,0.015992345390987067,0.037867166101932526
0,0,1.0,0.014256962404588144,0.17793528735637665
0,0,1.0,0.030606442966696012,0.0028478263411670923
0,0,1.0,0.005630673887740722,0.0030206365045160055
0,0,1.0,0.024913307001526223,0.4271423816680908
0,0,1.0,0.007900371434872978,0.006657449062913656
0,0,1.0,0.0015764958553047717,0.0048462143167853355
0,0,1.0,0.0020621377587323646,0.0030168993398547173
0,0,1.0,0.010629971130042881,0.0063780928030610085
0,0,1.0,0.004825292213793555,0.005314634647220373
0,0,1.0,0.0018332577440547386,0.0037683143746107817
1,0,1.0,0.9202049664020026,0.013477528467774391
0,0,1.0,0.001056351080149796,0.009234809316694736
0,0,1.0,0.0005182732299980811,0.005740402732044458
1,0,1.0,0.9997327561624346,0.995624840259552
0,0,1.0,0.00018029874897880773,0.005606714636087418
1,0,1.0,0.9848092167192809,0.994130551815033
1,0,1.0,0.9995917099185301,0.9961448907852173
0,0,1.0,0.01924315479378214,0.23189426958560944
0,0,1.0,0.10173443699145078,0.02632300555706024
0,0,1.0,0.0019198547506830135,0.01633479632437229
1,0,1.0,0.5199126764520967,0.9820418357849121
0,0,1.0,0.000696743434138469,0.0031215157359838486
0,0,1.0,0.00023648235574767642,0.00191778305452317
1,0,1.0,0.9999149058819091,0.995971143245697
0,0,1.0,0.00042352766719299225,0.005534319672733545
0,0,1.0,0.000735404939349036,0.012251299805939198
0,0,1.0,0.001912960534860731,0.0018708291463553905
0,0,1.0,0.001968350648137937,0.009864130057394505
0,0,1.0,0.0032677379468458215,0.001932736486196518
0,0,1.0,0.003364014803319569,0.03090137615799904
0,0,1.0,0.020667037320628436,0.01637900061905384
1,0,1.0,0.9877822699829397,0.9583343267440796
1,0,1.0,0.9931913925481399,0.9924131035804749
0,0,1.0,0.001048272263546766,0.0017987036844715476
0,0,1.0,0.0022898523770200057,0.003901817835867405
0,0,1.0,0.016957748101941096,0.007219928782433271
0,0,1.0,0.20102497318692814,0.035348355770111084
0,0,1.0,0.7906483947440032,0.9761707186698914
0,0,1.0,0.014045632801687849,0.0067522767931222916
0,0,1.0,0.00240845155599396,0.0018364997813478112
0,0,1.0,0.017222552920032618,0.0047698477283120155
0,0,1.0,0.6301163169106797,0.021522853523492813
0,0,1.0,0.0003604976725707668,0.005872170906513929
0,0,1.0,0.0001942441808973168,0.0018770581809803843
0,0,1.0,0.0013936199914091098,0.006024395581334829
0,0,1.0,0.004144055784973821,0.01794031634926796
0,0,1.0,0.008941207057842663,0.003745365422219038
0,0,1.0,0.0009561923129176539,0.10057299584150314
0,0,1.0,0.0006694969662942791,0.003928805235773325
0,0,1.0,0.0006949871177744972,0.0019997404888272285
0,0,1.0,0.26912258804107775,0.043150145560503006
0,0,1.0,0.0016803986019264087,0.0044286553747951984
0,0,1.0,0.0058881272560867386,0.0046668522991240025
0,0,1.0,0.004192684976645146,0.006456377450376749
0,0,1.0,0.00013276034556119394,0.001957859145477414
0,0,1.0,0.00022966230563567795,0.004589216783642769
0,0,1.0,0.0012278569307521746,0.0038721966557204723
0,0,1.0,0.08707825667876301,0.9816158413887024
0,0,1.0,0.0038210448102107795,0.002010006457567215
1,0,1.0,0.9435962902650942,0.9556184411048889
0,0,1.0,0.0011622009564792749,0.0018128141527995467
1,0,1.0,0.9720323832451081,0.9954742789268494
1,0,1.0,0.9983823285397343,0.9958957433700562
0,0,1.0,0.003454716502862102,0.006580366753041744
1,0,1.0,0.5165701415445335,0.9691827297210693
0,0,1.0,0.011460860192856508,0.8621181845664978
0,0,1.0,0.008336838324117059,0.02448420412838459
0,0,1.0,0.0005706367136022264,0.0038920524530112743
1,0,1.0,0.9968451063219113,0.9944095015525818
0,0,1.0,0.003097655874477296,0.012523815967142582
0,0,1.0,0.005767061097303186,0.0019455465953797102
0,0,1.0,0.0009810310254577104,0.003231639740988612
0,0,1.0,0.002313623050995956,0.005687672644853592
0,0,1.0,0.002751747689021689,0.0018485297914594412
1,0,1.0,0.999722053256359,0.9939562678337097
1,0,1.0,0.9864616297099156,0.9976608753204346
1,0,1.0,0.7917253786401206,0.9101982116699219
0,0,1.0,0.17730195530047654,0.8770400881767273
0,0,1.0,0.002517997406294779,0.003802916733548045
0,0,1.0,0.0001246888605707239,0.005827935878187418
1,0,1.0,0.9845458723991285,0.8988430500030518
0,0,1.0,0.0017602533759095698,0.001784632564522326
1,0,1.0,0.9998451797312555,0.9963181018829346
0,0,1.0,0.0014345299234589924,0.002165702171623707
0,0,1.0,0.00016191044136655054,0.0030663320794701576
0,0,1.0,0.0023671277396506837,0.0037962007336318493
1,0,1.0,0.9944978368866053,0.9974851608276367
0,0,1.0,0.005463237215384064,0.005855415482074022
0,0,1.0,0.0011758818970472506,0.0038402886129915714
0,0,1.0,0.0018471857488676817,0.006057418882846832
0,0,1.0,0.0011135623690416712,0.00383568718098104
1,0,1.0,0.9989841878568096,0.9941547513008118
1,0,1.0,0.9945329124822673,0.995517909526825
1,0,1.0,0.9955415782986019,0.9853560328483582
0,0,1.0,0.01912652648478216,0.6630005836486816
0,0,1.0,0.0005050949033723934,0.004821546841412783
0,0,1.0,0.01180748375708377,0.0018435040256008506
0,0,1.0,0.0003790316741649835,0.0030323509126901627
0,0,1.0,0.0007210293826404422,0.005422224756330252
0,0,1.0,0.00620708318329224,0.005556139629334211
1,0,1.0,0.9143018626973002,0.9729464650154114
0,0,1.0,0.0004855048308366717,0.0030680906493216753
1,0,1.0,0.999834857607463,0.9976730942726135
0,0,1.0,0.00871580616212087,0.020259452983736992
1,0,1.0,0.9972817719038041,0.9977487921714783
0,0,1.0,0.04507664857051547,0.005798385478556156
1,0,1.0,0.9993444021285373,0.9950123429298401
0,0,1.0,0.0011335453179351243,0.0017640892183408141
0,0,1.0,0.002997177315526494,0.0054679750464856625
1,0,1.0,0.8867323572076783,0.9758619666099548
0,0,1.0,0.006229567953208506,0.012029693461954594
0,0,1.0,0.0005325249986106464,0.004600949119776487
0,0,1.0,0.002546634495226765,0.003844908205792308
0,0,1.0,0.007901907513535335,0.005916591268032789
0,0,1.0,0.0029118621829057967,0.006002753507345915
1,0,1.0,0.9965918185982329,0.9958720803260803
1,0,1.0,0.9684906021660578,0.9914447665214539
0,0,1.0,0.02308538506773223,0.002053796546533704
0,0,1.0,4.159124924650108e-05,0.003951186314225197
1,0,1.0,0.9973155538045042,0.9960129261016846
0,0,1.0,0.001987977515602928,0.005479799117892981
0,0,1.0,0.0029207296970296085,0.003873326350003481
0,0,1.0,0.0015164141857016698,0.0023769428953528404
0,0,1.0,0.002514609357626985,0.004764818586409092
0,0,1.0,0.0951835717436839,0.010710371658205986
0,0,1.0,0.0013882825906911575,0.007571090012788773
0,0,1.0,0.0002117989312608193,0.0018400020198896527
0,0,1.0,0.0017101700155757078,0.0037697129882872105
0,0,1.0,0.0008065925941452619,0.004249606281518936
1,0,1.0,0.9998333094446713,0.9957159161567688
0,0,1.0,0.0007253015722626765,0.0020762227941304445
0,0,1.0,0.0007895647587209838,0.0055536688305437565
1,0,1.0,0.7123049010982202,0.9515171051025391
0,0,1.0,0.0007276587649962645,0.004238142631947994
0,0,1.0,0.004896872426384985,0.0046271937899291515
0,0,1.0,0.041479780125007124,0.03536279499530792
0,0,1.0,0.001161051366705854,0.004641284234821796
0,0,1.0,0.00737001940992768,0.00903382245451212
0,0,1.0,0.0012140967700020927,0.003136072773486376
0,0,1.0,0.001463798146589295,0.003197646699845791
1,0,1.0,0.9676007661094572,0.9928541779518127
1,0,1.0,0.9959529789226558,0.9924896359443665
0,0,1.0,0.006359859271136942,0.005416737869381905
1,0,1.0,0.8918080402935111,0.9862111210823059
1,0,1.0,0.999350557427613,0.995337724685669
0,0,1.0,0.00048420947197533277,0.006538208574056625
0,0,1.0,0.004710242896614524,0.007217273116111755
0,0,1.0,0.006865914132935024,0.05023299902677536
0,0,1.0,0.0006299107475629088,0.004016871098428965
0,0,1.0,0.0008734472568691303,0.018843485042452812
0,0,1.0,0.0003236027065213885,0.0018272766610607505
0,0,1.0,0.005435727438437561,0.008752534165978432
0,0,1.0,0.0004233899867893129,0.004008396528661251
0,0,1.0,0.0013956135855222422,0.007108163088560104
0,0,1.0,0.057814088712932615,0.008031819015741348
0,0,1.0,0.006178039513169816,0.005187901668250561
1,0,1.0,0.9993174240840117,0.9962586164474487
0,0,1.0,0.001428814470468027,0.001788141904398799
0,0,1.0,0.0011682687407593897,0.0018089826917275786
0,0,1.0,0.0003622827712578392,0.00548807717859745
1,0,1.0,0.9984235141056143,0.9975887537002563
0,0,1.0,0.002144267326306783,0.0036152300890535116
0,0,1.0,0.001070903469771608,0.0020516111981123686
0,0,1.0,0.005285859384293861,0.001962068723514676
1,0,1.0,0.9999472889118944,0.9961095452308655
1,0,1.0,0.44741148029647476,0.9391757845878601
0,0,1.0,0.022784637671245816,0.0071786148473620415
0,0,1.0,0.0011242042619061163,0.003974498249590397
0,0,1.0,0.001494729411863806,0.006505690049380064
1,0,1.0,0.9916547969921717,0.9927307963371277
0,0,1.0,0.0005863849645118516,0.004820169415324926
0,0,1.0,0.0019950454532202603,0.005690370220690966
0,0,1.0,0.07620650614206025,0.012455581687390804
1,0,1.0,0.9967423026637708,0.995647132396698
1,0,1.0,0.9997309389707518,0.9936419129371643
0,0,1.0,0.001486459737676362,0.00549359479919076
1,0,1.0,0.8265905687105879,0.9613354206085205
0,0,1.0,0.0012592949917788728,0.0030427840538322926
0,0,1.0,0.0012028351688666069,0.004593139514327049
0,0,1.0,0.0006794482467025315,0.003035558620467782
1,0,1.0,0.9890502799419224,0.9880275726318359
0,0,1.0,0.00042597974155589606,0.003101394744589925
0,0,1.0,0.04359239495118673,0.08362293988466263
0,0,1.0,0.001580494925031257,0.004617691971361637
0,0,1.0,0.06534860410378056,0.006194405257701874
1,0,1.0,0.8582452728455371,0.9967054724693298
0,0,1.0,0.0007137901887301445,0.003181090811267495
0,0,1.0,0.0068003276191670025,0.009942115284502506
1,0,1.0,0.7454411048170693,0.9935708045959473
0,0,1.0,0.00862637196595824,0.010667200200259686
1,0,1.0,0.9996065637921046,0.9960747957229614
1,0,1.0,0.9937349087358129,0.7937463521957397
0,0,1.0,0.005236937928821865,0.003687027608975768
1,0,1.0,0.9987190268698931,0.9977160692214966
0,0,1.0,0.004956337011973484,0.445417195558548
0,0,1.0,0.0024720835698120495,0.011755675077438354
0,0,1.0,0.31835276386992123,0.9832403063774109
0,0,1.0,0.02927724338748999,0.004736658651381731
0,0,1.0,0.0005462575090247981,0.0057698749005794525
0,0,1.0,0.001599619109370523,0.0038752323016524315
0,0,1.0,0.00435555348936646,0.0030673148576170206
0,0,1.0,0.002140596891367861,0.0053635151125490665
0,0,1.0,0.0013236735415999724,0.003040671581402421
0,0,1.0,0.002121426125693161,0.0033152985852211714
1,0,1.0,0.9870545258605763,0.9976346492767334
0,0,1.0,0.005811107565127913,0.0030706236138939857
1,0,1.0,0.9877251326459275,0.9977384805679321
0,0,1.0,0.0006344128574162773,0.0056336079724133015
0,0,1.0,0.0012165793986974335,0.0046464307233691216
0,0,1.0,0.015515140740641649,0.010088424198329449
0,0,1.0,0.0008789904766830498,0.006414099596440792
0,0,1.0,0.040456127185692935,0.012672226876020432
0,0,1.0,0.0011715916703934543,0.004983922466635704
0,0,1.0,0.007909720610208084,0.006097603123635054
1,0,1.0,0.9855195607621777,0.9653975963592529
0,0,1.0,0.0002720196111945539,0.006181646138429642
0,0,1.0,0.00012080579107020226,0.0030670787673443556
0,0,1.0,0.01253393486320218,0.012027709744870663
0,0,1.0,0.0008183163720426187,0.0055145747028291225
1,0,1.0,0.9992467076250774,0.9953190684318542
0,0,1.0,0.004523170678135242,0.004505919758230448
0,0,1.0,0.029670959879244677,0.07078169286251068
0,0,1.0,0.017345417772126257,0.04208268225193024
0,0,1.0,0.0015829194169025018,0.0056435163132846355
0,0,1.0,0.0001317066902158577,0.0030876747332513332
1,0,1.0,0.9971758477395508,0.9960156083106995
0,0,1.0,0.0006461305307033291,0.005928907543420792
0,0,1.0,0.002995053405546771,0.0033205572981387377
0,0,1.0,0.00038956856238566025,0.005491315387189388
1,0,1.0,0.7999006835328224,0.9956789612770081
0,0,1.0,0.012350191255421122,0.0018229341367259622
0,0,1.0,0.0006744605639380574,0.001980060711503029
1,0,1.0,0.9980312203405917,0.9964113831520081
0,0,1.0,0.0005533120149548042,0.004835119470953941
0,0,1.0,0.00603227891787453,0.003912022337317467
0,0,1.0,0.001868244925203973,0.0035966241266578436
0,0,1.0,0.0009599578451836607,0.005550487898290157
0,0,1.0,0.005634075829081884,0.0017958926036953926
0,0,1.0,0.008612199428461163,0.0019346991321071982
0,0,1.0,0.0012065207885191816,0.0037359718699008226
1,0,1.0,0.9996896462302701,0.9957945346832275
0,0,1.0,0.0004882533500295607,0.0018894379027187824
0,0,1.0,0.024937950199343483,0.4516822397708893
1,0,1.0,0.29212427710422195,0.4087538421154022
0,0,1.0,0.006119742157010435,0.0018841075943782926
0,0,1.0,0.008790249193119284,0.004332682583481073
0,0,1.0,0.03516953853147087,0.002919908845797181
0,0,1.0,0.000927879215554106,0.0038565760478377342
0,0,1.0,0.0021619836708204492,0.00559976976364851
1,0,1.0,0.9995553845454626,0.9962128400802612
0,0,1.0,0.0005359668578594784,0.002986719598993659
0,0,1.0,0.005282022350917487,0.004527294542640448
0,0,1.0,0.0656005410352924,0.05897130072116852
0,0,1.0,0.014393795201052032,0.016739334911108017
0,0,1.0,0.010943598162375829,0.002029243391007185
0,0,1.0,0.005657476297957753,0.004113467410206795
1,0,1.0,0.9924232798195638,0.9961852431297302
0,0,1.0,0.0030019218324833577,0.005160288419574499
1,0,1.0,0.9344476806946853,0.9947808384895325
0,0,1.0,0.03238499234901941,0.007458567153662443
0,0,1.0,0.003152367118463946,0.018446438014507294
0,0,1.0,0.009631538728314163,0.003056630492210388
0,0,1.0,0.01017046501861059,0.0056570000015199184
0,0,1.0,0.0021958532379043215,0.005800472106784582
0,0,1.0,0.11303719896326739,0.007691916078329086
0,0,1.0,0.0006086822307065107,0.0048596216365695
1,0,1.0,0.8420422819230025,0.9861946105957031
0,0,1.0,0.03766648004356354,0.04488241299986839
0,0,1.0,0.0028035158271556278,0.006741673685610294
0,0,1.0,0.0020529976649989656,0.004567782860249281
0,0,1.0,0.012506904219725183,0.0067076170817017555
0,0,1.0,0.0006606893378688919,0.003215900156646967
0,0,1.0,0.004629781907915041,0.0020069077145308256
0,0,1.0,0.0004475186671191154,0.003946073818951845
1,0,1.0,0.9997752166602156,0.9921916127204895
0,0,1.0,0.004885959093668593,0.023722931742668152
1,0,1.0,0.881390978424869,0.8072160482406616
0,0,1.0,0.0007091556133319524,0.0032687480561435223
0,0,1.0,0.0030425486556091203,0.001883282675407827
1,0,1.0,0.9993599217918583,0.9958723187446594
1,0,1.0,0.9999022022689408,0.993519127368927
0,0,1.0,0.0003030272833224628,0.0038580417167395353
0,0,1.0,0.005166947654633744,0.0036891777999699116
0,0,1.0,0.054563284616076436,0.002144467318430543
1,0,1.0,0.9844473883632013,0.9946160912513733
0,0,1.0,0.0013645962255874394,0.005695077124983072
0,0,1.0,0.01912395600928374,0.003791102906689048
1,0,1.0,0.9976694674184465,0.9922298789024353
0,0,1.0,0.0013111652754162208,0.0017645478947088122
0,0,1.0,0.004835934153394473,0.004767849575728178
0,0,1.0,0.1326509394709343,0.015785081312060356
0,0,1.0,0.001801719890868788,0.003229270689189434
0,0,1.0,0.013801726383859717,0.0069221872836351395
0,0,1.0,0.0017211829687776307,0.005656954366713762
0,0,1.0,0.004413715035894639,0.004927978850901127
0,0,1.0,0.0014760163915357026,0.021277055144309998
1,0,1.0,0.9984009370915932,0.9977656602859497
0,0,1.0,0.007090704290252923,0.014007175341248512
0,0,1.0,0.0012162201668321554,0.003996037878096104
0,0,1.0,0.1951935042039592,0.4277440309524536
0,0,1.0,0.004704172032740319,0.004032615572214127
0,0,1.0,0.000864258456298536,0.005727647338062525
0,0,1.0,0.0003492407899953322,0.0017788588302209973
0,0,1.0,0.010130323939048867,0.0033718226477503777
0,0,1.0,0.0036593885813603496,0.00504774134606123
1,0,1.0,0.9997325597488348,0.993878185749054
0,0,1.0,0.010215670548063686,0.00500359944999218
0,0,1.0,0.0038382858744489294,0.030354762449860573
0,0,1.0,0.0009574746757558202,0.0039048013277351856
0,0,1.0,0.11311761697339491,0.003395440522581339
0,0,1.0,0.002733172088959563,0.003841503756120801
0,0,1.0,0.0005488440326167076,0.001786029664799571
1,0,1.0,0.9998673850241668,0.9955257773399353
0,0,1.0,0.01749099437227444,0.0019545969553291798
0,0,1.0,0.0005820748000341735,0.0031713424250483513
0,0,1.0,0.00042028980718634594,0.005622552707791328
0,0,1.0,0.0006144792049151669,0.005589519627392292
0,0,1.0,0.0020163048099428598,0.0037954330909997225
0,0,1.0,0.07349474630189039,0.19591772556304932
1,0,1.0,0.9996862101845715,0.990574300289154
1,0,1.0,0.8832449806384916,0.9893339276313782
0,0,1.0,0.000674288791401287,0.003786101471632719
0,0,1.0,0.020184281001967317,0.0030651255510747433
0,0,1.0,0.0007183641151249184,0.0037672461476176977
0,0,1.0,0.05466739480932045,0.4669865369796753
0,0,1.0,0.0042759970548825665,0.007915700785815716
0,0,1.0,0.0008950632255779535,0.003123382804915309
0,0,1.0,0.021984094204915716,0.001955359010025859
0,0,1.0,0.0017644853666182968,0.005909791681915522
0,0,1.0,9.722694197391107e-05,0.0022181409876793623
0,0,1.0,0.37471647020242754,0.03490062803030014
0,0,1.0,6.890765744227889e-05,0.0037653816398233175
0,0,1.0,0.025037292044387812,0.0022670794278383255
1,0,1.0,0.9921812063682455,0.9942969679832458
1,0,1.0,0.9951295549598717,0.9911314845085144
0,0,1.0,0.0010298073986632088,0.004701885394752026
0,0,1.0,0.0011880596931425557,0.0039064837619662285
1,0,1.0,0.9954620208245574,0.9976067543029785
0,0,1.0,0.0008240824645446723,0.005499545484781265
0,0,1.0,0.005170410538088261,0.002004311652854085
0,0,1.0,0.0017578470114165581,0.005999673157930374
1,0,1.0,0.9993940860511543,0.9976511597633362
0,0,1.0,0.0006439607104425586,0.004768352024257183
1,0,1.0,0.9970660215891307,0.9950826168060303
1,0,1.0,0.9233609944381245,0.9163489937782288
0,0,1.0,0.8232722618127299,0.7667362689971924
1,0,1.0,0.9661142831363556,0.9961990714073181
0,0,1.0,0.009801382584890083,0.003454470308497548
1,0,1.0,0.22599810017892225,0.3270837068557739
1,0,1.0,0.9998758686238508,0.9960470795631409
0,0,1.0,0.02351502617517885,0.009985649026930332
1,0,1.0,0.45457825320900097,0.5984405279159546
1,0,1.0,0.9989978090069285,0.9961645603179932
1,0,1.0,0.9997654366218806,0.9958860278129578
0,0,1.0,0.013636249982673026,0.11149849742650986
0,0,1.0,0.0005160864471439689,0.009460647590458393
0,0,1.0,0.004179848478167283,0.018777690827846527
0,0,1.0,0.0066091019273523,0.006260918453335762
0,0,1.0,0.0034910635643980933,0.00578385079279542
0,0,1.0,0.005331115043249502,0.004038227256387472
0,0,1.0,0.0007109017164498711,0.003924271557480097
0,0,1.0,0.07974813891041647,0.04411643370985985
1,0,1.0,0.9993892457703826,0.9939363598823547
0,0,1.0,0.0004157738179401468,0.005882239434868097
0,0,1.0,0.0029953028144200466,0.0049154008738696575
0,0,1.0,0.00218942241899293,0.0031424383632838726
0,0,1.0,0.07815492129994385,0.001906679943203926
0,0,1.0,0.0010173946995918801,0.0046785129234194756
0,0,1.0,0.005765033953338698,0.004934359807521105
0,0,1.0,0.00029832908389964,0.00566467409953475
1,0,1.0,0.9030732015250483,0.9741188883781433
1,0,1.0,0.892361166050642,0.8889007568359375
0,0,1.0,0.00547451006653686,0.003766617737710476
0,0,1.0,0.024939748498743478,0.02486003376543522
0,0,1.0,0.008548693265499688,0.002059666672721505
0,0,1.0,0.0007934460770777014,0.0019214546773582697
0,0,1.0,0.00046898588294444986,0.003039156785234809
0,0,1.0,0.005968861609785696,0.003298768773674965
0,0,1.0,0.0013809840682068842,0.00584369944408536
0,0,1.0,0.0003525640527624237,0.005797703750431538
1,0,1.0,0.9996414535082783,0.9977197051048279
0,0,1.0,0.00040202808505141255,0.0019913276191800833
0,0,1.0,0.0016116226499651033,0.0031761154532432556
0,0,1.0,0.00938998277978372,0.005440440494567156
0,0,1.0,0.006526467724408642,0.00363927218131721
0,0,1.0,0.00012700598404531748,0.00470938952639699
1,0,1.0,0.9973844090358147,0.995790958404541
0,0,1.0,0.0015131762395835914,0.006037060637027025
1,0,1.0,0.9923068433364824,0.9927669763565063
0,0,1.0,0.01605748223637831,0.005612138193100691
1,0,1.0,0.9994496380165832,0.9977465271949768
1,0,1.0,0.9898030965666507,0.9975830316543579
0,0,1.0,0.06339391372541642,0.0018890443025156856
1,0,1.0,0.999761990447394,0.997514009475708
0,0,1.0,0.0011086675445118365,0.0018397935200482607
0,0,1.0,0.01113726699616116,0.07775748521089554
1,0,1.0,0.9999214780562344,0.996351957321167
0,0,1.0,0.002489986571865606,0.0018090965459123254
0,0,1.0,0.0020769328735700215,0.00549250328913331
0,0,1.0,0.01504287588658998,0.006633843760937452
0,0,1.0,0.0008756400213339122,0.0038306014612317085
1,0,1.0,0.9982240459092724,0.9963042736053467
0,0,1.0,0.42701214291474604,0.9234389662742615
0,0,1.0,0.0032198183890319613,0.0019353514071553946
1,0,1.0,0.9990392617317186,0.9962584972381592
0,0,1.0,0.0023933848389166732,0.005674624815583229
0,0,1.0,0.0029104737789827,0.004495555534958839
0,0,1.0,0.004153517267201609,0.005208631977438927
1,0,1.0,0.9992077503544812,0.9976518750190735
0,0,1.0,0.0022885659116742823,0.005800367798656225
1,0,1.0,0.9978891978212908,0.9943665862083435
0,0,1.0,0.00021412279543097835,0.003431177232414484
0,0,1.0,0.0001488791302643221,0.004738174378871918
1,0,1.0,0.38707475810154257,0.994617760181427
0,0,1.0,0.0004077974694100428,0.00465350179001689
1,0,1.0,0.9972228193510019,0.9926791191101074
0,0,1.0,0.0052859212225743,0.004716456867754459
1,0,1.0,0.9996735582984527,0.9943548440933228
0,0,1.0,0.0002494752383932246,0.004847978241741657
0,0,1.0,0.00201652708759281,0.001783328247256577
0,0,1.0,0.0004348943888315589,0.005728261079639196
0,0,1.0,0.001560366880222662,0.020868372172117233
1,0,1.0,0.9925232250217338,0.9977115392684937
0,0,1.0,0.00023654607190488054,0.0019080251222476363
0,0,1.0,0.015842992587150346,0.00492083141580224
0,0,1.0,0.00699395505303946,0.006455894093960524
1,0,1.0,0.9997785551499278,0.9965009689331055
0,0,1.0,0.0012583757001090874,0.0038079472724348307
1,0,1.0,0.9975073255743778,0.9937347769737244
1,0,1.0,0.9961269445807865,0.9958503246307373
0,0,1.0,0.0027638369302884595,0.004581129644066095
0,0,1.0,0.007613697394942569,0.005948321893811226
0,0,1.0,0.000220971256261158,0.00313168135471642
1,0,1.0,0.999188225569012,0.9977487921714783
1,0,1.0,0.9932864752347617,0.9888627529144287
0,0,1.0,0.00032394571674339236,0.0019871832337230444
0,0,1.0,0.6898572871547546,0.07654041796922684
0,0,1.0,0.01716002652246638,0.00965437013655901
0,0,1.0,0.002380058191194133,0.011366707272827625
0,0,1.0,0.004771932893154443,0.003151057055220008
1,0,1.0,0.9925534075630154,0.9306438565254211
1,0,1.0,0.9990265081255553,0.9939939379692078
1,0,1.0,0.8465799475309074,0.9936386942863464
1,0,1.0,0.9997683113024401,0.99619460105896
1,0,1.0,0.9934752649582073,0.992366373538971
1,0,1.0,0.9994592299099725,0.986349880695343
1,0,1.0,0.9921148899088695,0.996081531047821
0,0,1.0,0.000832561582354153,0.00455336831510067
0,0,1.0,0.041010196320559945,0.001876506139524281
0,0,1.0,0.01600484047691392,0.007660817354917526
0,0,1.0,0.0017265847884592987,0.003066257806494832
1,0,1.0,0.9997447993640097,0.9932152032852173
0,0,1.0,0.00043806616818272326,0.0055571142584085464
0,0,1.0,0.09294881875590832,0.00453472975641489
1,0,1.0,0.9847154520056445,0.9884788393974304
1,0,1.0,0.5091040779257504,0.9916261434555054
1,0,1.0,0.978230981984563,0.9964009523391724
0,0,1.0,0.008398382071775113,0.022700516507029533
0,0,1.0,0.0724627610937425,0.027189020067453384
0,0,1.0,0.02688146211421499,0.015234372578561306
1,0,1.0,0.09591543246629407,0.037276074290275574
0,0,1.0,0.008001406370281336,0.010985606350004673
1,0,1.0,0.9956384833689248,0.9500596523284912
1,0,1.0,0.9899671525126558,0.9704861044883728
0,0,1.0,0.000755886297771828,0.004069414455443621
0,0,1.0,0.0033624557454383203,0.0049253725446760654
1,0,1.0,0.9789510082098808,0.995728075504303
0,0,1.0,0.01239704642395034,0.005205758847296238
0,0,1.0,0.0012183978739590327,0.00304949888959527
1,0,1.0,0.989740109247546,0.9974212646484375
0,0,1.0,0.0019794356289241245,0.003164655063301325
1,0,1.0,0.99923285237171,0.9963209629058838
0,0,1.0,0.0006761392089080218,0.003879151539877057
0,0,1.0,0.005611359838393896,0.007634580135345459
1,0,1.0,0.9953590855783595,0.993842601776123
0,0,1.0,0.037047974615137265,0.09251604974269867
0,0,1.0,0.0002103287729007518,0.003738965606316924
0,0,1.0,0.03464437503329797,0.0017818926135078073
0,0,1.0,0.01808093095440129,0.004717323929071426
1,0,1.0,0.9971623640603317,0.9941655397415161
1,0,1.0,0.9995535508011058,0.9949226975440979
0,0,1.0,0.0032397095988224316,0.004623011685907841
0,0,1.0,0.0006998144232812406,0.0032122584525495768
1,0,1.0,0.8648813485277858,0.7786362171173096
0,0,1.0,0.02073513237906957,0.00524359755218029
0,0,1.0,0.02794400662184413,0.01992465741932392
0,0,1.0,0.12320352229016404,0.672432005405426
0,0,1.0,0.0023701724542260724,0.0038871653378009796
0,0,1.0,0.018265144801287856,0.0038260698784142733
0,0,1.0,0.0019265333569082116,0.0031621952075511217
0,0,1.0,0.006904247070604761,0.004506463184952736
1,0,1.0,0.9994715741865936,0.9970580339431763
0,0,1.0,0.009619466438392035,0.0030383290722966194
0,0,1.0,0.0018517039187297842,0.005648908205330372
1,0,1.0,0.999966962491662,0.9961233735084534
0,0,1.0,0.001381087858781323,0.0018782253609970212
0,0,1.0,0.00980390500518612,0.008502563461661339
0,0,1.0,0.001060091438816071,0.0050406125374138355
0,0,1.0,0.03461037841774224,0.014156932011246681
1,0,1.0,0.9731925928993836,0.9684120416641235
1,0,1.0,0.9988682620263837,0.9957078695297241
0,0,1.0,0.01575919995167729,0.0037626135163009167
1,0,1.0,0.5157471936822733,0.10863501578569412
0,0,1.0,0.0003330480548811277,0.005747291725128889
0,0,1.0,0.0062896143365119015,0.0052552009001374245
0,0,1.0,0.0026034014799457606,0.002190982224419713
0,0,1.0,0.00014068721591597972,0.00396075751632452
0,0,1.0,0.014720668667653945,0.006845417898148298
1,0,1.0,0.9875993623613514,0.9972641468048096
0,0,1.0,0.002048629997876437,0.0030570870731025934
0,0,1.0,0.012166433631597265,0.004377665929496288
1,0,1.0,0.7078634098372552,0.9974564909934998
0,0,1.0,0.9803492728879921,0.8760148882865906
0,0,1.0,0.009040139605344178,0.006319153122603893
0,0,1.0,0.0066554680835644265,0.028901012614369392
0,0,1.0,0.05235999855322992,0.0020243553444743156
0,0,1.0,0.01070845965181808,0.008031454868614674
0,0,1.0,3.2329408563814855e-05,0.0031150763388723135
1,0,1.0,0.8530671570934998,0.9751747250556946
0,0,1.0,0.008335496574165088,0.0035774882417172194
0,0,1.0,0.0008139973941456755,0.0046998062171041965
0,0,1.0,0.003327691280326791,0.006857361178845167
0,0,1.0,0.03602855330842607,0.005103574600070715
1,0,1.0,0.9990346526832308,0.9950350522994995
0,0,1.0,0.0017136557941846654,0.002146682469174266
1,0,1.0,0.9974277152049186,0.9452062249183655
0,0,1.0,0.015065088885804219,0.0018226730171591043
1,0,1.0,0.8831966360920505,0.8257099390029907
0,0,1.0,0.0002469218689546745,0.00302497623488307
0,0,1.0,0.008973874854705391,0.00504108052700758
1,0,1.0,0.9999094841498212,0.9962922930717468
0,0,1.0,0.020096826123572675,0.012721815146505833
0,0,1.0,0.012076265084415606,0.00525685166940093
0,0,1.0,0.005351288183453659,0.012564972043037415
1,0,1.0,0.9997946700641023,0.9959663152694702
0,0,1.0,0.19915884267506725,0.008916101418435574
0,0,1.0,0.06934919745764317,0.03384776785969734
0,0,1.0,0.0250614092394392,0.0031121771316975355
0,0,1.0,0.00943002847694939,0.013630031608045101
0,0,1.0,0.09002501343154196,0.006642949767410755
1,0,1.0,0.9946655888011877,0.9515235424041748
0,0,1.0,0.0019472558795549072,0.0018965010531246662
1,0,1.0,0.9950385730567605,0.9930588006973267
0,0,1.0,7.607036925193e-05,0.004888253286480904
0,0,1.0,0.0010742906165578277,0.0037822613958269358
1,0,1.0,0.9996509807799727,0.995790958404541
0,0,1.0,0.0011090944739050943,0.007277307100594044
0,0,1.0,0.0003224419691072216,0.004075700882822275
0,0,1.0,0.00023857980793239063,0.004752253647893667
0,0,1.0,0.0018200373161069633,0.0017710387473925948
0,0,1.0,0.04098699902199613,0.007914712652564049
0,0,1.0,0.0030848299388616046,0.23604503273963928
1,0,1.0,0.9941743614786429,0.994860827922821
0,0,1.0,0.005957704325517248,0.0017707371152937412
0,0,1.0,0.15936135864961828,0.0037778890691697598
0,0,1.0,0.0010090324761639344,0.003007405437529087
0,0,1.0,0.012513309827994226,0.0019807391799986362
1,0,1.0,0.9935772769923256,0.9975814819335938
0,0,1.0,0.0030116353547953445,0.0037868928629904985
0,0,1.0,0.02011320948057678,0.04047800973057747
1,0,1.0,0.9966892688433495,0.9963362216949463
0,0,1.0,0.006311066433429632,0.00631747068837285
0,0,1.0,0.022608802478413143,0.006101337727159262
0,0,1.0,0.009227583326969864,0.005717933643609285
0,0,1.0,0.0013747817677209663,0.004603646695613861
0,0,1.0,0.0007658139975231061,0.004401928745210171
1,0,1.0,0.926641429823882,0.9944291114807129
0,0,1.0,0.0046080381146400414,0.0018949673976749182
1,0,1.0,0.9994158186943665,0.9977182149887085
0,0,1.0,0.008066794248814813,0.005620833486318588
0,0,1.0,0.5565565443099505,0.01928279735147953
1,0,1.0,0.9941483090312752,0.9961975812911987
0,0,1.0,0.0017946474550421215,0.013376560062170029
1,0,1.0,0.9993221769845195,0.995980978012085
1,0,1.0,0.9902395254673816,0.9895274639129639
1,0,1.0,0.9944465342352257,0.9963129162788391
0,0,1.0,0.0006654116307299433,0.003068768884986639
0,0,1.0,0.026782145956694973,0.04281681030988693
1,0,1.0,0.8638182532638627,0.8691949844360352
0,0,1.0,0.08040464500188017,0.007000678684562445
0,0,1.0,0.000926870612526507,0.004217388108372688
1,0,1.0,0.995678775221746,0.9934234619140625
1,0,1.0,0.7814576016031278,0.13208258152008057
0,0,1.0,0.35675263657335576,0.16772249341011047
1,0,1.0,0.999907220274173,0.9976050853729248
1,0,1.0,0.9171635083598598,0.9457581639289856
0,0,1.0,0.000589854681560576,0.003848370863124728
0,0,1.0,0.003331435216383674,0.004774401895701885
0,0,1.0,0.0014050070443834056,0.005744186695665121
1,0,1.0,0.8817207796155442,0.9233484864234924
0,0,1.0,0.0004928377544430097,0.005781199783086777
0,0,1.0,0.00017071045654673816,0.0038857068866491318
0,0,1.0,0.0004682727965374542,0.0039227306842803955
1,0,1.0,0.9998939841435627,0.9957842230796814
0,0,1.0,0.003285043589061319,0.009549588896334171
0,0,1.0,0.0012826646725994113,0.0018326418939977884
1,0,1.0,0.9998228677052049,0.9961942434310913
0,0,1.0,3.6802724736489494e-05,0.0031651740428060293
0,0,1.0,0.012469320662743701,0.19009608030319214
1,0,1.0,0.9894453078902462,0.8804939985275269
1,0,1.0,0.9994819115454471,0.9948675632476807
0,0,1.0,0.004674183603262794,0.0037235335912555456
1,0,1.0,0.9950331724039896,0.9939875602722168
1,0,1.0,0.9933229272344771,0.995907187461853
0,0,1.0,0.004874367772392457,0.0018329524900764227
1,0,1.0,0.9999825450582174,0.9957570433616638
0,0,1.0,0.004421219853780619,0.003846303792670369
0,0,1.0,0.0017662309448855074,0.0019549094140529633
1,0,1.0,0.9980598889462616,0.9976784586906433
0,0,1.0,0.009490475816770132,0.0020395207684487104
0,0,1.0,0.0011825178665598182,0.0019661777187138796
1,0,1.0,0.9976002126181882,0.9954198598861694
0,0,1.0,0.00017037533306934867,0.0031246154103428125
1,0,1.0,0.8918836961801382,0.7267415523529053
1,0,1.0,0.9914886237690785,0.9943743944168091
1,0,1.0,0.9981651925542773,0.9972875118255615
0,0,1.0,0.0001656917327001957,0.003930367529392242
0,0,1.0,0.003383354170442977,0.006895594764500856
0,0,1.0,0.012039814690493554,0.00384292914532125
0,0,1.0,0.001038733689192602,0.005918838549405336
0,0,1.0,0.004017133021810174,0.00564646115526557
0,0,1.0,0.0013074070484164015,0.0018144740024581552
0,0,1.0,0.0034746995745665865,0.0030942216981202364
0,0,1.0,0.10292509883281163,0.01095504965633154
0,0,1.0,0.00021356094702231992,0.004470981191843748
1,0,1.0,0.9976443476264351,0.9963371753692627
0,0,1.0,0.0002593862760438769,0.004659137222915888
1,0,1.0,0.9986034269599248,0.9829815030097961
0,0,1.0,0.00040261155725177477,0.005679459311068058
0,0,1.0,0.015469739500462846,0.005997051950544119
0,0,1.0,0.006097185323964622,0.006916586775332689
0,0,1.0,0.0004799175318739049,0.005605566781014204
1,0,1.0,0.998705697102043,0.9961106181144714
1,0,1.0,0.8092923125868726,0.9183759689331055
1,0,1.0,0.9890576013319559,0.9959016442298889
1,0,1.0,0.9956638471687052,0.9933912754058838
0,0,1.0,0.026056891582882945,0.0209545586258173
1,0,1.0,0.9783818126200566,0.9941788911819458
0,0,1.0,0.023999326263525078,0.00516545632854104
0,0,1.0,0.0025312681050560005,0.005701088346540928
0,0,1.0,0.0019956670375790094,0.003177027450874448
0,0,1.0,0.04026035534918533,0.018444426357746124
0,0,1.0,0.0024736510333489897,0.0019668915774673223
1,0,1.0,0.9353815665409574,0.912662923336029
0,0,1.0,0.0035063496503396157,0.003019680269062519
1,0,1.0,0.9965351640524747,0.9963255524635315
0,0,1.0,0.005339605768598484,0.04577786475419998
1,0,1.0,0.9995379225953168,0.996121346950531
0,0,1.0,0.020036932623015667,0.036996837705373764
0,0,1.0,0.004802778026472556,0.0055471621453762054
1,0,1.0,0.99113727937289,0.9872332811355591
0,0,1.0,0.000466133138317147,0.001963876187801361
0,0,1.0,0.01632827600402022,0.00849683303385973
1,0,1.0,0.9995604634592065,0.9974877834320068
1,0,1.0,0.9987509124537313,0.8762394189834595
1,0,1.0,0.9945274419352188,0.995576024055481
0,0,1.0,0.00045967645634304626,0.003038509516045451
1,0,1.0,0.8542075927797039,0.7028867602348328
0,0,1.0,0.03360684782511586,0.012604630552232265
0,0,1.0,0.0034293860987569956,0.0019277299288660288
0,0,1.0,0.0007544025943190058,0.0059494273737072945
0,0,1.0,0.021471946169399576,0.0049916962161660194
0,0,1.0,0.009661010904031148,0.0028217376675456762
1,0,1.0,0.6106984069619311,0.5507814884185791
0,0,1.0,0.0017250814711463709,0.005671500228345394
0,0,1.0,0.0018218995887851063,0.0037953860592097044
1,0,1.0,0.9981760458697001,0.9946953654289246
0,0,1.0,0.09400829179667342,0.0037072126287966967
0,0,1.0,0.005155742896910658,0.004628720693290234
0,0,1.0,0.00010653556646420209,0.003946898505091667
0,0,1.0,0.00023389755150772786,0.004872764460742474
0,0,1.0,0.02678683337997026,0.001821307116188109
1,0,1.0,0.9982405525730282,0.9934917092323303
0,0,1.0,0.0012512826121935366,0.010279590263962746
0,0,1.0,0.06937804693629518,0.0057688551023602486
0,0,1.0,0.002336078187561414,0.0018844697624444962
0,0,1.0,0.012821984051640872,0.0019036978483200073
1,0,1.0,0.9998129324821382,0.9964120984077454
0,0,1.0,0.03580025838055087,0.013121703639626503
1,0,1.0,0.9929680115139798,0.9915139079093933
0,0,1.0,0.025149249786319137,0.0056738718412816525
1,0,1.0,0.9989643604253715,0.9921565055847168
1,0,1.0,0.9998650739660253,0.9977017045021057
0,0,1.0,0.0013928665457996312,0.00734471483156085
0,0,1.0,0.0015741256447475585,0.004654579795897007
0,0,1.0,0.004274707479373736,0.007489568553864956
0,0,1.0,0.11109592408312748,0.008580985479056835
0,0,1.0,0.14947748145419992,0.002606273628771305
0,0,1.0,0.0007775935074921058,0.011516776867210865
0,0,1.0,0.000601585735580683,0.004331993404775858
1,0,1.0,0.9998228818688286,0.996343195438385
0,0,1.0,0.09531908971584062,0.0019343862077221274
1,0,1.0,0.9979287288750958,0.9953676462173462
0,0,1.0,0.0008864564505362144,0.0019628223963081837
1,0,1.0,0.9995539409144168,0.9977307915687561
0,0,1.0,0.000849209520435956,0.00497329980134964
0,0,1.0,0.004387031149507127,0.0034465917851775885
0,0,1.0,0.0006757163480733875,0.0037862344179302454
1,0,1.0,0.9987519332844573,0.9976739287376404
0,0,1.0,0.0034278614421657406,0.016532674431800842
0,0,1.0,0.13365005973493163,0.11898432672023773
0,0,1.0,0.000330516946444325,0.003065137192606926
0,0,1.0,0.01429314336096703,0.0019649830646812916
1,0,1.0,0.9542306696002073,0.992901086807251
0,0,1.0,0.0003809130780776994,0.004867514595389366
0,0,1.0,0.44012155371580236,0.9841389060020447
0,0,1.0,0.0007838053108952052,0.004624816123396158
0,0,1.0,0.06056908874081195,0.009618746116757393
0,0,1.0,0.6766039516867572,0.020144609734416008
0,0,1.0,0.0016722953394582218,0.005521029699593782
0,0,1.0,0.009812491637205895,0.0037867773789912462
1,0,1.0,0.9535959716567437,0.9440143704414368
0,0,1.0,0.0007355153139777269,0.003944752737879753
1,0,1.0,0.9998063585741703,0.9943094253540039
0,0,1.0,0.00022256933744800242,0.0055353352800011635
0,0,1.0,0.008010806946034173,0.023783724755048752
0,0,1.0,5.745929063433377e-05,0.0030727467965334654
0,0,1.0,0.0011127407039861574,0.0056061167269945145
1,0,1.0,0.9987004241762566,0.9975014328956604
0,0,1.0,2.771893637213686e-05,0.003746367059648037
1,0,1.0,0.9989442972427542,0.9970884919166565
0,0,1.0,0.030652247160551448,0.33904385566711426
0,0,1.0,0.001318838607843537,0.005929745268076658
1,0,1.0,0.9999717356477368,0.9942854046821594
0,0,1.0,0.021133435007077886,0.0035899165086448193
0,0,1.0,0.003453514312063695,0.005072470288723707
0,0,1.0,0.00045094749692037105,0.0068749357014894485
1,0,1.0,0.9944117901451796,0.9842984676361084
1,0,1.0,0.9964025997779768,0.991256833076477
0,0,1.0,0.0012807379519786202,0.0018215160816907883
0,0,1.0,0.0007889321189873534,0.0019106451654806733
0,0,1.0,0.0008103797067471915,0.004243579693138599
0,0,1.0,0.003335160261397442,0.0031906533986330032
1,0,1.0,0.9971049195006679,0.9977471232414246
0,0,1.0,0.0115479341994595,0.005695293191820383
0,0,1.0,0.0013403830215956182,0.014760187827050686
0,0,1.0,0.0022331829952567423,0.00458380114287138
0,0,1.0,0.036799743849678115,0.14371980726718903
0,0,1.0,0.0005580759509880792,0.004694821313023567
0,0,1.0,0.0009251621877183928,0.0018638594774529338
0,0,1.0,0.0005674078569783193,0.004574441816657782
0,0,1.0,0.00024406907156868798,0.0038280172739177942
0,0,1.0,0.005308135187587955,0.001876536407507956
0,0,1.0,0.058006915280968956,0.011591274291276932
0,0,1.0,0.0005059898242875643,0.00196061166934669
0,0,1.0,0.0005659447510956481,0.0048971474170684814
0,0,1.0,0.0006615296530604318,0.0030635229777544737
0,0,1.0,0.0013128417622067824,0.0029934037011116743
1,0,1.0,0.9989761316385234,0.9960210919380188
0,0,1.0,0.1305690848927615,0.012886152602732182
1,0,1.0,0.999522045598984,0.9949969053268433
0,0,1.0,0.030296509839059738,0.0056173186749219894
0,0,1.0,0.0014737594901529393,0.006101557053625584
1,0,1.0,0.9983802885330915,0.9953001737594604
0,0,1.0,0.007697752181960652,0.0044543128460645676
1,0,1.0,0.999121768317567,0.9925825595855713
0,0,1.0,0.0038613086500427158,0.00459654163569212
0,0,1.0,0.0053967578025227655,0.00370474043302238
0,0,1.0,0.0007051846708650244,0.0020728970412164927
1,0,1.0,0.9982956194910589,0.9743398427963257
0,0,1.0,0.0010175533592450287,0.04173721745610237
0,0,1.0,0.020435646466163332,0.022188087925314903
0,0,1.0,0.0025179280954936807,0.002974055241793394
0,0,1.0,0.0002662006422716986,0.003003596095368266
1,0,1.0,0.9964439920039885,0.9944390058517456
0,0,1.0,0.000621418480334747,0.005677704233676195
0,0,1.0,0.006089160156145392,0.033314336091279984
0,0,1.0,0.018095479953619875,0.003195896279066801
0,0,1.0,0.0063865111212619,0.007468168158084154
0,0,1.0,0.005731186774877265,0.007395813707262278
0,0,1.0,0.0005079940623583987,0.005578140262514353
0,0,1.0,0.0012418454900309866,0.0055268374271690845
0,0,1.0,0.0011473910494975573,0.0034198493231087923
0,0,1.0,0.025505258997057335,0.003711540484800935
1,0,1.0,0.794518698911561,0.7406660318374634
1,0,1.0,0.9997564721010267,0.9957734942436218
1,0,1.0,0.9964880780470774,0.996476948261261
0,0,1.0,0.0001892988886443441,0.0037766562309116125
0,0,1.0,0.01762701024866747,0.005506583489477634
1,0,1.0,0.9995094069950949,0.9954511523246765
1,0,1.0,0.9998216163227499,0.9962006211280823
1,0,1.0,0.9994848336942097,0.9963381290435791
0,0,1.0,0.007148763294671992,0.006261179689317942
1,0,1.0,0.740893848789996,0.853001594543457
1,0,1.0,0.9998426678775975,0.9960513710975647
0,0,1.0,0.015137641883057737,0.0059016309678554535
0,0,1.0,0.014801198146143642,0.00447381567209959
0,0,1.0,0.10574790952075828,0.004270831122994423
1,0,1.0,0.9973677669340821,0.9961955547332764
0,0,1.0,0.0003137214987230929,0.005146418232470751
0,0,1.0,0.0002794938065947441,0.0019395392155274749
0,0,1.0,0.04253828200900558,0.00220624846406281
0,0,1.0,0.01413900664978907,0.00334805971942842
0,0,1.0,0.008689293092764065,0.012491898611187935
1,0,1.0,0.9956153202773074,0.9967342615127563
0,0,1.0,0.0005922581114774794,0.003816328477114439
0,0,1.0,0.0021048314983561694,0.005065091885626316
1,0,1.0,0.9984202767312794,0.9929469227790833
0,0,1.0,0.0002815179884304703,0.003738145111128688
0,0,1.0,0.002360990631191012,0.01213703490793705
0,0,1.0,0.0002491874226392957,0.004146306775510311
0,0,1.0,0.0006080455947179368,0.004588853567838669
0,0,1.0,0.0002972901365933165,0.0017845509573817253
0,0,1.0,0.009606165640982618,0.04034983366727829
0,0,1.0,0.009596950774752833,0.00919698178768158
0,0,1.0,0.10650941249344281,0.9629902243614197
0,0,1.0,0.00957595781357754,0.0031312452629208565
0,0,1.0,0.0007131657152395553,0.004676239565014839
1,0,1.0,0.9989650008260774,0.9961879849433899
0,0,1.0,6.705135852677625e-05,0.0033174625132232904
0,0,1.0,0.001283239144684275,0.003868791740387678
0,0,1.0,0.04394826158850253,0.11764463037252426
0,0,1.0,0.0007499081496847223,0.005833461415022612
0,0,1.0,0.008031595783338218,0.015945738181471825
0,0,1.0,0.001549290332261553,0.006314490456134081
0,0,1.0,0.0025290185891676063,0.004052209202200174
0,0,1.0,0.1258768168035328,0.5507286787033081
0,0,1.0,0.0022514378651956298,0.005193411838263273
0,0,1.0,0.0036503140133169742,0.003287927946075797
0,0,1.0,0.007439905870594556,0.014019271358847618
0,0,1.0,0.011881495625457823,0.003709967713803053
1,0,1.0,0.9999042906111609,0.9940392971038818
0,0,1.0,0.008789918910722007,0.003944977652281523
1,0,1.0,0.9997111279518869,0.9976186156272888
1,0,1.0,0.9808509842311716,0.9847362637519836
0,0,1.0,0.010233847402064471,0.040025826543569565
1,0,1.0,0.987983483586341,0.9876536726951599
0,0,1.0,0.0007174338548773618,0.005574934650212526
0,0,1.0,0.024561207123502567,0.010741367936134338
0,0,1.0,0.0014574600542236775,0.00587486894801259
0,0,1.0,0.0015444134450040854,0.005775962024927139
0,0,1.0,0.016752759343928923,0.014144844375550747
0,0,1.0,0.00023460743626128308,0.0059547340497374535
1,0,1.0,0.9999482024351741,0.9936349391937256
0,0,1.0,0.3562187802249579,0.0019234035862609744
0,0,1.0,0.0029323541244939736,0.005431699100881815
1,0,1.0,0.9649690207053321,0.9706773161888123
1,0,1.0,0.9532851255877851,0.9794067740440369
1,0,1.0,0.9995971776414275,0.9935420751571655
0,0,1.0,0.004880970652315459,0.0020251376554369926
0,0,1.0,0.005881725376691473,0.008773388341069221
1,0,1.0,0.9893917140877666,0.9974299073219299
0,0,1.0,0.00027564206052661794,0.0038682883605360985
0,0,1.0,0.0010968485253083531,0.0017987260362133384
1,0,1.0,0.7785141392448872,0.30358707904815674
1,0,1.0,0.9671136802489618,0.8177194595336914
0,0,1.0,0.0061204533849021255,0.005485591944307089
0,0,1.0,0.002369755971854192,0.005603482946753502
0,0,1.0,0.0008788764849050864,0.0030279774218797684
0,0,1.0,0.0005896332883977821,0.0038753061089664698
0,0,1.0,0.04697018217435304,0.008929873816668987
1,0,1.0,0.998322450724567,0.9945722222328186
1,0,1.0,0.8725158534446283,0.9944953322410583
1,0,1.0,0.9999293438991389,0.9939741492271423
0,0,1.0,0.001027289650458335,0.005958546418696642
0,0,1.0,0.011236295830472474,0.011698818765580654
0,0,1.0,0.008221622170955132,0.0020919383969157934
1,0,1.0,0.6151645374279614,0.677200436592102
1,0,1.0,0.999760890821923,0.9973803162574768
1,0,1.0,0.823972102929841,0.9875702261924744
0,0,1.0,0.0017980581922843217,0.003946647513657808
0,0,1.0,0.012596059187324727,0.006794325541704893
0,0,1.0,0.004859072067635051,0.0018301053205505013
0,0,1.0,0.002375419553707933,0.0017657350981608033
0,0,1.0,0.001363552390151228,0.004563188645988703
0,0,1.0,0.03373390568285748,0.009474215097725391
0,0,1.0,0.007536397207508563,0.01588098146021366
0,0,1.0,0.005171974142830219,0.004720920231193304
0,0,1.0,0.002505921177444502,0.006377110723406076
1,0,1.0,0.9885457715006428,0.9932937622070312
0,0,1.0,0.0047114423673613615,0.0030672186985611916
0,0,1.0,0.0010187626253016422,0.005728543736040592
0,0,1.0,0.0011443906851763199,0.006269201636314392
1,0,1.0,0.9842377827726106,0.9954735636711121
0,0,1.0,0.0024225129651051416,0.005445797462016344
0,0,1.0,0.0013813826650211358,0.0020348539110273123
1,0,1.0,0.949446935146833,0.909100353717804
1,0,1.0,0.8741191385990047,0.8007847666740417
0,0,1.0,0.00195881185225471,0.0021223793737590313
0,0,1.0,0.016147783236422426,0.008525798097252846
0,0,1.0,0.0006089115546634501,0.005769554991275072
0,0,1.0,0.012625176699928043,0.0038138926029205322
0,0,1.0,0.0033433925165416017,0.0237788837403059
1,0,1.0,0.6775206122831653,0.9149040579795837
0,0,1.0,0.0017792959759509758,0.004517818801105022
0,0,1.0,0.0006268575921462817,0.007286718115210533
0,0,1.0,0.0004735446765227688,0.005460698623210192
0,0,1.0,0.0013036914923000244,0.018657969310879707
0,0,1.0,0.001436321799149287,0.003522005630657077
0,0,1.0,0.0002494123968177438,0.00916876457631588
0,0,1.0,0.0006949826914331597,0.0030068065971136093
0,0,1.0,0.0069853786665559576,0.0031293658539652824
0,0,1.0,0.012330052979813405,0.003472279291599989
0,0,1.0,0.00015763649535716553,0.004075783770531416
0,0,1.0,0.02813529820090064,0.027189739048480988
0,0,1.0,0.000197316830178174,0.003777065547183156
0,0,1.0,0.0002025854535769462,0.005502341780811548
1,0,1.0,0.49073277198150506,0.9198060035705566
0,0,1.0,0.0007818453349459296,0.003464867128059268
0,0,1.0,0.0012831798899126784,0.0018827719613909721
1,0,1.0,0.9971575577169635,0.9904232025146484
0,0,1.0,0.00013597901934230035,0.003103177761659026
0,0,1.0,0.0006281413675849352,0.0033616949804127216
1,0,1.0,0.9589647015322845,0.9940939545631409
0,0,1.0,0.0015456067392913245,0.0037913047708570957
0,0,1.0,0.026781539590399348,0.3615036904811859
0,0,1.0,0.0039481355078864085,0.005876601208001375
0,0,1.0,0.002357556622478049,0.02206660620868206
0,0,1.0,0.005806135870105454,0.003901469288393855
0,0,1.0,0.00064308079918945,0.0038897739723324776
0,0,1.0,0.002988193191794046,0.015652233734726906
0,0,1.0,0.0021104888389263557,0.006542026065289974
0,0,1.0,0.02835255585366955,0.03582344204187393
0,0,1.0,0.0006098925636095794,0.005894294939935207
1,0,1.0,0.89932649036057,0.9839529395103455
1,0,1.0,0.9946562479888287,0.2403690367937088
0,0,1.0,0.006367319835019627,0.0018128632800653577
0,0,1.0,0.00016794633680609872,0.0056911311112344265
0,0,1.0,0.04387716342993513,0.013586948625743389
0,0,1.0,0.005779441298440816,0.02093707025051117
1,0,1.0,0.9999276708260116,0.9976922273635864
1,0,1.0,0.9487847467718377,0.9933505654335022
0,0,1.0,0.004202520469404462,0.09562725573778152
1,0,1.0,0.9954667974897532,0.9943004846572876
0,0,1.0,0.3624971013706313,0.9929268956184387
1,0,1.0,0.9981265347218191,0.997725784778595
1,0,1.0,0.9719002682028546,0.9852664470672607
0,0,1.0,0.0021931024628920044,0.003946928773075342
0,0,1.0,0.046998720970733515,0.003109850687906146
0,0,1.0,0.0017533244400166016,0.001868978957645595
0,0,1.0,0.00046951722681349564,0.0032907547429203987
0,0,1.0,0.00027227690252886214,0.003924966789782047
0,0,1.0,0.0044793505073582995,0.004629471804946661
1,0,1.0,0.9813153219823407,0.9922934770584106
0,0,1.0,0.003077449939989154,0.004193351604044437
0,0,1.0,0.0019823780393744563,0.0018931167433038354
1,0,1.0,0.7425280369854792,0.08461955189704895
0,0,1.0,0.006549336192203766,0.003159894607961178
1,0,1.0,0.9985775442332496,0.9541918635368347
0,0,1.0,0.00017339739622404914,0.0019490468548610806
0,0,1.0,0.0029572147388175454,0.15429124236106873
0,0,1.0,0.300122178757287,0.03580428287386894
0,0,1.0,0.2871305717359837,0.9799565076828003
0,0,1.0,0.033113296511921124,0.001835276372730732
0,0,1.0,0.010798631060499395,0.03710666671395302
1,0,1.0,0.9993136944855412,0.993557870388031
1,0,1.0,0.9999256759864315,0.9963552951812744
0,0,1.0,0.07428385853920703,0.10732463002204895
0,0,1.0,0.02495376932987298,0.005957653746008873
0,0,1.0,0.0025869943566064176,0.00184662698302418
0,0,1.0,0.0011632699050755123,0.0037890481762588024
0,0,1.0,0.0015580343275049236,0.003158846404403448
0,0,1.0,0.0001767251866538731,0.004292693454772234
0,0,1.0,0.0056939276804835225,0.0058966754004359245
0,0,1.0,5.263279376863514e-05,0.0020893856417387724
0,0,1.0,0.003937995101241388,0.00306299002841115
1,0,1.0,0.9938498462443364,0.997006356716156
1,0,1.0,0.9928458106301155,0.9808170795440674
0,0,1.0,0.0032484165455226584,0.006141115445643663
0,0,1.0,0.00661077875906711,0.007538053207099438
0,0,1.0,0.005554425816550914,0.03928525000810623
0,0,1.0,0.004539665967351266,0.0017991267377510667
0,0,1.0,0.0031892091973064808,0.005898034665733576
0,0,1.0,0.0013380857938295433,0.0019964571110904217
0,0,1.0,0.0020414980085708364,0.003088947618380189
1,0,1.0,0.963216736005962,0.9681858420372009
0,0,1.0,0.003796637904037149,0.0022134443279355764
0,0,1.0,0.005100708243805772,0.0031166153494268656
0,0,1.0,0.006376677720297341,0.023327074944972992
0,0,1.0,0.0012233497883101302,0.003036641050130129
1,0,1.0,0.9992121118722711,0.9975559711456299
0,0,1.0,0.003225626911167448,0.0019139816286042333
0,0,1.0,0.0013768485804567297,0.022978678345680237
0,0,1.0,0.00018224456533308725,0.0017938781529664993
1,0,1.0,0.9987376119350329,0.9962454438209534
0,0,1.0,0.005154915079397045,0.005757478065788746
0,0,1.0,0.00164322695995904,0.004759783390909433
0,0,1.0,0.155235510549758,0.48474571108818054
1,0,1.0,0.3360863189865896,0.03197192773222923
0,0,1.0,0.0004341287034905725,0.004582206252962351
0,0,1.0,0.0005925029569510852,0.003154042409732938
0,0,1.0,0.0010625250166083522,0.004828115459531546
0,0,1.0,0.02153598759385944,0.022972019389271736
0,0,1.0,0.005568444976437491,0.004746363963931799
0,0,1.0,0.10246565462450444,0.006366733927279711
0,0,1.0,0.00028679451336832663,0.003846939420327544
0,0,1.0,0.014239218193463162,0.03238251432776451
1,0,1.0,0.9993885903512547,0.9977622032165527
0,0,1.0,0.0037247465994424277,0.006624386180192232
0,0,1.0,0.0003765246282941683,0.0018854469526559114
0,0,1.0,0.00535412052957394,0.00464602280408144
0,0,1.0,0.01621568588279346,0.0045603238977491856
0,0,1.0,0.0032660500754563967,0.0062403688207268715
1,0,1.0,0.995268243317122,0.9977231621742249
0,0,1.0,0.000605273667694357,0.009707862511277199
1,0,1.0,0.9876454065189257,0.3576714098453522
0,0,1.0,0.0018823441968957558,0.0019215727224946022
1,0,1.0,0.997697912371708,0.9942796230316162
0,0,1.0,0.0014524529596109885,0.0032025547698140144
1,0,1.0,0.613835354497002,0.8830865025520325
1,0,1.0,0.9986583847295522,0.994196891784668
0,0,1.0,0.013620540881121284,0.011995889246463776
0,0,1.0,0.0007960573674880691,0.006818465888500214
1,0,1.0,0.9877217621399923,0.9938719272613525
1,0,1.0,0.9984075982371953,0.9963257908821106
0,0,1.0,0.0011241068278548794,0.0031881884206086397
1,0,1.0,0.9999558605100727,0.9938464760780334
1,0,1.0,0.9997914715748913,0.9964609742164612
0,0,1.0,0.0005622582328605593,0.0035472954623401165
0,0,1.0,0.0019008650184195717,0.003030909923836589
0,0,1.0,0.0012741456341334926,0.0040619769133627415
1,0,1.0,0.9940824348567388,0.9927086234092712
0,0,1.0,0.026470179100948336,0.009809979237616062
0,0,1.0,0.038228841455758916,0.006426351610571146
0,0,1.0,0.00576745693836398,0.006440323311835527
0,0,1.0,0.002450260215275237,0.006114737130701542
0,0,1.0,0.0010322595763291398,0.002878665691241622
0,0,1.0,0.000559464385751444,0.005467490293085575
0,0,1.0,0.06286253745539033,0.017351077869534492
1,0,1.0,0.9617408214044842,0.9929174184799194
0,0,1.0,0.0006241339664381,0.004322684369981289
1,0,1.0,0.7931730385124434,0.9360846877098083
1,0,1.0,0.9997998184073835,0.9942957758903503
0,0,1.0,0.002317429947736589,0.004227907862514257
1,0,1.0,0.7959736885549396,0.9014772176742554
1,0,1.0,0.9935131327185678,0.9926654696464539
1,0,1.0,0.9978118705003916,0.9934451580047607
1,0,1.0,0.9399375427223611,0.9975866079330444
1,0,1.0,0.9908969038239465,0.9977062940597534
1,0,1.0,0.9840172655031274,0.9924240112304688
0,0,1.0,0.0032700739761723496,0.001836632494814694
0,0,1.0,0.0022020988548984003,0.0019187680445611477
0,0,1.0,0.06467870506623513,0.0017772855935618281
0,0,1.0,0.00158527670894932,0.0018551102839410305
0,0,1.0,0.0375933578090532,0.007363632787019014
0,0,1.0,0.009573776658893321,0.005505090579390526
0,0,1.0,0.0030590259233205163,0.004674113821238279
1,0,1.0,0.9927452596798413,0.9941685199737549
0,0,1.0,0.0009249712253351673,0.03971540182828903
0,0,1.0,0.009949548709837597,0.011163330636918545
1,0,1.0,0.9996160886034009,0.9960798621177673
0,0,1.0,0.0011721214898080005,0.0020211865194141865
0,0,1.0,0.003063504566739457,0.0019979483913630247
1,0,1.0,0.9811195153962778,0.9942551255226135
0,0,1.0,0.0036436021198858384,0.0018233289010822773
1,0,1.0,0.8323666690274697,0.7799791693687439
1,0,1.0,0.9982445703680458,0.9910041093826294
1,0,1.0,0.927956872140589,0.9749022722244263
1,0,1.0,0.9998106391709285,0.9963775277137756
0,0,1.0,0.028450121257371556,0.0018357192166149616
0,0,1.0,0.002267397337825657,0.0048977467231452465
0,0,1.0,0.0011446438056665164,0.0018315153429284692
0,0,1.0,0.0035212557963594884,0.0019762066658586264
0,0,1.0,0.0004497273433621692,0.006066825240850449
0,0,1.0,0.005379676847414004,0.006810294929891825
1,0,1.0,0.9999879368785332,0.9958971738815308
1,0,1.0,0.9989361115856797,0.9939510822296143
1,0,1.0,0.9925164823674045,0.9674230813980103
0,0,1.0,0.0035643314984918693,0.007781990338116884
0,0,1.0,0.025702235098212005,0.013033389113843441
1,0,1.0,0.9623013671096737,0.992363691329956
0,0,1.0,0.0004427395173906565,0.005682805087417364
0,0,1.0,0.00011201947133945806,0.0032170803751796484
0,0,1.0,0.04792667765509502,0.006288391537964344
0,0,1.0,0.005118208996420363,0.0038705505430698395
0,0,1.0,0.0010529137787690655,0.004416807554662228
0,0,1.0,0.0004210681146866495,0.003983896691352129
0,0,1.0,0.0007643955061782716,0.005813633557409048
0,0,1.0,0.0012726239793856642,0.005601071286946535
0,0,1.0,0.06774237940265751,0.001818157033994794
0,0,1.0,0.0019350935498145259,0.006299721077084541
0,0,1.0,0.0012451991825609718,0.005602439399808645
1,0,1.0,0.9991209805380524,0.9962983727455139
0,0,1.0,0.000525161590116098,0.003005795879289508
1,0,1.0,0.9998275990405034,0.9943658113479614
0,0,1.0,0.001042154917004231,0.009788358584046364
0,0,1.0,0.00031524141147200714,0.0019053728319704533
0,0,1.0,0.18085054767895806,0.15140609443187714
1,0,1.0,0.9716866832136616,0.9655909538269043
1,0,1.0,0.6786717905487786,0.9936030507087708
1,0,1.0,0.9972965144997074,0.9951305389404297
0,0,1.0,0.0012365422670702628,0.004585589282214642
0,0,1.0,0.0004170969489902813,0.00600372115150094
1,0,1.0,0.986218945759651,0.995014488697052
0,0,1.0,0.0005498144453374436,0.0031519096810370684
0,0,1.0,0.011827753174272888,0.010976165533065796
1,0,1.0,0.9916961443965748,0.9956628680229187
0,0,1.0,0.0012636054459849483,0.0047217742539942265
1,0,1.0,0.37700425370413215,0.9362420439720154
0,0,1.0,0.002038724578387188,0.0017957892268896103
1,0,1.0,0.9978305151776666,0.9928317070007324
0,0,1.0,0.008256738251080694,0.018580563366413116
1,0,1.0,0.9999709157664459,0.994161069393158
0,0,1.0,0.0006708448371170146,0.0020902277901768684
1,0,1.0,0.9989539987955031,0.9958072900772095
0,0,1.0,0.0032476880626167676,0.005284581333398819
0,0,1.0,0.034119647300186864,0.003208705922588706
0,0,1.0,0.04487747443226724,0.001889121369458735
1,0,1.0,0.9997314726321296,0.9961792230606079
0,0,1.0,0.00037220758425109764,0.0023060718085616827
0,0,1.0,0.0028139364564623765,0.00576761644333601
1,0,1.0,0.9556625342321544,0.9872839450836182
1,0,1.0,0.9742950973653238,0.34190890192985535
0,0,1.0,0.003695974795037155,0.027411960065364838
0,0,1.0,0.023988376731498198,0.007647205609828234
0,0,1.0,0.016641366475235002,0.024016479030251503
0,0,1.0,0.004608105584548484,0.03524702787399292
1,0,1.0,0.9674305264876893,0.5770005583763123
0,0,1.0,0.00024327661453114394,0.0031451701652258635
0,0,1.0,0.0003623747074666325,0.004611427895724773
0,0,1.0,0.0005614140286212918,0.0030148904770612717
1,0,1.0,0.9994231824402784,0.9893332123756409
0,0,1.0,0.001079917660366521,0.0018790942849591374
0,0,1.0,0.002829486242990324,0.006786337587982416
1,0,1.0,0.8318294915748083,0.9559253454208374
1,0,1.0,0.9998819694291428,0.9942453503608704
0,0,1.0,0.016503900007947325,0.011299590580165386
0,0,1.0,0.013042492760807909,0.00196938868612051
0,0,1.0,0.0010683699918580898,0.005942367948591709
0,0,1.0,0.009211986357682011,0.05709851160645485
0,0,1.0,0.0001871950048262219,0.005677458830177784
1,0,1.0,0.7981665185338691,0.1093536913394928
0,0,1.0,0.04050569670715636,0.004187603481113911
0,0,1.0,0.053635477413032685,0.0019407987128943205
0,0,1.0,0.0018436026803986586,0.0017774944426491857
1,0,1.0,0.949893879346644,0.990477442741394
1,0,1.0,0.9892126380307869,0.9920702576637268
0,0,1.0,0.0009292620650193259,0.00304122781381011
0,0,1.0,0.026541749208977384,0.022840652614831924
0,0,1.0,0.0016267535142573987,0.0044708834029734135
0,0,1.0,0.00803088795347356,0.005715781822800636
0,0,1.0,0.0014059574521811094,0.004601020831614733
0,0,1.0,0.0003401792561885924,0.002997013507410884
1,0,1.0,0.9983307545355969,0.9895880222320557
1,0,1.0,0.7487801544598027,0.9466402530670166
0,0,1.0,0.0014319935245074632,0.004651105962693691
0,0,1.0,0.001230536783983139,0.006586913485080004
0,0,1.0,0.0001963226710133839,0.0056792329996824265
1,0,1.0,0.9999752944264002,0.9938057661056519
0,0,1.0,0.07967996217901858,0.06893808394670486
0,0,1.0,0.0007996645644257216,0.005572667345404625
1,0,1.0,0.5991855396868803,0.9606923460960388
0,0,1.0,0.001882280619743274,0.0018451404757797718
0,0,1.0,0.005400596945584894,0.0017925092251971364
0,0,1.0,0.00010514318112072828,0.003225832711905241
0,0,1.0,0.3320462096939503,0.016790030524134636
0,0,1.0,0.0054078918338801634,0.018462248146533966
1,0,1.0,0.9997801587715544,0.9962263107299805
0,0,1.0,0.05274159791504273,0.00424906937405467
0,0,1.0,0.0071014921227766994,0.004959302954375744
0,0,1.0,0.0006407294577191915,0.0017900654347613454
0,0,1.0,0.01474324026719035,0.004963351879268885
0,0,1.0,0.0068309036311491305,0.0053869509138166904
0,0,1.0,0.03714124593224968,0.008694887161254883
1,0,1.0,0.9979800941174594,0.9850932359695435
0,0,1.0,0.003853366792981153,0.007427539210766554
0,0,1.0,0.0060885928828719,0.003864850150421262
1,0,1.0,0.9983032568685104,0.9937267303466797
1,0,1.0,0.9935623123430051,0.9885021448135376
0,0,1.0,0.0016276848555202075,0.006155333947390318
0,0,1.0,0.0010733347951690172,0.0037379979621618986
0,0,1.0,0.00021063098554440822,0.003866451093927026
0,0,1.0,0.02354396504467447,0.013705267570912838
0,0,1.0,0.0018562817476613443,0.005197320133447647
0,0,1.0,0.009301833141460663,0.003719879314303398
0,0,1.0,0.007740864910624078,0.04333481937646866
0,0,1.0,0.0009290958655741165,0.0018878180999308825
0,0,1.0,0.04368392521235403,0.007634533103555441
0,0,1.0,0.0019029159475256105,0.0017824398819357157
0,0,1.0,0.25315959419465367,0.01948688179254532
0,0,1.0,0.00041934208712222725,0.004149952903389931
0,0,1.0,0.018380759400124565,0.011881666257977486
0,0,1.0,0.0023752448602814766,0.011480203829705715
0,0,1.0,0.008213550324630671,0.0285625159740448
1,0,1.0,0.2300752394319004,0.5316035747528076
1,0,1.0,0.99962871893434,0.9959586262702942
0,0,1.0,0.00024366954256445727,0.00373465521261096
0,0,1.0,0.007766787485447033,0.003951456397771835
0,0,1.0,0.10247366364757919,0.09704327583312988
0,0,1.0,0.019804817976693957,0.004963384475558996
1,0,1.0,0.3205632799331022,0.6801592707633972
1,0,1.0,0.9916034384403083,0.9885365962982178
0,0,1.0,0.0022568226258146734,0.02881656400859356
0,0,1.0,0.056592477409401924,0.006650865077972412
1,0,1.0,0.9952883715208158,0.9908787608146667
1,0,1.0,0.9589464632532744,0.950211226940155
1,0,1.0,0.9988471022445602,0.9958900809288025
0,0,1.0,0.005129484866880259,0.0038694499526172876
1,0,1.0,0.987278804495254,0.9888086915016174
0,0,1.0,0.00011296758182457023,0.004978945013135672
0,0,1.0,0.000912040414532427,0.003738805651664734
0,0,1.0,0.0009677085679753085,0.003066064091399312
0,0,1.0,0.0011111451997731698,0.005712904967367649
0,0,1.0,0.013142529171293566,0.004312185104936361
0,0,1.0,0.0011830665808113651,0.0057814111933112144
0,0,1.0,0.7853453043894542,0.9526718258857727
0,0,1.0,0.01277333099556952,0.004600811284035444
0,0,1.0,0.00045590497230953305,0.003962759859859943
1,0,1.0,0.9278735878320552,0.9296953082084656
1,0,1.0,0.984605805756805,0.9924909472465515
1,0,1.0,0.9996506987731002,0.996009349822998
0,0,1.0,0.005626103072599283,0.016753654927015305
0,0,1.0,0.27016935451363594,0.06331365555524826
0,0,1.0,0.00016033042695525485,0.0030984447803348303
0,0,1.0,0.0006090912385528875,0.005648758262395859
0,0,1.0,0.0035234588280828897,0.052259285002946854
0,0,1.0,0.003540391774767577,0.013690869323909283
0,0,1.0,0.005379167493484958,0.0017563424771651626
0,0,1.0,0.0032357763430683317,0.0039814491756260395
0,0,1.0,0.00419725028774951,0.007936326786875725
0,0,1.0,0.018644532897092378,0.028808562085032463
1,0,1.0,0.9984307184108631,0.9930726885795593
0,0,1.0,0.0021813225874864842,0.004060862585902214
1,0,1.0,0.9997420768318103,0.9962940812110901
0,0,1.0,0.002715345150943018,0.0060339574702084064
1,0,1.0,0.9997389656770005,0.9975976347923279
0,0,1.0,0.005938545444664916,0.0030189824756234884
0,0,1.0,0.0028821290517849186,0.0018258786294609308
0,0,1.0,0.000817225872500564,0.0018149525858461857
0,0,1.0,0.009723361177624616,0.003686731681227684
0,0,1.0,0.0002269958038473057,0.005565906409174204
0,0,1.0,0.00041170294442640097,0.001972927013412118
0,0,1.0,0.26042090486666264,0.5121004581451416
0,0,1.0,0.00037360245357639384,0.004827135242521763
1,0,1.0,0.8595736823808513,0.4395192563533783
0,0,1.0,0.24772693812022545,0.08200478553771973
1,0,1.0,0.9978106934219276,0.9817356467247009
0,0,1.0,0.017792153544811437,0.014167442917823792
0,0,1.0,0.021091567919783342,0.025181055068969727
0,0,1.0,0.002962390176273235,0.004996809642761946
0,0,1.0,0.002147061633813353,0.0029823128134012222
0,0,1.0,0.0011895865204254103,0.005714269820600748
0,0,1.0,0.00017796339940013414,0.005601389799267054
0,0,1.0,0.018746493961009296,0.005210121162235737
0,0,1.0,0.004032827518501501,0.003178962739184499
0,0,1.0,0.0075080871817424675,0.004604634363204241
0,0,1.0,0.002371697480093792,0.004768686834722757
0,0,1.0,0.0012327450976542824,0.007051931694149971
0,0,1.0,0.000819593379785765,0.004172575660049915
1,0,1.0,0.999640767157594,0.9963341951370239
0,0,1.0,0.005082671243639042,0.005532968323677778
0,0,1.0,0.00029762479815468587,0.005632515996694565
1,0,1.0,0.9416182655590652,0.9788898229598999
0,0,1.0,0.0007095539330963709,0.005540748126804829
0,0,1.0,0.09121211229799801,0.0520867258310318
0,0,1.0,0.005518061946043191,0.005186542868614197
0,0,1.0,0.000747800153968848,0.004076219163835049
0,0,1.0,0.02198333248602552,0.0021693583112210035
0,0,1.0,0.0003695375954080352,0.0018985329661518335
0,0,1.0,0.0007250197595660493,0.0038816158194094896
1,0,1.0,0.7721769134393759,0.9543299674987793
0,0,1.0,0.027810123990317362,0.0018301368691027164
0,0,1.0,0.0024018768084586193,0.0031500598415732384
0,0,1.0,0.006379657569372411,0.007283707149326801
0,0,1.0,9.43575159848219e-05,0.00458202138543129
0,0,1.0,0.0026559098897010803,0.001797029748558998
0,0,1.0,8.776806051064748e-05,0.004013974219560623
0,0,1.0,0.0006193447672645426,0.005505531094968319
0,0,1.0,0.0027905342338152327,0.02713608555495739
0,0,1.0,0.0004893063986145819,0.00316788163036108
1,0,1.0,0.9992791860177253,0.9940927624702454
0,0,1.0,0.000924210470929918,0.003830760018900037
0,0,1.0,0.001725438785382429,0.005649331491440535
0,0,1.0,0.0015146878322026569,0.007380534894764423
0,0,1.0,0.23917788180374785,0.3169061839580536
0,0,1.0,0.0010989244094671163,0.005963371600955725
0,0,1.0,0.497426073105077,0.801937460899353
0,0,1.0,0.01058703516328202,0.0036832918412983418
0,0,1.0,0.007259265802526963,0.0034876989666372538
1,0,1.0,0.9990141961688069,0.9902753829956055
0,0,1.0,0.0042713658597103125,0.006242250092327595
1,0,1.0,0.9920463367068001,0.9972696900367737
0,0,1.0,0.004910510401678519,0.005562713835388422
1,0,1.0,0.9989786133169453,0.9956713914871216
0,0,1.0,0.002418136487692425,0.027378058061003685
0,0,1.0,0.0006874816253614032,0.0038617560639977455
0,0,1.0,0.00035454702627811654,0.004561701323837042
0,0,1.0,0.00033906782677837924,0.0018448760965839028
0,0,1.0,0.010425510510825343,0.0020336746238172054
0,0,1.0,0.0011515641848576124,0.0030373716726899147
1,0,1.0,0.9997726277321405,0.9976527094841003
0,0,1.0,0.0014693126290504339,0.005777051672339439
1,0,1.0,0.9879936935142599,0.9905967712402344
0,0,1.0,0.0016749573887145344,0.007185585331171751
0,0,1.0,0.004678140404137088,0.00570635637268424
0,0,1.0,0.002581958491431699,0.0030136825516819954
0,0,1.0,0.3970517320235636,0.05446574091911316
0,0,1.0,0.002535088011833881,0.003481529653072357
0,0,1.0,7.170771464657973e-05,0.004559099208563566
0,0,1.0,0.00032616060278555946,0.0034955136943608522
0,0,1.0,0.002394079193934623,0.0017803903901949525
1,0,1.0,0.9909034983950438,0.996105968952179
0,0,1.0,0.0007745655807184127,0.003101515583693981
1,0,1.0,0.9881542276931718,0.9849510192871094
0,0,1.0,0.10176314735882601,0.8302981853485107
1,0,1.0,0.9998408326327669,0.996508777141571
1,0,1.0,0.989856333639413,0.9416928291320801
0,0,1.0,0.000375675289703152,0.005499339662492275
0,0,1.0,0.00033935324770615103,0.005918838549405336
1,0,1.0,0.9998953061862592,0.9961645603179932
0,0,1.0,0.004858418942752829,0.009909599088132381
0,0,1.0,0.15546975563220583,0.004149529151618481
0,0,1.0,0.0007632228086297084,0.001867064624093473
0,0,1.0,0.008331621817414868,0.0035373044665902853
0,0,1.0,0.001748961802568707,0.005590046755969524
0,0,1.0,0.0008219356719297953,0.001809027511626482
0,0,1.0,0.0010578548746217264,0.002110762055963278
0,0,1.0,0.0003523663477245841,0.0019029268296435475
1,0,1.0,0.998805576998091,0.9976444840431213
1,0,1.0,0.9994203516361881,0.9976931214332581
0,0,1.0,0.0002611186695381075,0.0019394635455682874
0,0,1.0,0.0017779019489061146,0.0030004449654370546
0,0,1.0,0.004816664950789123,0.010385530069470406
0,0,1.0,0.003505444570305481,0.0038050669245421886
0,0,1.0,0.0004487463937897275,0.003764035180211067
1,0,1.0,0.9998564242395644,0.996478259563446
1,0,1.0,0.6820755812765906,0.9529225826263428
0,0,1.0,0.002675029493600886,0.00567595986649394
1,0,1.0,0.866549745964852,0.8718066215515137
0,0,1.0,0.001010688456106811,0.005459890700876713
0,0,1.0,0.006129485629483167,0.005802620202302933
0,0,1.0,0.0003056599600910355,0.0020065209828317165
0,0,1.0,0.017228727251280437,0.022885845974087715
1,0,1.0,0.9959956356659526,0.9960732460021973
1,0,1.0,0.9585724550810455,0.9848909974098206
0,0,1.0,0.0002788030067884837,0.007197521161288023
0,0,1.0,0.0009174478577362123,0.0031667060684412718
0,0,1.0,0.0024529949572153482,0.003924964927136898
0,0,1.0,0.003339828133947588,0.002188754500821233
0,0,1.0,0.0007185386834607689,0.003759106621146202
0,0,1.0,0.007931044879599827,0.004180708900094032
0,0,1.0,0.00262256290342747,0.003044886514544487
0,0,1.0,0.00035486939445192523,0.0032735175918787718
0,0,1.0,0.005264612440728035,0.006136227864772081
0,0,1.0,0.00045501050494517524,0.005729988683015108
1,0,1.0,0.5339633041723146,0.8874089121818542
0,0,1.0,0.004221884486438338,0.0034591190051287413
0,0,1.0,0.0006101044529900877,0.005260652396827936
0,0,1.0,0.029290381066391875,0.004084369167685509
0,0,1.0,0.006472623228746434,0.010844268836081028
0,0,1.0,0.0018334568742718028,0.014371950179338455
0,0,1.0,0.002258286711623515,0.00665811775252223
1,0,1.0,0.9885595612774267,0.9925952553749084
0,0,1.0,0.003109287925255081,0.008715227246284485
0,0,1.0,0.004028484937234885,0.004017258528620005
0,0,1.0,0.0021407253993720285,0.0031571383588016033
1,0,1.0,0.9999447895884652,0.9942248463630676
0,0,1.0,0.0003044188971652973,0.005840600468218327
0,0,1.0,0.2896097956448613,0.029619408771395683
0,0,1.0,0.002176552604445178,0.0024235062301158905
1,0,1.0,0.825048007801887,0.9529384970664978
0,0,1.0,0.002634838464887361,0.004133971873670816
0,0,1.0,0.002924870150747561,0.0030573690310120583
0,0,1.0,0.0019352819548954154,0.0071453251875936985
0,0,1.0,0.0042872374248884995,0.0034185280092060566
0,0,1.0,0.0020172822461992897,0.0036864373832941055
0,0,1.0,0.0006234041770351392,0.0030354922637343407
1,0,1.0,0.999480049027327,0.9961754083633423
0,0,1.0,0.0001929850677742667,0.005598700139671564
0,0,1.0,0.003928844926675033,0.0031516356393694878
0,0,1.0,0.006048437864217012,0.003785375040024519
0,0,1.0,0.0013753752241285125,0.004574202932417393
1,0,1.0,0.9998239300028812,0.9941235184669495
0,0,1.0,0.0002926326175552118,0.0038547373842447996
0,0,1.0,0.0004403024681604275,0.004558437038213015
1,0,1.0,0.9936902610227833,0.9959210157394409
1,0,1.0,0.9994903425446215,0.994124710559845
0,0,1.0,0.004760442058018297,0.005235802847892046
1,0,1.0,0.2721425868937983,0.7431225180625916
1,0,1.0,0.9960485459684802,0.9785069227218628
0,0,1.0,0.002971989105527522,0.006911273580044508
1,0,1.0,0.9999901913066466,0.9959704875946045
1,0,1.0,0.9985089013639918,0.9940416216850281
1,0,1.0,0.066371905456147,0.03357163071632385
0,0,1.0,0.0006001836960734654,0.0031281523406505585
0,0,1.0,0.0005201153566391177,0.0038550852332264185
0,0,1.0,0.004415290912033121,0.0019528991542756557
0,0,1.0,0.011002241630902387,0.005464193411171436
0,0,1.0,0.0006721511974344088,0.005721975117921829
0,0,1.0,0.026508004702324478,0.003761830972507596
0,0,1.0,0.000812890844865433,0.005574884824454784
0,0,1.0,0.001892601415658739,0.004937858786433935
0,0,1.0,0.002068344201035121,0.0076337638311088085
0,0,1.0,0.01260242727740382,0.10023974627256393
0,0,1.0,0.001492320274323029,0.006573908030986786
0,0,1.0,0.036505011746593444,0.005820947233587503
0,0,1.0,0.001438404108177011,0.0018832541536539793
0,0,1.0,0.0003533821826088915,0.005024104844778776
0,0,1.0,0.0007740848044906979,0.004710194189101458
0,0,1.0,0.008315206737538518,0.004609361756592989
1,0,1.0,0.9995828504685731,0.99755859375
0,0,1.0,0.002505465241246582,0.020676389336586
0,0,1.0,0.0015472768730117545,0.004584277048707008
0,0,1.0,0.006584592825609117,0.0018595425644889474
0,0,1.0,0.0035863699691152315,0.00321610807441175
1,0,1.0,0.9999779017870114,0.9962131977081299
0,0,1.0,0.0032371476096442605,0.013578247278928757
0,0,1.0,0.013127140679719207,0.0776880607008934
0,0,1.0,0.0036459113258578376,0.001957894302904606
0,0,1.0,0.0012670948440523524,0.0055860430002212524
0,0,1.0,0.001968426018203192,0.0017953884089365602
0,0,1.0,0.7151779885980015,0.053739722818136215
0,0,1.0,0.0025303783741735817,0.023690540343523026
1,0,1.0,0.9977684083257008,0.9956406354904175
0,0,1.0,0.0007007724063264616,0.004671386443078518
1,0,1.0,0.9482240849709476,0.959822416305542
0,0,1.0,0.0028114381345686443,0.002191382460296154
0,0,1.0,0.0013746232565384458,0.004508465528488159
1,0,1.0,0.9994992248166005,0.9960863590240479
0,0,1.0,0.002339439662328651,0.0037384682800620794
1,0,1.0,0.9999564820811924,0.9942830204963684
0,0,1.0,0.000988417936462685,0.010060831904411316
1,0,1.0,0.9995771978372565,0.997689962387085
1,0,1.0,0.953009604216817,0.9759114384651184
0,0,1.0,0.0012586494314903581,0.005058296490460634
0,0,1.0,0.36925729955806563,0.048414502292871475
0,0,1.0,0.0006309872407048901,0.0047466568648815155
0,0,1.0,0.00014931154675966354,0.0018517139833420515
0,0,1.0,0.0008837411823986979,0.0018396761734038591
0,0,1.0,0.001769412032502046,0.0037507857196033
0,0,1.0,0.00021931362939011794,0.0018451826181262732
0,0,1.0,0.004231161387032366,0.097614586353302
0,0,1.0,0.0009006279767061319,0.006505191791802645
0,0,1.0,0.00017824474641703198,0.0046761417761445045
0,0,1.0,0.0010449800957095662,0.004921132232993841
0,0,1.0,0.009209435461365633,0.0038415109738707542
0,0,1.0,0.00044032624911228993,0.002995310118421912
0,0,1.0,0.0038787853809173875,0.008190803229808807
0,0,1.0,0.00027968081789167505,0.005635964684188366
1,0,1.0,0.9992429960512634,0.9961832165718079
1,0,1.0,0.990536017107395,0.9948443174362183
1,0,1.0,0.9988513265329588,0.9962537288665771
0,0,1.0,0.019910189769096778,0.045468904078006744
0,0,1.0,0.0008808081709500523,0.2193060666322708
0,0,1.0,0.08230213737689779,0.06153034418821335
0,0,1.0,0.0017211873639983164,0.0031113827135413885
0,0,1.0,0.0010975155057147837,0.0019131472799926996
0,0,1.0,0.002575813923231001,0.0031426837667822838
0,0,1.0,0.0034559675571525336,0.0019583546090871096
0,0,1.0,0.004540814620935518,0.005536976270377636
0,0,1.0,0.16615702821573655,0.6426157355308533
0,0,1.0,0.002875093567730619,0.005593639798462391
0,0,1.0,0.044290810751899584,0.00450742756947875
1,0,1.0,0.99985335257263,0.9956719875335693
1,0,1.0,0.9929725231010379,0.9684870839118958
0,0,1.0,0.0005824580861822082,0.0058288672007620335
0,0,1.0,0.001094246581828319,0.006546111311763525
0,0,1.0,0.002091242341756462,0.005583151709288359
0,0,1.0,0.0009484850390023625,0.009571362286806107
1,0,1.0,0.9936671161795024,0.9971869587898254
0,0,1.0,0.0006982658071931714,0.0018680975772440434
0,0,1.0,0.0029103661081259333,0.004585156682878733
0,0,1.0,0.0009383183388509889,0.005707963369786739
1,0,1.0,0.9677923483696755,0.9830153584480286
0,0,1.0,0.39931186294153737,0.9377197027206421
0,0,1.0,0.0036119005711807636,0.005930200684815645
0,0,1.0,0.0014485230110143972,0.0032235768157988787
0,0,1.0,0.002049997142149335,0.006846608128398657
0,0,1.0,0.0021360609319194647,0.003241703612729907
0,0,1.0,0.00032265925687028897,0.004592681769281626
0,0,1.0,0.012822605137140486,0.004833213519304991
0,0,1.0,0.00342017662555684,0.003019278170540929
0,0,1.0,0.001671260712202358,0.0018819585675373673
0,0,1.0,0.0033839138911374634,0.0018560269381850958
1,0,1.0,0.9857016755564162,0.9971108436584473
0,0,1.0,0.001003029979049154,0.00582021614536643
0,0,1.0,0.0003184512195458128,0.004691715817898512
1,0,1.0,0.9986048419945065,0.9939913153648376
0,0,1.0,0.008398753389297865,0.005990548990666866
1,0,1.0,0.9997560714109051,0.9975040555000305
0,0,1.0,0.001116906739870989,0.0043648346327245235
0,0,1.0,7.602896813089048e-05,0.0030805596616119146
1,0,1.0,0.9321720388976825,0.9934189915657043
0,0,1.0,0.00011702668965546929,0.0030775696504861116
0,0,1.0,0.0008275851565087669,0.005614115856587887
0,0,1.0,0.018963864392289358,0.005405871197581291
1,0,1.0,0.9996098558079601,0.9940729737281799
0,0,1.0,0.00251098749068566,0.010268975980579853
0,0,1.0,0.0007941333408183553,0.0031168570276349783
1,0,1.0,0.9906442390090234,0.9542441964149475
0,0,1.0,0.00019201200476437193,0.00568374851718545
0,0,1.0,0.009018309959971698,0.0034952776040881872
1,0,1.0,0.9810682107208759,0.9518879652023315
0,0,1.0,0.0008702167102870419,0.0057378909550607204
0,0,1.0,0.0010337183914860422,0.0019130726577714086
0,0,1.0,0.001748787369154731,0.0031172214075922966
0,0,1.0,0.0011418554191425178,0.003911767620593309
1,0,1.0,0.30340239730360896,0.4797137677669525
0,0,1.0,0.0026310159115478806,0.003281162353232503
0,0,1.0,0.0010515567733969777,0.005530043505132198
1,0,1.0,0.9997370700441642,0.9957860112190247
0,0,1.0,0.0017638663964003127,0.00390972476452589
0,0,1.0,0.015253930374667966,0.008296598680317402
0,0,1.0,0.001894909143868399,0.005843599792569876
0,0,1.0,0.0031954022321613496,0.0076679931953549385
0,0,1.0,0.0005497424387385914,0.006885201670229435
0,0,1.0,0.000184984056434928,0.0037871538661420345
1,0,1.0,0.9962741315188481,0.9883914589881897
0,0,1.0,0.0008934666288236449,0.003154345089569688
0,0,1.0,0.0829751050452871,0.046971723437309265
0,0,1.0,0.00010697708244507354,0.0034503163769841194
0,0,1.0,0.014544885811878199,0.0032080241944640875
0,0,1.0,0.025870263893516075,0.026250474154949188
0,0,1.0,0.008314513250687083,0.018770741298794746
0,0,1.0,0.0002482276589787173,0.0018547297222539783
0,0,1.0,0.0005345433077742699,0.0038118024822324514
1,0,1.0,0.9998367120562157,0.9960483908653259
0,0,1.0,0.0012867442016049958,0.0032160012051463127
1,0,1.0,0.9983047484834812,0.9868174195289612
1,0,1.0,0.9998363415747333,0.9958510398864746
0,0,1.0,0.001494618184609062,0.005653345491737127
0,0,1.0,0.0010290019236735126,0.0018830657936632633
0,0,1.0,0.002798440211070733,0.006768529303371906
0,0,1.0,0.042216260298289156,0.002402038313448429
0,0,1.0,0.0007909931359277641,0.0019673954229801893
0,0,1.0,0.0005043163832039106,0.0042641181498765945
0,0,1.0,0.0567392368086756,0.019884848967194557
0,0,1.0,0.0011813818292649581,0.00537379365414381
1,0,1.0,0.992405398002767,0.9977306723594666
0,0,1.0,0.0002846751398537314,0.005521540064364672
0,0,1.0,0.005202533940349832,0.006052296608686447
0,0,1.0,0.0008430577711936777,0.0037001091986894608
0,0,1.0,0.0013456510954974307,0.0046439082361757755
0,0,1.0,0.0014824049809067888,0.003643384203314781
0,0,1.0,0.0002195323824029661,0.005601150449365377
0,0,1.0,0.0029178281364737675,0.0037381185684353113
0,0,1.0,0.0001203896811655338,0.004536997061222792
1,0,1.0,0.9985418171188085,0.992361307144165
0,0,1.0,0.022745599679243972,0.012876433320343494
1,0,1.0,0.88903488007573,0.8300012946128845
0,0,1.0,0.0005906902248617761,0.001771467155776918
0,0,1.0,0.00018746561363001772,0.0037411542143672705
0,0,1.0,0.0032171875366822874,0.012433483265340328
0,0,1.0,0.36927205678628683,0.18902242183685303
0,0,1.0,0.0028241296813536552,0.003183807246387005
1,0,1.0,0.9989040976699828,0.9962389469146729
0,0,1.0,0.17015861502839044,0.031923823058605194
0,0,1.0,0.0022479553311983056,0.0038105787243694067
0,0,1.0,0.0005735806830397791,0.0032542140688747168
0,0,1.0,0.00163214389365151,0.004602681379765272
1,0,1.0,0.980011913952913,0.9874552488327026
0,0,1.0,0.001053809654071441,0.007424846291542053
0,0,1.0,0.0044396084972815365,0.005522307474166155
0,0,1.0,0.0016000760887815617,0.007305104751139879
0,0,1.0,0.0005125600847055475,0.003043109318241477
1,0,1.0,0.8490044363884439,0.997266411781311
0,0,1.0,0.002255895020363004,0.003554834285750985
0,0,1.0,0.0002370547035906314,0.0019441080512478948
1,0,1.0,0.9488913672550687,0.9904323220252991
1,0,1.0,0.9387811524894814,0.9851022958755493
1,0,1.0,0.7414459532189733,0.7193966507911682
0,0,1.0,0.0037719240993713005,0.003755902638658881
1,0,1.0,0.831241330500602,0.5242857336997986
0,0,1.0,0.0008407393254121722,0.00309883919544518
1,0,1.0,0.9992857836113448,0.9963365793228149
0,0,1.0,0.0005157112545040633,0.004099242389202118
0,0,1.0,0.00018058107774562702,0.004660831298679113
0,0,1.0,0.00692118457982603,0.004955466836690903
0,0,1.0,0.00199094865625957,0.006903694476932287
0,0,1.0,0.03201659600375627,0.01466304250061512
0,0,1.0,0.00407278620694201,0.003466426394879818
1,0,1.0,0.9563474409386009,0.9401530027389526
0,0,1.0,0.004572466137165219,0.005138523876667023
0,0,1.0,9.90782282132213e-05,0.0019805817864835262
0,0,1.0,0.014238932327293626,0.0060327015817165375
1,0,1.0,0.9987944040350111,0.9947255253791809
0,0,1.0,0.001358167129507369,0.0020472179166972637
0,0,1.0,0.25791245668401164,0.011901629157364368
0,0,1.0,0.0013909746833579905,0.00385110080242157
0,0,1.0,0.0005065398760068112,0.003137830877676606
0,0,1.0,0.0006472290760741203,0.003829721361398697
0,0,1.0,0.03256394482743381,0.056169167160987854
0,0,1.0,0.003978242886612976,0.00383774284273386
0,0,1.0,0.0013086168425831442,0.005800832528620958
1,0,1.0,0.29849236651241473,0.02825424261391163
0,0,1.0,0.1257349700963767,0.08343513309955597
0,0,1.0,0.0042105697984820565,0.0038535986095666885
0,0,1.0,0.015543042407777184,0.005055873189121485
1,0,1.0,0.9871077372099013,0.9951299428939819
0,0,1.0,0.0006996077433989686,0.0019213688792660832
0,0,1.0,0.01216864146497088,0.008906104601919651
0,0,1.0,0.2809588552505939,0.09448985755443573
1,0,1.0,0.8986297582854258,0.8556534051895142
0,0,1.0,0.0005910435420304707,0.0019789321813732386
0,0,1.0,0.014301878401987371,0.0018794047646224499
0,0,1.0,0.0012112902049582841,0.003852591849863529
0,0,1.0,0.017971652143940975,0.0019413612317293882
0,0,1.0,0.0016698339769054256,0.004634583368897438
1,0,1.0,0.9994984634564159,0.9957992434501648
1,0,1.0,0.999472324006203,0.9971250891685486
0,0,1.0,0.024509690461919205,0.006535087246447802
0,0,1.0,0.002777329904335925,0.004678188357502222
1,0,1.0,0.9999708896095043,0.995894193649292
0,0,1.0,0.0009864321247816902,0.00592298386618495
0,0,1.0,0.0010311266098034797,0.005668875761330128
0,0,1.0,0.0003829836456924582,0.0024074052926152945
0,0,1.0,0.0007780850723257256,0.003957521170377731
0,0,1.0,7.857078078500207e-05,0.005650392267853022
0,0,1.0,0.0004828400854201037,0.0032106097787618637
0,0,1.0,0.052151097456614406,0.08941507339477539
0,0,1.0,0.0057412590239118355,0.009026900865137577
1,0,1.0,0.9916873493684383,0.9716037511825562
0,0,1.0,0.0023775580525972053,0.008763201534748077
0,0,1.0,0.02769537655928518,0.01010907907038927
0,0,1.0,0.00036394205031822015,0.006839390844106674
0,0,1.0,0.6093301279641565,0.8813403248786926
0,0,1.0,0.01266280404164922,0.025564750656485558
0,0,1.0,0.0007376538163083395,0.005747278220951557
1,0,1.0,0.9472681586739089,0.9892238974571228
0,0,1.0,0.0018592227849025598,0.004604232497513294
1,0,1.0,0.9997811819371416,0.9941056966781616
0,0,1.0,0.00011166724060882624,0.005671881604939699
0,0,1.0,0.004967513969841508,0.0027704136446118355
0,0,1.0,0.012193847799407116,0.005773607641458511
0,0,1.0,0.0012972848290674994,0.004051689058542252
0,0,1.0,0.009441828763642017,0.001924515119753778
0,0,1.0,0.0007317047040547033,0.003767437068745494
0,0,1.0,0.00170958120629578,0.006509281694889069
1,0,1.0,0.9989509765757002,0.9976296424865723
1,0,1.0,0.37162090214218313,0.1589108109474182
1,0,1.0,0.9946344949689572,0.9938297867774963
0,0,1.0,0.009369235101000397,0.0051672188565135
0,0,1.0,0.002494881267097268,0.003261736361309886
1,0,1.0,0.9980602440641222,0.9903292655944824
0,0,1.0,0.006426665466694,0.007101496681571007
0,0,1.0,0.00039696961264368475,0.003766125999391079
0,0,1.0,0.009380458629127302,0.004863983951508999
0,0,1.0,0.017124218311732584,0.002279929118230939
1,0,1.0,0.9760386727015188,0.9902503490447998
0,0,1.0,0.003543350537602285,0.00550626777112484
1,0,1.0,0.9985757562561396,0.9951733946800232
0,0,1.0,0.0009628455305910999,0.0031605269759893417
0,0,1.0,0.001906996107325794,0.003149775555357337
1,0,1.0,0.6330689132277442,0.6269398331642151
0,0,1.0,0.0004284144910291404,0.0038459000643342733
0,0,1.0,0.003321425954948079,0.0056516993790864944
0,0,1.0,0.033271197022201854,0.005529453512281179
0,0,1.0,0.0003798703123585623,0.002979029668495059
0,0,1.0,0.00015105075402285117,0.003182928077876568
0,0,1.0,0.00041652197602254056,0.005971631500869989
1,0,1.0,0.9999249759524235,0.9961185455322266
1,0,1.0,0.6979880612639207,0.8960364460945129
0,0,1.0,0.005821009558495566,0.010866054333746433
0,0,1.0,0.003053309998534098,0.0761282816529274
1,0,1.0,0.5597643696830454,0.014782740734517574
0,0,1.0,0.2846725216117362,0.01793709769845009
1,0,1.0,0.9996656829517861,0.9963048696517944
1,0,1.0,0.946665557145063,0.9598910808563232
0,0,1.0,0.0006282735932495564,0.004584875423461199
0,0,1.0,0.0011198894897615525,0.005896538496017456
1,0,1.0,0.9996305032750828,0.9941609501838684
0,0,1.0,0.0015405793970767038,0.0064928908832371235
1,0,1.0,0.9999279101150997,0.9960635304450989
1,0,1.0,0.9994353286184089,0.9959912896156311
0,0,1.0,0.0021917570160517185,0.02670956589281559
0,0,1.0,0.003615558754434388,0.0034588496200740337
0,0,1.0,0.000654082999556128,0.0031434663105756044
0,0,1.0,0.0025561729505026234,0.004703691229224205
0,0,1.0,0.0037892883277753733,0.012812442146241665
0,0,1.0,0.0007299546843939078,0.0020373400766402483
0,0,1.0,0.0023876150142731404,0.006662761326879263
0,0,1.0,0.00108845449854818,0.0037834926042705774
0,0,1.0,0.00023672375112077342,0.004789229482412338
0,0,1.0,0.001287911943905333,0.010306233540177345
0,0,1.0,0.0014499277032761879,0.0018874913221225142
0,0,1.0,0.005831486976726774,0.0036305596586316824
1,0,1.0,0.9999476580817738,0.9976568222045898
0,0,1.0,0.00045251603494362707,0.005817617755383253
0,0,1.0,0.0049912315163345095,0.0031551835127174854
0,0,1.0,0.0016094539569373866,0.004601790104061365
0,0,1.0,0.0016454026114738002,0.003985556308180094
1,0,1.0,0.9955841544850157,0.9961406588554382
0,0,1.0,0.011524176262212533,0.001900877570733428
1,0,1.0,0.9985210902773034,0.9942107200622559
0,0,1.0,0.00014046178335704772,0.005638819187879562
0,0,1.0,0.02511643520154155,0.006526106037199497
0,0,1.0,0.04581061611530791,0.004751626402139664
0,0,1.0,0.0016222043990530045,0.006060861516743898
0,0,1.0,0.010560842849947467,0.00813013594597578
0,0,1.0,0.002446290959572672,0.0056039136834442616
1,0,1.0,0.9991442857860809,0.9829373955726624
0,0,1.0,0.009644576597886013,0.0027344520203769207
0,0,1.0,0.15462849522670893,0.8284621834754944
0,0,1.0,0.0018191594264503714,0.003448562929406762
0,0,1.0,0.0070963112286858915,0.005113840568810701
0,0,1.0,0.00029692496641119353,0.003868271829560399
0,0,1.0,0.0007244344949606662,0.005310635548084974
0,0,1.0,0.22860466627143716,0.002450557891279459
0,0,1.0,0.026537077496601075,0.006473903078585863
0,0,1.0,0.00045746007213087194,0.004730306100100279
1,0,1.0,0.9594237218052076,0.9955868721008301
0,0,1.0,0.0019847365774714526,0.0019183207768946886
0,0,1.0,0.001106970570605953,0.0030778166837990284
0,0,1.0,0.003738096579122698,0.007604822050780058
0,0,1.0,0.0002704542521091979,0.0056746844202280045
1,0,1.0,0.998331123566919,0.9937238097190857
1,0,1.0,0.8659533265955719,0.9420251846313477
0,0,1.0,0.0007425855930609029,0.0031210570596158504
1,0,1.0,0.9675741189348686,0.9879693984985352
0,0,1.0,0.03966438982210418,0.12341147661209106
0,0,1.0,0.0016965635476619086,0.012103309854865074
0,0,1.0,0.000746484472411201,0.002976912772282958
0,0,1.0,0.0008258805523551063,0.005923598073422909
1,0,1.0,0.999935070220094,0.9964534044265747
0,0,1.0,0.004293035138379904,0.010634063743054867
0,0,1.0,0.0007118946944710963,0.005771697498857975
0,0,1.0,0.0006341346994120094,0.005523080471903086
1,0,1.0,0.9996627341543813,0.9958683252334595
1,0,1.0,0.9847215384887774,0.9925498962402344
0,0,1.0,0.00015452604486616373,0.0045739226043224335
0,0,1.0,0.003255931717810737,0.005077434238046408
0,0,1.0,0.0028009189767574843,0.005400024354457855
0,0,1.0,0.0005634749610749818,0.0038733442779630423
0,0,1.0,0.0007832528579120757,0.001779058831743896
0,0,1.0,0.09958127410973101,0.08188343048095703
1,0,1.0,0.9998121331040106,0.9942968487739563
0,0,1.0,0.10335697896845127,0.8428487181663513
0,0,1.0,0.0005545247748038676,0.003960016183555126
0,0,1.0,0.0003804475987505007,0.0030450832564383745
1,0,1.0,0.9868863384853519,0.9976903200149536
0,0,1.0,0.0005832733940588151,0.005494335200637579
0,0,1.0,0.037455523001526186,0.011031686328351498
0,0,1.0,0.03174427928924289,0.0018368711462244391
0,0,1.0,0.001669185571543359,0.0019105722894892097
0,0,1.0,0.000378662596354893,0.004014479927718639
1,0,1.0,0.9579403981377989,0.7683814167976379
0,0,1.0,0.0010376182012013383,0.0039049996994435787
1,0,1.0,0.5204521202209643,0.7149309515953064
0,0,1.0,0.000552746983749837,0.004444379359483719
0,0,1.0,0.0021652958215429303,0.00922660157084465
1,0,1.0,0.9989249978832296,0.9975751042366028
0,0,1.0,0.0012738980508247458,0.00381382554769516
0,0,1.0,0.00044358476167733943,0.0018981518223881721
1,0,1.0,0.8788230179124263,0.9680624604225159
1,0,1.0,0.9989074210354579,0.9958553910255432
0,0,1.0,0.005961106018004549,0.01315043494105339
0,0,1.0,0.00035798502686947193,0.003210686147212982
1,0,1.0,0.9972816352376341,0.9957877993583679
0,0,1.0,0.00844338754387996,0.0018711746670305729
0,0,1.0,0.07441685568559032,0.09998909384012222
0,0,1.0,0.0002336563921379165,0.004125781822949648
0,0,1.0,0.002506422170244104,0.003849051194265485
1,0,1.0,0.4035501875003257,0.5947303175926208
1,0,1.0,0.9948745866170592,0.9788215160369873
0,0,1.0,0.03832297004970091,0.0036264359951019287
0,0,1.0,0.0018868683132101656,0.003888327395543456
0,0,1.0,0.8002676256850937,0.9314141273498535
0,0,1.0,0.00038387274242996386,0.0037488474044948816
1,0,1.0,0.9981214393535969,0.9977529644966125
0,0,1.0,0.051214423955333675,0.540440022945404
1,0,1.0,0.8111838079624328,0.9919136762619019
0,0,1.0,0.00184415488038302,0.003831347683444619
0,0,1.0,0.00030831030715499144,0.0037533766590058804
0,0,1.0,0.030137002212967737,0.3920504152774811
1,0,1.0,0.04446051247410411,0.011222993023693562
0,0,1.0,0.004040809415766902,0.0036761050578206778
0,0,1.0,0.0012038241974539178,0.006234567146748304
0,0,1.0,0.0018017437251429077,0.0037833775859326124
1,0,1.0,0.9911780564249296,0.9959808588027954
0,0,1.0,0.012180576371212677,0.0029997117817401886
0,0,1.0,0.0024534110689504183,0.006779700983315706
0,0,1.0,0.00013305241720864926,0.0045698536559939384
0,0,1.0,0.009910270020524605,0.05655669793486595
1,0,1.0,0.5429643551268815,0.8923560380935669
0,0,1.0,0.0012097799279067092,0.008452629670500755
0,0,1.0,0.000425539710158759,0.0038032690063118935
0,0,1.0,0.058255191989345596,0.00565626285970211
0,0,1.0,0.00035104801781001823,0.004378123674541712
0,0,1.0,0.0035460296288676117,0.003784263739362359
0,0,1.0,0.02064633207379491,0.003915188368409872
1,0,1.0,0.7250282286469064,0.04794415459036827
0,0,1.0,0.13404024155665953,0.005671494174748659
1,0,1.0,0.9997128219083862,0.997535228729248
0,0,1.0,0.000985815122465403,0.001803195453248918
1,0,1.0,0.9948096193381891,0.9963902831077576
0,0,1.0,0.0003606058748646917,0.0031579353380948305
0,0,1.0,0.0009202066007192154,0.003839876502752304
0,0,1.0,0.004534200790301857,0.005957549437880516
1,0,1.0,0.998107304005846,0.9958521127700806
0,0,1.0,0.0423550697591809,0.016926778480410576
1,0,1.0,0.999503192581341,0.9962459206581116
0,0,1.0,0.0005932039817950868,0.003830753033980727
0,0,1.0,0.009742550248414673,0.006905191577970982
0,0,1.0,0.0012533412793717571,0.008627672679722309
1,0,1.0,0.6146960938509366,0.9739671945571899
0,0,1.0,0.005057199244519776,0.0038849583361297846
1,0,1.0,0.9994997271164721,0.9938733577728271
1,0,1.0,0.985084755540556,0.9947945475578308
0,0,1.0,0.001453158394339717,0.004277572967112064
0,0,1.0,0.002752203983722839,0.0038205396849662066
0,0,1.0,0.0008959506050107568,0.0038479026407003403
0,0,1.0,0.05644712745994459,0.00406637042760849
0,0,1.0,0.006643542687494009,0.0019403165206313133
0,0,1.0,0.047041485914661334,0.02622976526618004
0,0,1.0,0.18760997380086183,0.26902422308921814
0,0,1.0,0.023080757045205024,0.004922713618725538
0,0,1.0,0.009174694057004655,0.005900145974010229
1,0,1.0,0.9915517606511847,0.9954712390899658
0,0,1.0,0.0005805388025963016,0.001841660588979721
0,0,1.0,0.0028928398453559015,0.0047746691852808
0,0,1.0,0.00024878757013442165,0.001778850331902504
1,0,1.0,0.9968946758665661,0.97068190574646
0,0,1.0,0.0015981944470853408,0.08060786873102188
0,0,1.0,0.007848647869953266,0.03962726891040802
0,0,1.0,0.003143616148489495,0.04386391118168831
1,0,1.0,0.9830262801381315,0.7875174880027771
0,0,1.0,0.0008859434715643446,0.005142884328961372
0,0,1.0,0.018907577470605966,0.005408161319792271
0,0,1.0,0.0002724770077204689,0.004983953200280666
0,0,1.0,0.0019261497035232983,0.0019720850978046656
1,0,1.0,0.774412723353072,0.9945427179336548
0,0,1.0,0.0011265978624679773,0.004703028127551079
0,0,1.0,0.034172319477117574,0.01202152855694294
1,0,1.0,0.9978767105493377,0.9975230097770691
0,0,1.0,0.004136859727792326,0.0019912980496883392
0,0,1.0,0.00021198193727558508,0.0034253059420734644
0,0,1.0,0.0021878085716539935,0.0017758471658453345
1,0,1.0,0.9931112611904918,0.9550577998161316
0,0,1.0,0.00018299836329031577,0.00424669124186039
0,0,1.0,0.004559462647146581,0.0031797983683645725
0,0,1.0,0.04956708163737339,0.6098687052726746
0,0,1.0,0.0025766722110113116,0.008298109285533428
0,0,1.0,0.015763822132166285,0.03691486269235611
1,0,1.0,0.9868008322702915,0.9947205781936646
0,0,1.0,0.01361379596932079,0.006573406979441643
1,0,1.0,0.9885167597028524,0.9929574728012085
0,0,1.0,0.0008847549609171515,0.003828504355624318
0,0,1.0,0.0016619826291892788,0.006359034683555365
0,0,1.0,0.032069647547657724,0.5854987502098083
0,0,1.0,0.05191728162023095,0.002382630482316017
1,0,1.0,0.998655327847907,0.9977303147315979
0,0,1.0,0.0013632157965287862,0.003228455549106002
0,0,1.0,0.0033941814689170996,0.0047806911170482635
0,0,1.0,0.00031042616010058024,0.003082985756918788
0,0,1.0,0.0010842059632548704,0.0019205159042030573
1,0,1.0,0.4403205411544279,0.9922963976860046
0,0,1.0,0.0003183305264426498,0.003857261035591364
1,0,1.0,0.8255881953743638,0.7566375136375427
0,0,1.0,0.00010639669751245806,0.004499686416238546
0,0,1.0,0.0004960814395577945,0.0046562147326767445
0,0,1.0,0.006092290378241225,0.004853901453316212
0,0,1.0,0.10082109525034409,0.005855864845216274
0,0,1.0,0.03169986559283571,0.016785332933068275
0,0,1.0,0.028701635938002092,0.019283656030893326
0,0,1.0,0.0018456046434682627,0.003977916669100523
1,0,1.0,0.9941888423361527,0.9946541786193848
0,0,1.0,0.000586471880751211,0.004550680052489042
0,0,1.0,0.0010680710399395442,0.005569681990891695
0,0,1.0,0.00024523995822603385,0.0030086066108196974
0,0,1.0,0.002391895956843071,0.004432349000126123
0,0,1.0,0.005272158326376863,0.005451616365462542
0,0,1.0,0.010649150038836304,0.003751334035769105
0,0,1.0,0.02962236686908781,0.2585231363773346
0,0,1.0,0.0006051922524380035,0.007124437019228935
1,0,1.0,0.8175039446763745,0.8024136424064636
0,0,1.0,0.001145078862701365,0.003202063264325261
0,0,1.0,0.13725464588249497,0.002193929860368371
0,0,1.0,0.00042209030963190314,0.0019994587637484074
0,0,1.0,0.0014718047645885,0.003591597080230713
1,0,1.0,0.8887990055283029,0.9738523364067078
1,0,1.0,0.9999701280461025,0.9960220456123352
0,0,1.0,0.21314418663520884,0.6829110383987427
1,0,1.0,0.979327976786096,0.9955042004585266
0,0,1.0,0.0005820818601557784,0.00464371033012867
1,0,1.0,0.9543318438103122,0.9952113032341003
1,0,1.0,0.9971652298706338,0.9929139614105225
0,0,1.0,0.002199543212034556,0.00956603791564703
0,0,1.0,0.0011893570490539265,0.006841632537543774
0,0,1.0,0.0008152289489539484,0.003078899346292019
0,0,1.0,0.0011759155928029704,0.006333197001367807
0,0,1.0,0.00016743466786181899,0.004874394740909338
0,0,1.0,0.009167344304582182,0.010677908547222614
0,0,1.0,0.0007417440955206267,0.004697870463132858
0,0,1.0,0.0096516664427184,0.0030696673784404993
1,0,1.0,0.9988239592531319,0.9955659508705139
0,0,1.0,0.0007415735230774861,0.00505676306784153
0,0,1.0,0.011664821368982099,0.005571229849010706
0,0,1.0,0.0020325997105688645,0.0039269994013011456
0,0,1.0,0.013047976833650823,0.03220229595899582
0,0,1.0,0.0003474650055329845,0.0019895723089575768
0,0,1.0,0.0007503208655772112,0.0032236699480563402
1,0,1.0,0.9997786468228012,0.9962980151176453
0,0,1.0,0.0038072971021443393,0.001984530361369252
0,0,1.0,0.005139619497264848,0.005300018936395645
1,0,1.0,0.9845086648349758,0.9872214198112488
0,0,1.0,0.007795644063117569,0.0058313156478106976
1,0,1.0,0.999935046035413,0.9939513206481934
0,0,1.0,0.004947224612386748,0.014034823514521122
0,0,1.0,0.01632087344471864,0.029945319518446922
0,0,1.0,0.005506629640736,0.01277854386717081
0,0,1.0,0.0017981073440546716,0.006208517123013735
0,0,1.0,0.0163665007016385,0.005652798339724541
1,0,1.0,0.9793923609026958,0.9974979758262634
0,0,1.0,0.000983432022348772,0.001780251506716013
0,0,1.0,0.0009333574397344204,0.005660909693688154
0,0,1.0,0.000705301628394117,0.0037835808470845222
1,0,1.0,0.9997839894315598,0.996320366859436
0,0,1.0,0.0007611019340195721,0.0020338615868240595
0,0,1.0,0.000982800221470704,0.003071274608373642
1,0,1.0,0.9998968645577396,0.9963819980621338
0,0,1.0,0.004343974751765426,0.0043511115945875645
0,0,1.0,0.0043881418251684266,0.0037613878957927227
0,0,1.0,0.001088925993631191,0.0030972296372056007
0,0,1.0,0.0006868210131926766,0.003954458981752396
0,0,1.0,0.001559253729610647,0.0056133572943508625
0,0,1.0,0.0006937573388472693,0.005552557297050953
1,0,1.0,0.9992805949881468,0.9947199821472168
0,0,1.0,0.045922127784936206,0.0063369423151016235
0,0,1.0,0.0040186255691616385,0.0033282514195889235
0,0,1.0,0.00021545530956302206,0.005962674040347338
0,0,1.0,0.0005801123128804132,0.0017982723657041788
0,0,1.0,0.8209602842942756,0.9565983414649963
0,0,1.0,0.00011186779305940285,0.004693776369094849
0,0,1.0,0.005754211400129737,0.0018086772179231048
1,0,1.0,0.9998096158146746,0.9942293167114258
1,0,1.0,0.15275530743439286,0.0018855859525501728
0,0,1.0,0.0012372512864959823,0.005010055843740702
1,0,1.0,0.8634177213114055,0.8959323167800903
0,0,1.0,0.0012462150072720067,0.003740653395652771
0,0,1.0,0.0014708876749116879,0.003274930641055107
0,0,1.0,0.0010416620695276064,0.005482271313667297
1,0,1.0,0.9987260012292366,0.9975304007530212
0,0,1.0,0.0019406459619301982,0.0049706813879311085
0,0,1.0,0.002193877048332943,0.005838466342538595
1,0,1.0,0.9996978491632238,0.9957650899887085
0,0,1.0,0.00102660315660777,0.0034330757334828377
1,0,1.0,0.9945243777064566,0.981914758682251
0,0,1.0,0.001500666929032866,0.00604630121961236
0,0,1.0,0.0005072025041390042,0.003829777706414461
0,0,1.0,0.004945261207908129,0.06850230693817139
0,0,1.0,0.0031088599875847846,0.0033111050724983215
0,0,1.0,0.0392546953181697,0.004339482169598341
1,0,1.0,0.8639703810589717,0.9926020503044128
0,0,1.0,0.0005901869196120129,0.005423266440629959
0,0,1.0,0.003612368500425702,0.0019276802195236087
0,0,1.0,0.001637654802105976,0.004638395272195339
1,0,1.0,0.9999042019448295,0.9959473013877869
0,0,1.0,0.023766383541807778,0.0030691116116940975
1,0,1.0,0.9596091887886109,0.9961289167404175
1,0,1.0,0.9623526266693766,0.9872898459434509
0,0,1.0,0.0037605786173810995,0.004049058072268963
0,0,1.0,0.0016302722713379294,0.0037993346340954304
0,0,1.0,0.007499270961327505,0.0031551490537822247
1,0,1.0,0.9996140637788966,0.9957528114318848
0,0,1.0,0.0019920556323062095,0.005696378648281097
0,0,1.0,0.00033349067173831675,0.0060380594804883
0,0,1.0,0.006693023940995177,0.010658473707735538
0,0,1.0,0.00892145251495057,0.036951031535863876
1,0,1.0,0.11554680667859245,0.08324886858463287
0,0,1.0,0.0018604618114240203,0.005655450280755758
